10:44:08.605015 TTCN-3 Main Test Component started on framework-dathe. Version: 10.1.2.
10:44:08.605099 TTCN Logger v2.2 options: TimeStampFormat:=Time; LogEntityName:=No; LogEventTypes:=No; SourceInfoFormat:=None; LogSensitiveData:=No; *.FileMask:=LOG_ALL; *.ConsoleMask:=ERROR | EXECUTOR | VERDICTOP | WARNING; LogFileSize:=0; LogFileNumber:=1; DiskFullAction:=Error
10:44:08.605480 Connected to MC.
10:44:08.606483 Executing test case TC_SEC_ITSS_SND_CAM_01_BV in module ItsSecurity_TestCases.
10:44:08.606654 Test case TC_SEC_ITSS_SND_CAM_01_BV started.
10:44:08.606686 Initializing variables, timers and ports of component type LibItsGeoNetworking_TestSystem.ItsGeoNetworking inside testcase TC_SEC_ITSS_SND_CAM_01_BV.
10:44:08.606887 Port syncSendPort was started.
10:44:08.606904 Port syncPort was started.
10:44:08.606908 Port utPort was started.
10:44:08.606911 Port acPort was started.
10:44:08.606913 Port geoNetworkingPort was started.
10:44:08.606917 Component type LibItsGeoNetworking_TestSystem.ItsGeoNetworking was initialized.
10:44:08.606936 Mapping port mtc:acPort to system:acPort.
10:44:08.607050 Port acPort was mapped to system:acPort.
10:44:08.607224 Map operation of mtc:acPort to system:acPort finished.
10:44:08.607251 Mapping port mtc:utPort to system:utPort.
10:44:08.607741 Port utPort was mapped to system:utPort.
10:44:08.607929 Map operation of mtc:utPort to system:utPort finished.
10:44:08.607944 Mapping port mtc:geoNetworkingPort to system:geoNetworkingPort.
10:44:08.609086 Port geoNetworkingPort was mapped to system:geoNetworkingPort.
10:44:08.609268 Map operation of mtc:geoNetworkingPort to system:geoNetworkingPort finished.
10:44:08.609292 Connecting ports mtc:syncSendPort and mtc:syncPort.
10:44:08.609351 Port syncPort has established the connection with local port syncSendPort.
10:44:08.609359 Port syncSendPort has established the connection with local port syncPort.
10:44:08.609440 Connect operation on mtc:syncSendPort and mtc:syncPort finished.
10:44:08.609484 Altstep a_cf01Down was activated as default, id 1
10:44:08.609510 security_services_its::setup: Already done
10:44:08.609741 certificates_loader::load_certificate: Failed to open Private encryption key file
10:44:08.610032 Selected issuer: '474321AD48592418'O
10:44:08.610097 certificates_loader::load_certificate: Failed to open Private encryption key file
10:44:08.610396 Sent on utPort to system @LibItsGeoNetworking_TypesAndValues.UtGnInitialize : { hashedId8 := '98E7BFBA69FB453F'O }
10:44:08.613392 Message enqueued on utPort from system @LibItsGeoNetworking_TypesAndValues.UtGnResults : { utGnInitializeResult := true } id 1
10:44:08.613485 Start timer tc_wait: 120 s
10:44:08.613512 Receive operation on port utPort succeeded, message from system(): @LibItsGeoNetworking_TypesAndValues.UtGnResults : { utGnInitializeResult := true } id 1
10:44:08.613521 Message with id 1 was extracted from the queue of utPort.
10:44:08.613526 Stop timer tc_wait: 120 s
10:44:08.613530 *** f_utInitializeIut: INFO: IUT initialized ***
10:44:08.613540 Start timer t: 1 s
10:44:08.710361 security_services_its::process_ieee_1609_dot2_signed_data: generation time check 716460253709238 / 716460248710361, delta = 4998877.000000, comp = 0
10:44:08.710603 certificates_loader::load_certificate: Failed to open Private encryption key file
10:44:08.711074 Message enqueued on geoNetworkingPort from system @LibItsGeoNetworking_TypesAndValues.GeoNetworkingInd : { msgIn := { basicHeader := { version := 1, nextHeader := e_securedPacket (2), reserved := 0, lifeTime := { multiplier := 6, ltBase := e_10s (2) }, routerHopLimit := 1 }, gnPacket := { packet := { commonHeader := { nextHeader := e_btpB (2), reserved := 0, headerTST := { tsbHdr := { headerType := e_topologicallyScopedBroadcast (5), headerSubType := e_singleHop (0) } }, trafficClass := { scf := e_scfDisabled (0), channelOffload := e_choffDisabled (0), tcId := 0 }, flags := '10000000'B, plLength := 30, maxHopLimit := 1, reserved2 := 0 }, extendedHeader := { shbHeader := { srcPosVector := { gnAddr := { typeOfAddress := e_initial (0), stationType := e_unknown (0), reserved := 0, mid := '020000000001'O }, timestamp_ := 3495682573, latitude := 520000000, longitude := 130000000, pai := '0'B, speed := 0, heading := 0 }, reserved := 0 } }, payload := '07D1000002020000002A0000005A946F600E612ED01FFFFFFC23B7743E80'O }, securedMsg := { protocolVersion := 3, content := { signedData := { hashId := sha256 (0), tbsData := { payload := { data := { protocolVersion := 3, content := { unsecuredData := '20500080001E01000000020000000001D05BE20D1EFE920007BFA480000000000000000007D1000002020000002A0000005A946F600E612ED01FFFFFFC23B7743E80'O } }, extDataHash := omit, omitted := omit }, headerInfo := { psid := 36, generationTime := 716460253709238, expiryTime := omit, generationLocation := omit, p2pcdLearningRequest := omit, missingCrlIdentifier := omit, encryptionKey := omit, inlineP2pcdRequest := omit, requestedCertificate := omit, pduFunctionalType := omit, contributedExtensions := omit } }, signer := { certificate := { { version := 3, type_ := explicit (0), issuer := { sha256AndDigest := '370736BDE47BC124'O }, toBeSigned := { id := { none_ := NULL }, cracaId := '000000'O, crlSeries := 0, validityPeriod := { start_ := 716459852, duration := { hours := 24 } }, region := omit, assuranceLevel := omit, appPermissions := { { psid := 36, ssp := { bitmapSsp := '01FFFC'O } }, { psid := 37, ssp := { bitmapSsp := '01FFFFFF'O } }, { psid := 141, ssp := omit }, { psid := 638, ssp := { bitmapSsp := '01'O } } }, certIssuePermissions := omit, certRequestPermissions := omit, canRequestRollover := omit, encryptionKey := omit, verifyKeyIndicator := { verificationKey := { ecdsaNistP256 := { compressed_y_0 := 'DC31EC3F453DEDBF1D9181E92DA016F8C48427BFE943F5D1456E022A64CE4FFC'O } } }, flags := omit, appExtensions := omit, certIssueExtensions := omit, certRequestExtension := omit }, signature_ := { ecdsaNistP256Signature := { rSig := { x_only := 'A3906D86FEF33B41694D011EA969415736896F12D1E9EA145D6DCA95F6549BFE'O }, sSig := '49DA542D6438732069C85F1D95B0D8A4636F5AD28EF8515408EE308C4CB1EC50'O } } } } }, signature_ := { ecdsaNistP256Signature := { rSig := { x_only := '480D2108862094842985DD965B3B05699A416A94C0B994D23E7F606D726DE41F'O }, sSig := '1D753FE6AAAF3E3F935934EE2AC027CF99BDC51E7060780E330544A8D5C78313'O } } } } } } }, macDestinationAddress := 'FFFFFFFFFFFF'O, ssp := '000000011111111111111100'B, its_aid := 36 } id 1
10:44:09.613547 Timeout t: 1 s
10:44:09.613684 Sent on acPort to system @LibItsGeoNetworking_TypesAndValues.AcGnPrimitive : { getLongPosVector := { gnAddress := { typeOfAddress := e_initial (0), stationType := e_unknown (0), reserved := 0, mid := '020000000001'O } } }
10:44:09.613782 Message enqueued on acPort from system @LibItsGeoNetworking_TypesAndValues.AcGnResponse : { getLongPosVector := { gnAddr := { typeOfAddress := e_initial (0), stationType := e_unknown (0), reserved := 0, mid := '020000000001'O }, timestamp_ := 0, latitude := 520000000, longitude := 130000000, pai := '0'B, speed := 0, heading := 0 } } id 1
10:44:09.613797 Start timer tc_ac: 30 s
10:44:09.613821 Receive operation on port acPort succeeded, message from system(): @LibItsGeoNetworking_TypesAndValues.AcGnResponse : { getLongPosVector := { gnAddr := { typeOfAddress := e_initial (0), stationType := e_unknown (0), reserved := 0, mid := '020000000001'O }, timestamp_ := 0, latitude := 520000000, longitude := 130000000, pai := '0'B, speed := 0, heading := 0 } } id 1
10:44:09.613828 Message with id 1 was extracted from the queue of acPort.
10:44:09.613833 Stop timer tc_ac: 30 s
10:44:09.613983 Altstep a_default was activated as default, id 2
10:44:09.614001 Altstep a_utDefault was activated as default, id 3
10:44:09.614005 Altstep a_neighbourDefault was activated as default, id 4
10:44:09.614145 Sent on acPort to system @LibItsGeoNetworking_TypesAndValues.AcGnPrimitive : { startBeaconing := { beaconPacket := { basicHeader := { version := 1, nextHeader := e_commonHeader (1), reserved := 0, lifeTime := { multiplier := 10, ltBase := e_100s (3) }, routerHopLimit := 1 }, gnPacket := { packet := { commonHeader := { nextHeader := e_any (0), reserved := 0, headerTST := { beaconHdr := { headerType := e_beacon (1), headerSubType := 0 } }, trafficClass := { scf := e_scfEnabled (1), channelOffload := e_choffDisabled (0), tcId := 0 }, flags := '00000000'B, plLength := 0, maxHopLimit := 1, reserved2 := 0 }, extendedHeader := { beaconHeader := { srcPosVector := { gnAddr := { typeOfAddress := e_manual (1), stationType := e_passengerCar (5), reserved := 0, mid := '00000000000B'O }, timestamp_ := 3495677477, latitude := 520020000, longitude := 130000000, pai := '1'B, speed := 0, heading := 0 } } }, payload := omit }, securedMsg := omit } } } }
10:44:09.614413 Start timer t: 1 s
10:44:09.614431 Warning: An [else] branch of an alt construct has been reached. Re-configuring the snapshot manager to call the event handlers even when taking the first snapshot.
10:44:09.811246 security_services_its::process_ieee_1609_dot2_signed_data: generation time check 716460254809182 / 716460249811244, delta = 4997938.000000, comp = 0
10:44:09.812141 Message enqueued on geoNetworkingPort from system @LibItsGeoNetworking_TypesAndValues.GeoNetworkingInd : { msgIn := { basicHeader := { version := 1, nextHeader := e_securedPacket (2), reserved := 0, lifeTime := { multiplier := 6, ltBase := e_10s (2) }, routerHopLimit := 1 }, gnPacket := { packet := { commonHeader := { nextHeader := e_btpB (2), reserved := 0, headerTST := { tsbHdr := { headerType := e_topologicallyScopedBroadcast (5), headerSubType := e_singleHop (0) } }, trafficClass := { scf := e_scfDisabled (0), channelOffload := e_choffDisabled (0), tcId := 0 }, flags := '10000000'B, plLength := 30, maxHopLimit := 1, reserved2 := 0 }, extendedHeader := { shbHeader := { srcPosVector := { gnAddr := { typeOfAddress := e_initial (0), stationType := e_unknown (0), reserved := 0, mid := '020000000001'O }, timestamp_ := 3495683673, latitude := 520000000, longitude := 130000000, pai := '0'B, speed := 0, heading := 0 }, reserved := 0 } }, payload := '07D1000002020000002A0000005A946F600E612ED01FFFFFFC23B7743E80'O }, securedMsg := { protocolVersion := 3, content := { signedData := { hashId := sha256 (0), tbsData := { payload := { data := { protocolVersion := 3, content := { unsecuredData := '20500080001E01000000020000000001D05BE6591EFE920007BFA480000000000000000007D1000002020000002A0000005A946F600E612ED01FFFFFFC23B7743E80'O } }, extDataHash := omit, omitted := omit }, headerInfo := { psid := 36, generationTime := 716460254809182, expiryTime := omit, generationLocation := omit, p2pcdLearningRequest := omit, missingCrlIdentifier := omit, encryptionKey := omit, inlineP2pcdRequest := omit, requestedCertificate := omit, pduFunctionalType := omit, contributedExtensions := omit } }, signer := { certificate := { { version := 3, type_ := explicit (0), issuer := { sha256AndDigest := '370736BDE47BC124'O }, toBeSigned := { id := { none_ := NULL }, cracaId := '000000'O, crlSeries := 0, validityPeriod := { start_ := 716459852, duration := { hours := 24 } }, region := omit, assuranceLevel := omit, appPermissions := { { psid := 36, ssp := { bitmapSsp := '01FFFC'O } }, { psid := 37, ssp := { bitmapSsp := '01FFFFFF'O } }, { psid := 141, ssp := omit }, { psid := 638, ssp := { bitmapSsp := '01'O } } }, certIssuePermissions := omit, certRequestPermissions := omit, canRequestRollover := omit, encryptionKey := omit, verifyKeyIndicator := { verificationKey := { ecdsaNistP256 := { compressed_y_0 := 'DC31EC3F453DEDBF1D9181E92DA016F8C48427BFE943F5D1456E022A64CE4FFC'O } } }, flags := omit, appExtensions := omit, certIssueExtensions := omit, certRequestExtension := omit }, signature_ := { ecdsaNistP256Signature := { rSig := { x_only := 'A3906D86FEF33B41694D011EA969415736896F12D1E9EA145D6DCA95F6549BFE'O }, sSig := '49DA542D6438732069C85F1D95B0D8A4636F5AD28EF8515408EE308C4CB1EC50'O } } } } }, signature_ := { ecdsaNistP256Signature := { rSig := { x_only := '3DCB1998F838431D8E5B2136C78E08D72130F0F38ABF7AE0EE39227D98B0AE7D'O }, sSig := 'CD3BF38B0E48A72EDB1C4CB5A4550F54167D79E5C4A2A150FB17782027116B05'O } } } } } } }, macDestinationAddress := 'FFFFFFFFFFFF'O, ssp := '000000011111111111111100'B, its_aid := 36 } id 2
10:44:10.614434 Timeout t: 1 s
10:44:10.614503 Start timer t: 0.5 s
10:44:10.614712 Receive operation on port geoNetworkingPort succeeded, message from system(): @LibItsGeoNetworking_TypesAndValues.GeoNetworkingInd: { msgIn := { basicHeader := { version := 1, nextHeader := e_securedPacket (2), reserved := 0, lifeTime := { multiplier := 6, ltBase := e_10s (2) }, routerHopLimit := 1 }, gnPacket := { packet := { commonHeader := { nextHeader := e_btpB (2), reserved := 0, headerTST := { tsbHdr := { headerType := e_topologicallyScopedBroadcast (5), headerSubType := e_singleHop (0) } }, trafficClass := { scf := e_scfDisabled (0), channelOffload := e_choffDisabled (0), tcId := 0 }, flags := '10000000'B, plLength := 30, maxHopLimit := 1, reserved2 := 0 }, extendedHeader := { shbHeader := { srcPosVector := { gnAddr := { typeOfAddress := e_initial (0), stationType := e_unknown (0), reserved := 0, mid := '020000000001'O }, timestamp_ := 3495682573, latitude := 520000000, longitude := 130000000, pai := '0'B, speed := 0, heading := 0 }, reserved := 0 } }, payload := '07D1000002020000002A0000005A946F600E612ED01FFFFFFC23B7743E80'O }, securedMsg := { protocolVersion := 3, content := { signedData := { hashId := sha256 (0), tbsData := { payload := { data := { protocolVersion := 3, content := { unsecuredData := '20500080001E01000000020000000001D05BE20D1EFE920007BFA480000000000000000007D1000002020000002A0000005A946F600E612ED01FFFFFFC23B7743E80'O } }, extDataHash := omit, omitted := omit }, headerInfo := { psid := 36, generationTime := 716460253709238, expiryTime := omit, generationLocation := omit, p2pcdLearningRequest := omit, missingCrlIdentifier := omit, encryptionKey := omit, inlineP2pcdRequest := omit, requestedCertificate := omit, pduFunctionalType := omit, contributedExtensions := omit } }, signer := { certificate := { { version := 3, type_ := explicit (0), issuer := { sha256AndDigest := '370736BDE47BC124'O }, toBeSigned := { id := { none_ := NULL }, cracaId := '000000'O, crlSeries := 0, validityPeriod := { start_ := 716459852, duration := { hours := 24 } }, region := omit, assuranceLevel := omit, appPermissions := { { psid := 36, ssp := { bitmapSsp := '01FFFC'O } }, { psid := 37, ssp := { bitmapSsp := '01FFFFFF'O } }, { psid := 141, ssp := omit }, { psid := 638, ssp := { bitmapSsp := '01'O } } }, certIssuePermissions := omit, certRequestPermissions := omit, canRequestRollover := omit, encryptionKey := omit, verifyKeyIndicator := { verificationKey := { ecdsaNistP256 := { compressed_y_0 := 'DC31EC3F453DEDBF1D9181E92DA016F8C48427BFE943F5D1456E022A64CE4FFC'O } } }, flags := omit, appExtensions := omit, certIssueExtensions := omit, certRequestExtension := omit }, signature_ := { ecdsaNistP256Signature := { rSig := { x_only := 'A3906D86FEF33B41694D011EA969415736896F12D1E9EA145D6DCA95F6549BFE'O }, sSig := '49DA542D6438732069C85F1D95B0D8A4636F5AD28EF8515408EE308C4CB1EC50'O } } } } }, signature_ := { ecdsaNistP256Signature := { rSig := { x_only := '480D2108862094842985DD965B3B05699A416A94C0B994D23E7F606D726DE41F'O }, sSig := '1D753FE6AAAF3E3F935934EE2AC027CF99BDC51E7060780E330544A8D5C78313'O } } } } } } }, macDestinationAddress := 'FFFFFFFFFFFF'O, ssp := '000000011111111111111100'B, its_aid := 36 } id 1
10:44:10.614737 Message with id 1 was extracted from the queue of geoNetworkingPort.
10:44:10.614743 *** a_default: WARNING: Received an unexpected message ***
10:44:10.614746 Default with id 4 (altstep a_neighbourDefault) has reached a break statement. Skipping current alt statement or receiving operation.
10:44:10.614829 Receive operation on port geoNetworkingPort succeeded, message from system(): @LibItsGeoNetworking_TypesAndValues.GeoNetworkingInd: { msgIn := { basicHeader := { version := 1, nextHeader := e_securedPacket (2), reserved := 0, lifeTime := { multiplier := 6, ltBase := e_10s (2) }, routerHopLimit := 1 }, gnPacket := { packet := { commonHeader := { nextHeader := e_btpB (2), reserved := 0, headerTST := { tsbHdr := { headerType := e_topologicallyScopedBroadcast (5), headerSubType := e_singleHop (0) } }, trafficClass := { scf := e_scfDisabled (0), channelOffload := e_choffDisabled (0), tcId := 0 }, flags := '10000000'B, plLength := 30, maxHopLimit := 1, reserved2 := 0 }, extendedHeader := { shbHeader := { srcPosVector := { gnAddr := { typeOfAddress := e_initial (0), stationType := e_unknown (0), reserved := 0, mid := '020000000001'O }, timestamp_ := 3495683673, latitude := 520000000, longitude := 130000000, pai := '0'B, speed := 0, heading := 0 }, reserved := 0 } }, payload := '07D1000002020000002A0000005A946F600E612ED01FFFFFFC23B7743E80'O }, securedMsg := { protocolVersion := 3, content := { signedData := { hashId := sha256 (0), tbsData := { payload := { data := { protocolVersion := 3, content := { unsecuredData := '20500080001E01000000020000000001D05BE6591EFE920007BFA480000000000000000007D1000002020000002A0000005A946F600E612ED01FFFFFFC23B7743E80'O } }, extDataHash := omit, omitted := omit }, headerInfo := { psid := 36, generationTime := 716460254809182, expiryTime := omit, generationLocation := omit, p2pcdLearningRequest := omit, missingCrlIdentifier := omit, encryptionKey := omit, inlineP2pcdRequest := omit, requestedCertificate := omit, pduFunctionalType := omit, contributedExtensions := omit } }, signer := { certificate := { { version := 3, type_ := explicit (0), issuer := { sha256AndDigest := '370736BDE47BC124'O }, toBeSigned := { id := { none_ := NULL }, cracaId := '000000'O, crlSeries := 0, validityPeriod := { start_ := 716459852, duration := { hours := 24 } }, region := omit, assuranceLevel := omit, appPermissions := { { psid := 36, ssp := { bitmapSsp := '01FFFC'O } }, { psid := 37, ssp := { bitmapSsp := '01FFFFFF'O } }, { psid := 141, ssp := omit }, { psid := 638, ssp := { bitmapSsp := '01'O } } }, certIssuePermissions := omit, certRequestPermissions := omit, canRequestRollover := omit, encryptionKey := omit, verifyKeyIndicator := { verificationKey := { ecdsaNistP256 := { compressed_y_0 := 'DC31EC3F453DEDBF1D9181E92DA016F8C48427BFE943F5D1456E022A64CE4FFC'O } } }, flags := omit, appExtensions := omit, certIssueExtensions := omit, certRequestExtension := omit }, signature_ := { ecdsaNistP256Signature := { rSig := { x_only := 'A3906D86FEF33B41694D011EA969415736896F12D1E9EA145D6DCA95F6549BFE'O }, sSig := '49DA542D6438732069C85F1D95B0D8A4636F5AD28EF8515408EE308C4CB1EC50'O } } } } }, signature_ := { ecdsaNistP256Signature := { rSig := { x_only := '3DCB1998F838431D8E5B2136C78E08D72130F0F38ABF7AE0EE39227D98B0AE7D'O }, sSig := 'CD3BF38B0E48A72EDB1C4CB5A4550F54167D79E5C4A2A150FB17782027116B05'O } } } } } } }, macDestinationAddress := 'FFFFFFFFFFFF'O, ssp := '000000011111111111111100'B, its_aid := 36 } id 2
10:44:10.614847 Message with id 2 was extracted from the queue of geoNetworkingPort.
10:44:10.614850 *** a_default: WARNING: Received an unexpected message ***
10:44:10.614853 Default with id 4 (altstep a_neighbourDefault) has reached a break statement. Skipping current alt statement or receiving operation.
10:44:10.810220 security_services_its::process_ieee_1609_dot2_signed_data: generation time check 716460255809246 / 716460250810220, delta = 4999026.000000, comp = 0
10:44:10.810723 Message enqueued on geoNetworkingPort from system @LibItsGeoNetworking_TypesAndValues.GeoNetworkingInd : { msgIn := { basicHeader := { version := 1, nextHeader := e_securedPacket (2), reserved := 0, lifeTime := { multiplier := 6, ltBase := e_10s (2) }, routerHopLimit := 1 }, gnPacket := { packet := { commonHeader := { nextHeader := e_btpB (2), reserved := 0, headerTST := { tsbHdr := { headerType := e_topologicallyScopedBroadcast (5), headerSubType := e_singleHop (0) } }, trafficClass := { scf := e_scfDisabled (0), channelOffload := e_choffDisabled (0), tcId := 0 }, flags := '10000000'B, plLength := 30, maxHopLimit := 1, reserved2 := 0 }, extendedHeader := { shbHeader := { srcPosVector := { gnAddr := { typeOfAddress := e_initial (0), stationType := e_unknown (0), reserved := 0, mid := '020000000001'O }, timestamp_ := 3495684673, latitude := 520000000, longitude := 130000000, pai := '0'B, speed := 0, heading := 0 }, reserved := 0 } }, payload := '07D1000002020000002A0000005A946F600E612ED01FFFFFFC23B7743E80'O }, securedMsg := { protocolVersion := 3, content := { signedData := { hashId := sha256 (0), tbsData := { payload := { data := { protocolVersion := 3, content := { unsecuredData := '20500080001E01000000020000000001D05BEA411EFE920007BFA480000000000000000007D1000002020000002A0000005A946F600E612ED01FFFFFFC23B7743E80'O } }, extDataHash := omit, omitted := omit }, headerInfo := { psid := 36, generationTime := 716460255809246, expiryTime := omit, generationLocation := omit, p2pcdLearningRequest := omit, missingCrlIdentifier := omit, encryptionKey := omit, inlineP2pcdRequest := omit, requestedCertificate := omit, pduFunctionalType := omit, contributedExtensions := omit } }, signer := { certificate := { { version := 3, type_ := explicit (0), issuer := { sha256AndDigest := '370736BDE47BC124'O }, toBeSigned := { id := { none_ := NULL }, cracaId := '000000'O, crlSeries := 0, validityPeriod := { start_ := 716459852, duration := { hours := 24 } }, region := omit, assuranceLevel := omit, appPermissions := { { psid := 36, ssp := { bitmapSsp := '01FFFC'O } }, { psid := 37, ssp := { bitmapSsp := '01FFFFFF'O } }, { psid := 141, ssp := omit }, { psid := 638, ssp := { bitmapSsp := '01'O } } }, certIssuePermissions := omit, certRequestPermissions := omit, canRequestRollover := omit, encryptionKey := omit, verifyKeyIndicator := { verificationKey := { ecdsaNistP256 := { compressed_y_0 := 'DC31EC3F453DEDBF1D9181E92DA016F8C48427BFE943F5D1456E022A64CE4FFC'O } } }, flags := omit, appExtensions := omit, certIssueExtensions := omit, certRequestExtension := omit }, signature_ := { ecdsaNistP256Signature := { rSig := { x_only := 'A3906D86FEF33B41694D011EA969415736896F12D1E9EA145D6DCA95F6549BFE'O }, sSig := '49DA542D6438732069C85F1D95B0D8A4636F5AD28EF8515408EE308C4CB1EC50'O } } } } }, signature_ := { ecdsaNistP256Signature := { rSig := { x_only := 'CBF56A770C5C214F38F2CA2D141FD0C1BAA91A371D19E9A7FF7969EE10E97589'O }, sSig := '41915B2E60BBB293C5CF60BD4B328EEC5935BC082B8F771F347C068C954FAE96'O } } } } } } }, macDestinationAddress := 'FFFFFFFFFFFF'O, ssp := '000000011111111111111100'B, its_aid := 36 } id 3
10:44:10.810895 Receive operation on port geoNetworkingPort succeeded, message from system(): @LibItsGeoNetworking_TypesAndValues.GeoNetworkingInd: { msgIn := { basicHeader := { version := 1, nextHeader := e_securedPacket (2), reserved := 0, lifeTime := { multiplier := 6, ltBase := e_10s (2) }, routerHopLimit := 1 }, gnPacket := { packet := { commonHeader := { nextHeader := e_btpB (2), reserved := 0, headerTST := { tsbHdr := { headerType := e_topologicallyScopedBroadcast (5), headerSubType := e_singleHop (0) } }, trafficClass := { scf := e_scfDisabled (0), channelOffload := e_choffDisabled (0), tcId := 0 }, flags := '10000000'B, plLength := 30, maxHopLimit := 1, reserved2 := 0 }, extendedHeader := { shbHeader := { srcPosVector := { gnAddr := { typeOfAddress := e_initial (0), stationType := e_unknown (0), reserved := 0, mid := '020000000001'O }, timestamp_ := 3495684673, latitude := 520000000, longitude := 130000000, pai := '0'B, speed := 0, heading := 0 }, reserved := 0 } }, payload := '07D1000002020000002A0000005A946F600E612ED01FFFFFFC23B7743E80'O }, securedMsg := { protocolVersion := 3, content := { signedData := { hashId := sha256 (0), tbsData := { payload := { data := { protocolVersion := 3, content := { unsecuredData := '20500080001E01000000020000000001D05BEA411EFE920007BFA480000000000000000007D1000002020000002A0000005A946F600E612ED01FFFFFFC23B7743E80'O } }, extDataHash := omit, omitted := omit }, headerInfo := { psid := 36, generationTime := 716460255809246, expiryTime := omit, generationLocation := omit, p2pcdLearningRequest := omit, missingCrlIdentifier := omit, encryptionKey := omit, inlineP2pcdRequest := omit, requestedCertificate := omit, pduFunctionalType := omit, contributedExtensions := omit } }, signer := { certificate := { { version := 3, type_ := explicit (0), issuer := { sha256AndDigest := '370736BDE47BC124'O }, toBeSigned := { id := { none_ := NULL }, cracaId := '000000'O, crlSeries := 0, validityPeriod := { start_ := 716459852, duration := { hours := 24 } }, region := omit, assuranceLevel := omit, appPermissions := { { psid := 36, ssp := { bitmapSsp := '01FFFC'O } }, { psid := 37, ssp := { bitmapSsp := '01FFFFFF'O } }, { psid := 141, ssp := omit }, { psid := 638, ssp := { bitmapSsp := '01'O } } }, certIssuePermissions := omit, certRequestPermissions := omit, canRequestRollover := omit, encryptionKey := omit, verifyKeyIndicator := { verificationKey := { ecdsaNistP256 := { compressed_y_0 := 'DC31EC3F453DEDBF1D9181E92DA016F8C48427BFE943F5D1456E022A64CE4FFC'O } } }, flags := omit, appExtensions := omit, certIssueExtensions := omit, certRequestExtension := omit }, signature_ := { ecdsaNistP256Signature := { rSig := { x_only := 'A3906D86FEF33B41694D011EA969415736896F12D1E9EA145D6DCA95F6549BFE'O }, sSig := '49DA542D6438732069C85F1D95B0D8A4636F5AD28EF8515408EE308C4CB1EC50'O } } } } }, signature_ := { ecdsaNistP256Signature := { rSig := { x_only := 'CBF56A770C5C214F38F2CA2D141FD0C1BAA91A371D19E9A7FF7969EE10E97589'O }, sSig := '41915B2E60BBB293C5CF60BD4B328EEC5935BC082B8F771F347C068C954FAE96'O } } } } } } }, macDestinationAddress := 'FFFFFFFFFFFF'O, ssp := '000000011111111111111100'B, its_aid := 36 } id 3
10:44:10.810939 Message with id 3 was extracted from the queue of geoNetworkingPort.
10:44:10.810945 *** a_default: WARNING: Received an unexpected message ***
10:44:10.810949 Default with id 4 (altstep a_neighbourDefault) has reached a break statement. Skipping current alt statement or receiving operation.
10:44:11.114513 Timeout t: 0.5 s
10:44:11.114585 **** f_selfSync: Successfully passed PREAMBLE synchronization point. ****
10:44:11.114591 Start timer tc_ac: 30 s
10:44:11.812116 security_services_its::process_ieee_1609_dot2_signed_data: generation time check 716460256809514 / 716460251812115, delta = 4997399.000000, comp = 0
10:44:11.812970 Message enqueued on geoNetworkingPort from system @LibItsGeoNetworking_TypesAndValues.GeoNetworkingInd : { msgIn := { basicHeader := { version := 1, nextHeader := e_securedPacket (2), reserved := 0, lifeTime := { multiplier := 6, ltBase := e_10s (2) }, routerHopLimit := 1 }, gnPacket := { packet := { commonHeader := { nextHeader := e_btpB (2), reserved := 0, headerTST := { tsbHdr := { headerType := e_topologicallyScopedBroadcast (5), headerSubType := e_singleHop (0) } }, trafficClass := { scf := e_scfDisabled (0), channelOffload := e_choffDisabled (0), tcId := 0 }, flags := '10000000'B, plLength := 30, maxHopLimit := 1, reserved2 := 0 }, extendedHeader := { shbHeader := { srcPosVector := { gnAddr := { typeOfAddress := e_initial (0), stationType := e_unknown (0), reserved := 0, mid := '020000000001'O }, timestamp_ := 3495685673, latitude := 520000000, longitude := 130000000, pai := '0'B, speed := 0, heading := 0 }, reserved := 0 } }, payload := '07D1000002020000002A0000005A946F600E612ED01FFFFFFC23B7743E80'O }, securedMsg := { protocolVersion := 3, content := { signedData := { hashId := sha256 (0), tbsData := { payload := { data := { protocolVersion := 3, content := { unsecuredData := '20500080001E01000000020000000001D05BEE291EFE920007BFA480000000000000000007D1000002020000002A0000005A946F600E612ED01FFFFFFC23B7743E80'O } }, extDataHash := omit, omitted := omit }, headerInfo := { psid := 36, generationTime := 716460256809514, expiryTime := omit, generationLocation := omit, p2pcdLearningRequest := omit, missingCrlIdentifier := omit, encryptionKey := omit, inlineP2pcdRequest := omit, requestedCertificate := omit, pduFunctionalType := omit, contributedExtensions := omit } }, signer := { certificate := { { version := 3, type_ := explicit (0), issuer := { sha256AndDigest := '370736BDE47BC124'O }, toBeSigned := { id := { none_ := NULL }, cracaId := '000000'O, crlSeries := 0, validityPeriod := { start_ := 716459852, duration := { hours := 24 } }, region := omit, assuranceLevel := omit, appPermissions := { { psid := 36, ssp := { bitmapSsp := '01FFFC'O } }, { psid := 37, ssp := { bitmapSsp := '01FFFFFF'O } }, { psid := 141, ssp := omit }, { psid := 638, ssp := { bitmapSsp := '01'O } } }, certIssuePermissions := omit, certRequestPermissions := omit, canRequestRollover := omit, encryptionKey := omit, verifyKeyIndicator := { verificationKey := { ecdsaNistP256 := { compressed_y_0 := 'DC31EC3F453DEDBF1D9181E92DA016F8C48427BFE943F5D1456E022A64CE4FFC'O } } }, flags := omit, appExtensions := omit, certIssueExtensions := omit, certRequestExtension := omit }, signature_ := { ecdsaNistP256Signature := { rSig := { x_only := 'A3906D86FEF33B41694D011EA969415736896F12D1E9EA145D6DCA95F6549BFE'O }, sSig := '49DA542D6438732069C85F1D95B0D8A4636F5AD28EF8515408EE308C4CB1EC50'O } } } } }, signature_ := { ecdsaNistP256Signature := { rSig := { x_only := '6EC932D1E1670F0A1DFF6EE144E95BBA765C5770EDC204D8E2B0BF6DEFECBE4D'O }, sSig := 'A4F1E086B663ADE9A80FFC1FF28455740AE0D0F4F518910CB34CD74C1750A0B9'O } } } } } } }, macDestinationAddress := 'FFFFFFFFFFFF'O, ssp := '000000011111111111111100'B, its_aid := 36 } id 4
10:44:11.813210 Receive operation on port geoNetworkingPort succeeded, message from system(): @LibItsGeoNetworking_TypesAndValues.GeoNetworkingInd : { msgIn := { basicHeader := { version := 1, nextHeader := e_securedPacket (2), reserved := 0, lifeTime := { multiplier := 6, ltBase := e_10s (2) }, routerHopLimit := 1 }, gnPacket := { packet := { commonHeader := { nextHeader := e_btpB (2), reserved := 0, headerTST := { tsbHdr := { headerType := e_topologicallyScopedBroadcast (5), headerSubType := e_singleHop (0) } }, trafficClass := { scf := e_scfDisabled (0), channelOffload := e_choffDisabled (0), tcId := 0 }, flags := '10000000'B, plLength := 30, maxHopLimit := 1, reserved2 := 0 }, extendedHeader := { shbHeader := { srcPosVector := { gnAddr := { typeOfAddress := e_initial (0), stationType := e_unknown (0), reserved := 0, mid := '020000000001'O }, timestamp_ := 3495685673, latitude := 520000000, longitude := 130000000, pai := '0'B, speed := 0, heading := 0 }, reserved := 0 } }, payload := '07D1000002020000002A0000005A946F600E612ED01FFFFFFC23B7743E80'O }, securedMsg := { protocolVersion := 3, content := { signedData := { hashId := sha256 (0), tbsData := { payload := { data := { protocolVersion := 3, content := { unsecuredData := '20500080001E01000000020000000001D05BEE291EFE920007BFA480000000000000000007D1000002020000002A0000005A946F600E612ED01FFFFFFC23B7743E80'O } }, extDataHash := omit, omitted := omit }, headerInfo := { psid := 36, generationTime := 716460256809514, expiryTime := omit, generationLocation := omit, p2pcdLearningRequest := omit, missingCrlIdentifier := omit, encryptionKey := omit, inlineP2pcdRequest := omit, requestedCertificate := omit, pduFunctionalType := omit, contributedExtensions := omit } }, signer := { certificate := { { version := 3, type_ := explicit (0), issuer := { sha256AndDigest := '370736BDE47BC124'O }, toBeSigned := { id := { none_ := NULL }, cracaId := '000000'O, crlSeries := 0, validityPeriod := { start_ := 716459852, duration := { hours := 24 } }, region := omit, assuranceLevel := omit, appPermissions := { { psid := 36, ssp := { bitmapSsp := '01FFFC'O } }, { psid := 37, ssp := { bitmapSsp := '01FFFFFF'O } }, { psid := 141, ssp := omit }, { psid := 638, ssp := { bitmapSsp := '01'O } } }, certIssuePermissions := omit, certRequestPermissions := omit, canRequestRollover := omit, encryptionKey := omit, verifyKeyIndicator := { verificationKey := { ecdsaNistP256 := { compressed_y_0 := 'DC31EC3F453DEDBF1D9181E92DA016F8C48427BFE943F5D1456E022A64CE4FFC'O } } }, flags := omit, appExtensions := omit, certIssueExtensions := omit, certRequestExtension := omit }, signature_ := { ecdsaNistP256Signature := { rSig := { x_only := 'A3906D86FEF33B41694D011EA969415736896F12D1E9EA145D6DCA95F6549BFE'O }, sSig := '49DA542D6438732069C85F1D95B0D8A4636F5AD28EF8515408EE308C4CB1EC50'O } } } } }, signature_ := { ecdsaNistP256Signature := { rSig := { x_only := '6EC932D1E1670F0A1DFF6EE144E95BBA765C5770EDC204D8E2B0BF6DEFECBE4D'O }, sSig := 'A4F1E086B663ADE9A80FFC1FF28455740AE0D0F4F518910CB34CD74C1750A0B9'O } } } } } } }, macDestinationAddress := 'FFFFFFFFFFFF'O, ssp := '000000011111111111111100'B, its_aid := 36 } id 4
10:44:11.813246 Message with id 4 was extracted from the queue of geoNetworkingPort.
10:44:11.813261 Stop timer tc_ac: 30 s
10:44:11.813278 *** TC_SEC_ITSS_SND_CAM_01_BV: PASS: The CA message is secured
10:44:11.813286 setverdict(pass): none -> pass
10:44:11.813388 **** f_selfSync: Successfully passed TEST BODY synchronization point. ****
10:44:11.813408 Sent on acPort to system @LibItsGeoNetworking_TypesAndValues.AcGnPrimitive : { stopBeaconing := { } }
10:44:11.813418 Default with id 4 (altstep a_neighbourDefault) was deactivated.
10:44:11.813450 Sent on acPort to system @LibItsCommon_TypesAndValues.AcSecPrimitive : { acDisableSecurity := { disable := true } }
10:44:11.813463 Message enqueued on acPort from system @LibItsCommon_TypesAndValues.AdapterControlResults : { acSecResponse := true } id 2
10:44:11.813471 Start timer tc_ac: 30 s
10:44:11.813486 Receive operation on port acPort succeeded, message from system(): @LibItsCommon_TypesAndValues.AdapterControlResults : { acSecResponse := true } id 2
10:44:11.813491 Message with id 2 was extracted from the queue of acPort.
10:44:11.813495 Stop timer tc_ac: 30 s
10:44:11.813500 Unmapping port mtc:acPort from system:acPort.
10:44:11.813639 Port acPort was unmapped from system:acPort.
10:44:11.813936 Unmap operation of mtc:acPort from system:acPort finished.
10:44:11.813971 Unmapping port mtc:utPort from system:utPort.
10:44:11.814238 Port utPort was unmapped from system:utPort.
10:44:11.814348 Unmap operation of mtc:utPort from system:utPort finished.
10:44:11.814363 Unmapping port mtc:geoNetworkingPort from system:geoNetworkingPort.
10:44:11.814523 Port geoNetworkingPort was unmapped from system:geoNetworkingPort.
10:44:11.814828 Unmap operation of mtc:geoNetworkingPort from system:geoNetworkingPort finished.
10:44:11.814941 Disconnecting ports mtc:syncSendPort and mtc:syncPort.
10:44:11.815112 Port syncSendPort has terminated the connection with local port syncPort.
10:44:11.815138 Port syncPort has terminated the connection with local port syncSendPort.
10:44:11.815213 Disconnect operation on mtc:syncSendPort and mtc:syncPort finished.
10:44:11.815224 Terminating component type LibItsGeoNetworking_TestSystem.ItsGeoNetworking.
10:44:11.815233 Default with id 1 (altstep a_cf01Down) was deactivated.
10:44:11.815241 Default with id 2 (altstep a_default) was deactivated.
10:44:11.815244 Default with id 3 (altstep a_utDefault) was deactivated.
10:44:11.815249 Port syncSendPort was stopped.
10:44:11.815255 Port syncPort was stopped.
10:44:11.815259 Port utPort was stopped.
10:44:11.815263 Port acPort was stopped.
10:44:11.815266 Port geoNetworkingPort was stopped.
10:44:11.815269 Component type LibItsGeoNetworking_TestSystem.ItsGeoNetworking was shut down inside testcase TC_SEC_ITSS_SND_CAM_01_BV.
10:44:11.815274 Waiting for PTCs to finish.
10:44:11.815400 Setting final verdict of the test case.
10:44:11.815432 Local verdict of MTC: pass
10:44:11.815447 No PTCs were created.
10:44:11.815455 Test case TC_SEC_ITSS_SND_CAM_01_BV finished. Verdict: pass
10:44:11.815609 Executing test case TC_SEC_ITSS_SND_CAM_02_BV in module ItsSecurity_TestCases.
10:44:11.815806 Test case TC_SEC_ITSS_SND_CAM_02_BV started.
10:44:11.815833 Initializing variables, timers and ports of component type LibItsGeoNetworking_TestSystem.ItsGeoNetworking inside testcase TC_SEC_ITSS_SND_CAM_02_BV.
10:44:11.815940 Port syncSendPort was started.
10:44:11.815948 Port syncPort was started.
10:44:11.815951 Port utPort was started.
10:44:11.815954 Port acPort was started.
10:44:11.815957 Port geoNetworkingPort was started.
10:44:11.815960 Component type LibItsGeoNetworking_TestSystem.ItsGeoNetworking was initialized.
10:44:11.815967 Mapping port mtc:acPort to system:acPort.
10:44:11.816067 Port acPort was mapped to system:acPort.
10:44:11.816154 Map operation of mtc:acPort to system:acPort finished.
10:44:11.816169 Mapping port mtc:utPort to system:utPort.
10:44:11.816434 Port utPort was mapped to system:utPort.
10:44:11.816582 Map operation of mtc:utPort to system:utPort finished.
10:44:11.816627 Mapping port mtc:geoNetworkingPort to system:geoNetworkingPort.
10:44:11.816881 security_services_its::setup: Already done
10:44:11.816980 Port geoNetworkingPort was mapped to system:geoNetworkingPort.
10:44:11.817331 Map operation of mtc:geoNetworkingPort to system:geoNetworkingPort finished.
10:44:11.817389 Connecting ports mtc:syncSendPort and mtc:syncPort.
10:44:11.817508 Port syncPort has established the connection with local port syncSendPort.
10:44:11.817537 Port syncSendPort has established the connection with local port syncPort.
10:44:11.817630 Connect operation on mtc:syncSendPort and mtc:syncPort finished.
10:44:11.817643 Altstep a_cf01Down was activated as default, id 1
10:44:11.817668 security_services_its::setup: Already done
10:44:11.817879 Selected issuer: '474321AD48592418'O
10:44:11.818006 Sent on utPort to system @LibItsGeoNetworking_TypesAndValues.UtGnInitialize : { hashedId8 := '98E7BFBA69FB453F'O }
10:44:11.819427 Message enqueued on utPort from system @LibItsGeoNetworking_TypesAndValues.UtGnResults : { utGnInitializeResult := true } id 1
10:44:11.819514 Start timer tc_wait: 120 s
10:44:11.819545 Receive operation on port utPort succeeded, message from system(): @LibItsGeoNetworking_TypesAndValues.UtGnResults : { utGnInitializeResult := true } id 1
10:44:11.819553 Message with id 1 was extracted from the queue of utPort.
10:44:11.819557 Stop timer tc_wait: 120 s
10:44:11.819561 *** f_utInitializeIut: INFO: IUT initialized ***
10:44:11.819571 Start timer t: 1 s
10:44:11.918866 security_services_its::process_ieee_1609_dot2_signed_data: generation time check 716460256917196 / 716460251918864, delta = 4998332.000000, comp = 0
10:44:11.919728 Message enqueued on geoNetworkingPort from system @LibItsGeoNetworking_TypesAndValues.GeoNetworkingInd : { msgIn := { basicHeader := { version := 1, nextHeader := e_securedPacket (2), reserved := 0, lifeTime := { multiplier := 6, ltBase := e_10s (2) }, routerHopLimit := 1 }, gnPacket := { packet := { commonHeader := { nextHeader := e_btpB (2), reserved := 0, headerTST := { tsbHdr := { headerType := e_topologicallyScopedBroadcast (5), headerSubType := e_singleHop (0) } }, trafficClass := { scf := e_scfDisabled (0), channelOffload := e_choffDisabled (0), tcId := 0 }, flags := '10000000'B, plLength := 30, maxHopLimit := 1, reserved2 := 0 }, extendedHeader := { shbHeader := { srcPosVector := { gnAddr := { typeOfAddress := e_initial (0), stationType := e_unknown (0), reserved := 0, mid := '020000000001'O }, timestamp_ := 3495685781, latitude := 520000000, longitude := 130000000, pai := '0'B, speed := 0, heading := 0 }, reserved := 0 } }, payload := '07D1000002020000002A0000005A946F600E612ED01FFFFFFC23B7743E80'O }, securedMsg := { protocolVersion := 3, content := { signedData := { hashId := sha256 (0), tbsData := { payload := { data := { protocolVersion := 3, content := { unsecuredData := '20500080001E01000000020000000001D05BEE951EFE920007BFA480000000000000000007D1000002020000002A0000005A946F600E612ED01FFFFFFC23B7743E80'O } }, extDataHash := omit, omitted := omit }, headerInfo := { psid := 36, generationTime := 716460256917196, expiryTime := omit, generationLocation := omit, p2pcdLearningRequest := omit, missingCrlIdentifier := omit, encryptionKey := omit, inlineP2pcdRequest := omit, requestedCertificate := omit, pduFunctionalType := omit, contributedExtensions := omit } }, signer := { certificate := { { version := 3, type_ := explicit (0), issuer := { sha256AndDigest := '370736BDE47BC124'O }, toBeSigned := { id := { none_ := NULL }, cracaId := '000000'O, crlSeries := 0, validityPeriod := { start_ := 716459852, duration := { hours := 24 } }, region := omit, assuranceLevel := omit, appPermissions := { { psid := 36, ssp := { bitmapSsp := '01FFFC'O } }, { psid := 37, ssp := { bitmapSsp := '01FFFFFF'O } }, { psid := 141, ssp := omit }, { psid := 638, ssp := { bitmapSsp := '01'O } } }, certIssuePermissions := omit, certRequestPermissions := omit, canRequestRollover := omit, encryptionKey := omit, verifyKeyIndicator := { verificationKey := { ecdsaNistP256 := { compressed_y_0 := 'DC31EC3F453DEDBF1D9181E92DA016F8C48427BFE943F5D1456E022A64CE4FFC'O } } }, flags := omit, appExtensions := omit, certIssueExtensions := omit, certRequestExtension := omit }, signature_ := { ecdsaNistP256Signature := { rSig := { x_only := 'A3906D86FEF33B41694D011EA969415736896F12D1E9EA145D6DCA95F6549BFE'O }, sSig := '49DA542D6438732069C85F1D95B0D8A4636F5AD28EF8515408EE308C4CB1EC50'O } } } } }, signature_ := { ecdsaNistP256Signature := { rSig := { x_only := 'BDA01A498E3DCF7C92AD9D7A761FB1B176E8D46A15FD61CF193ABD3AC0E118F8'O }, sSig := '8A73E5894F8F559879FBAAA742F68ABFE79623AA6FB457AE294DE918883D25E7'O } } } } } } }, macDestinationAddress := 'FFFFFFFFFFFF'O, ssp := '000000011111111111111100'B, its_aid := 36 } id 1
10:44:12.819618 Timeout t: 1 s
10:44:12.820586 Sent on acPort to system @LibItsGeoNetworking_TypesAndValues.AcGnPrimitive : { getLongPosVector := { gnAddress := { typeOfAddress := e_initial (0), stationType := e_unknown (0), reserved := 0, mid := '020000000001'O } } }
10:44:12.820735 Message enqueued on acPort from system @LibItsGeoNetworking_TypesAndValues.AcGnResponse : { getLongPosVector := { gnAddr := { typeOfAddress := e_initial (0), stationType := e_unknown (0), reserved := 0, mid := '020000000001'O }, timestamp_ := 0, latitude := 520000000, longitude := 130000000, pai := '0'B, speed := 0, heading := 0 } } id 1
10:44:12.820806 Start timer tc_ac: 30 s
10:44:12.821280 Receive operation on port acPort succeeded, message from system(): @LibItsGeoNetworking_TypesAndValues.AcGnResponse : { getLongPosVector := { gnAddr := { typeOfAddress := e_initial (0), stationType := e_unknown (0), reserved := 0, mid := '020000000001'O }, timestamp_ := 0, latitude := 520000000, longitude := 130000000, pai := '0'B, speed := 0, heading := 0 } } id 1
10:44:12.821354 Message with id 1 was extracted from the queue of acPort.
10:44:12.821371 Stop timer tc_ac: 30 s
10:44:12.821506 Altstep a_default was activated as default, id 2
10:44:12.821522 Altstep a_utDefault was activated as default, id 3
10:44:12.821528 Altstep a_neighbourDefault was activated as default, id 4
10:44:12.821851 Sent on acPort to system @LibItsGeoNetworking_TypesAndValues.AcGnPrimitive : { startBeaconing := { beaconPacket := { basicHeader := { version := 1, nextHeader := e_commonHeader (1), reserved := 0, lifeTime := { multiplier := 10, ltBase := e_100s (3) }, routerHopLimit := 1 }, gnPacket := { packet := { commonHeader := { nextHeader := e_any (0), reserved := 0, headerTST := { beaconHdr := { headerType := e_beacon (1), headerSubType := 0 } }, trafficClass := { scf := e_scfEnabled (1), channelOffload := e_choffDisabled (0), tcId := 0 }, flags := '00000000'B, plLength := 0, maxHopLimit := 1, reserved2 := 0 }, extendedHeader := { beaconHeader := { srcPosVector := { gnAddr := { typeOfAddress := e_manual (1), stationType := e_passengerCar (5), reserved := 0, mid := '00000000000B'O }, timestamp_ := 3495680685, latitude := 520020000, longitude := 130000000, pai := '1'B, speed := 0, heading := 0 } } }, payload := omit }, securedMsg := omit } } } }
10:44:12.823290 Start timer t: 1 s
10:44:13.018122 security_services_its::process_ieee_1609_dot2_signed_data: generation time check 716460258016992 / 716460253018121, delta = 4998871.000000, comp = 0
10:44:13.018653 Message enqueued on geoNetworkingPort from system @LibItsGeoNetworking_TypesAndValues.GeoNetworkingInd : { msgIn := { basicHeader := { version := 1, nextHeader := e_securedPacket (2), reserved := 0, lifeTime := { multiplier := 6, ltBase := e_10s (2) }, routerHopLimit := 1 }, gnPacket := { packet := { commonHeader := { nextHeader := e_btpB (2), reserved := 0, headerTST := { tsbHdr := { headerType := e_topologicallyScopedBroadcast (5), headerSubType := e_singleHop (0) } }, trafficClass := { scf := e_scfDisabled (0), channelOffload := e_choffDisabled (0), tcId := 0 }, flags := '10000000'B, plLength := 30, maxHopLimit := 1, reserved2 := 0 }, extendedHeader := { shbHeader := { srcPosVector := { gnAddr := { typeOfAddress := e_initial (0), stationType := e_unknown (0), reserved := 0, mid := '020000000001'O }, timestamp_ := 3495686880, latitude := 520000000, longitude := 130000000, pai := '0'B, speed := 0, heading := 0 }, reserved := 0 } }, payload := '07D1000002020000002A0000005A946F600E612ED01FFFFFFC23B7743E80'O }, securedMsg := { protocolVersion := 3, content := { signedData := { hashId := sha256 (0), tbsData := { payload := { data := { protocolVersion := 3, content := { unsecuredData := '20500080001E01000000020000000001D05BF2E01EFE920007BFA480000000000000000007D1000002020000002A0000005A946F600E612ED01FFFFFFC23B7743E80'O } }, extDataHash := omit, omitted := omit }, headerInfo := { psid := 36, generationTime := 716460258016992, expiryTime := omit, generationLocation := omit, p2pcdLearningRequest := omit, missingCrlIdentifier := omit, encryptionKey := omit, inlineP2pcdRequest := omit, requestedCertificate := omit, pduFunctionalType := omit, contributedExtensions := omit } }, signer := { certificate := { { version := 3, type_ := explicit (0), issuer := { sha256AndDigest := '370736BDE47BC124'O }, toBeSigned := { id := { none_ := NULL }, cracaId := '000000'O, crlSeries := 0, validityPeriod := { start_ := 716459852, duration := { hours := 24 } }, region := omit, assuranceLevel := omit, appPermissions := { { psid := 36, ssp := { bitmapSsp := '01FFFC'O } }, { psid := 37, ssp := { bitmapSsp := '01FFFFFF'O } }, { psid := 141, ssp := omit }, { psid := 638, ssp := { bitmapSsp := '01'O } } }, certIssuePermissions := omit, certRequestPermissions := omit, canRequestRollover := omit, encryptionKey := omit, verifyKeyIndicator := { verificationKey := { ecdsaNistP256 := { compressed_y_0 := 'DC31EC3F453DEDBF1D9181E92DA016F8C48427BFE943F5D1456E022A64CE4FFC'O } } }, flags := omit, appExtensions := omit, certIssueExtensions := omit, certRequestExtension := omit }, signature_ := { ecdsaNistP256Signature := { rSig := { x_only := 'A3906D86FEF33B41694D011EA969415736896F12D1E9EA145D6DCA95F6549BFE'O }, sSig := '49DA542D6438732069C85F1D95B0D8A4636F5AD28EF8515408EE308C4CB1EC50'O } } } } }, signature_ := { ecdsaNistP256Signature := { rSig := { x_only := 'C07F8B53BCDC0A1DF74421EB8C3A5D842FDED84EE7E86C56DF33B82FDC4C7835'O }, sSig := '192FD6D178BDB630E0C130423B3A024E9D6FFD7B7C39293951064FA2C1750EE0'O } } } } } } }, macDestinationAddress := 'FFFFFFFFFFFF'O, ssp := '000000011111111111111100'B, its_aid := 36 } id 2
10:44:13.823598 Timeout t: 1 s
10:44:13.823675 Start timer t: 0.5 s
10:44:13.824006 Receive operation on port geoNetworkingPort succeeded, message from system(): @LibItsGeoNetworking_TypesAndValues.GeoNetworkingInd: { msgIn := { basicHeader := { version := 1, nextHeader := e_securedPacket (2), reserved := 0, lifeTime := { multiplier := 6, ltBase := e_10s (2) }, routerHopLimit := 1 }, gnPacket := { packet := { commonHeader := { nextHeader := e_btpB (2), reserved := 0, headerTST := { tsbHdr := { headerType := e_topologicallyScopedBroadcast (5), headerSubType := e_singleHop (0) } }, trafficClass := { scf := e_scfDisabled (0), channelOffload := e_choffDisabled (0), tcId := 0 }, flags := '10000000'B, plLength := 30, maxHopLimit := 1, reserved2 := 0 }, extendedHeader := { shbHeader := { srcPosVector := { gnAddr := { typeOfAddress := e_initial (0), stationType := e_unknown (0), reserved := 0, mid := '020000000001'O }, timestamp_ := 3495685781, latitude := 520000000, longitude := 130000000, pai := '0'B, speed := 0, heading := 0 }, reserved := 0 } }, payload := '07D1000002020000002A0000005A946F600E612ED01FFFFFFC23B7743E80'O }, securedMsg := { protocolVersion := 3, content := { signedData := { hashId := sha256 (0), tbsData := { payload := { data := { protocolVersion := 3, content := { unsecuredData := '20500080001E01000000020000000001D05BEE951EFE920007BFA480000000000000000007D1000002020000002A0000005A946F600E612ED01FFFFFFC23B7743E80'O } }, extDataHash := omit, omitted := omit }, headerInfo := { psid := 36, generationTime := 716460256917196, expiryTime := omit, generationLocation := omit, p2pcdLearningRequest := omit, missingCrlIdentifier := omit, encryptionKey := omit, inlineP2pcdRequest := omit, requestedCertificate := omit, pduFunctionalType := omit, contributedExtensions := omit } }, signer := { certificate := { { version := 3, type_ := explicit (0), issuer := { sha256AndDigest := '370736BDE47BC124'O }, toBeSigned := { id := { none_ := NULL }, cracaId := '000000'O, crlSeries := 0, validityPeriod := { start_ := 716459852, duration := { hours := 24 } }, region := omit, assuranceLevel := omit, appPermissions := { { psid := 36, ssp := { bitmapSsp := '01FFFC'O } }, { psid := 37, ssp := { bitmapSsp := '01FFFFFF'O } }, { psid := 141, ssp := omit }, { psid := 638, ssp := { bitmapSsp := '01'O } } }, certIssuePermissions := omit, certRequestPermissions := omit, canRequestRollover := omit, encryptionKey := omit, verifyKeyIndicator := { verificationKey := { ecdsaNistP256 := { compressed_y_0 := 'DC31EC3F453DEDBF1D9181E92DA016F8C48427BFE943F5D1456E022A64CE4FFC'O } } }, flags := omit, appExtensions := omit, certIssueExtensions := omit, certRequestExtension := omit }, signature_ := { ecdsaNistP256Signature := { rSig := { x_only := 'A3906D86FEF33B41694D011EA969415736896F12D1E9EA145D6DCA95F6549BFE'O }, sSig := '49DA542D6438732069C85F1D95B0D8A4636F5AD28EF8515408EE308C4CB1EC50'O } } } } }, signature_ := { ecdsaNistP256Signature := { rSig := { x_only := 'BDA01A498E3DCF7C92AD9D7A761FB1B176E8D46A15FD61CF193ABD3AC0E118F8'O }, sSig := '8A73E5894F8F559879FBAAA742F68ABFE79623AA6FB457AE294DE918883D25E7'O } } } } } } }, macDestinationAddress := 'FFFFFFFFFFFF'O, ssp := '000000011111111111111100'B, its_aid := 36 } id 1
10:44:13.824062 Message with id 1 was extracted from the queue of geoNetworkingPort.
10:44:13.824072 *** a_default: WARNING: Received an unexpected message ***
10:44:13.824077 Default with id 4 (altstep a_neighbourDefault) has reached a break statement. Skipping current alt statement or receiving operation.
10:44:13.824223 Receive operation on port geoNetworkingPort succeeded, message from system(): @LibItsGeoNetworking_TypesAndValues.GeoNetworkingInd: { msgIn := { basicHeader := { version := 1, nextHeader := e_securedPacket (2), reserved := 0, lifeTime := { multiplier := 6, ltBase := e_10s (2) }, routerHopLimit := 1 }, gnPacket := { packet := { commonHeader := { nextHeader := e_btpB (2), reserved := 0, headerTST := { tsbHdr := { headerType := e_topologicallyScopedBroadcast (5), headerSubType := e_singleHop (0) } }, trafficClass := { scf := e_scfDisabled (0), channelOffload := e_choffDisabled (0), tcId := 0 }, flags := '10000000'B, plLength := 30, maxHopLimit := 1, reserved2 := 0 }, extendedHeader := { shbHeader := { srcPosVector := { gnAddr := { typeOfAddress := e_initial (0), stationType := e_unknown (0), reserved := 0, mid := '020000000001'O }, timestamp_ := 3495686880, latitude := 520000000, longitude := 130000000, pai := '0'B, speed := 0, heading := 0 }, reserved := 0 } }, payload := '07D1000002020000002A0000005A946F600E612ED01FFFFFFC23B7743E80'O }, securedMsg := { protocolVersion := 3, content := { signedData := { hashId := sha256 (0), tbsData := { payload := { data := { protocolVersion := 3, content := { unsecuredData := '20500080001E01000000020000000001D05BF2E01EFE920007BFA480000000000000000007D1000002020000002A0000005A946F600E612ED01FFFFFFC23B7743E80'O } }, extDataHash := omit, omitted := omit }, headerInfo := { psid := 36, generationTime := 716460258016992, expiryTime := omit, generationLocation := omit, p2pcdLearningRequest := omit, missingCrlIdentifier := omit, encryptionKey := omit, inlineP2pcdRequest := omit, requestedCertificate := omit, pduFunctionalType := omit, contributedExtensions := omit } }, signer := { certificate := { { version := 3, type_ := explicit (0), issuer := { sha256AndDigest := '370736BDE47BC124'O }, toBeSigned := { id := { none_ := NULL }, cracaId := '000000'O, crlSeries := 0, validityPeriod := { start_ := 716459852, duration := { hours := 24 } }, region := omit, assuranceLevel := omit, appPermissions := { { psid := 36, ssp := { bitmapSsp := '01FFFC'O } }, { psid := 37, ssp := { bitmapSsp := '01FFFFFF'O } }, { psid := 141, ssp := omit }, { psid := 638, ssp := { bitmapSsp := '01'O } } }, certIssuePermissions := omit, certRequestPermissions := omit, canRequestRollover := omit, encryptionKey := omit, verifyKeyIndicator := { verificationKey := { ecdsaNistP256 := { compressed_y_0 := 'DC31EC3F453DEDBF1D9181E92DA016F8C48427BFE943F5D1456E022A64CE4FFC'O } } }, flags := omit, appExtensions := omit, certIssueExtensions := omit, certRequestExtension := omit }, signature_ := { ecdsaNistP256Signature := { rSig := { x_only := 'A3906D86FEF33B41694D011EA969415736896F12D1E9EA145D6DCA95F6549BFE'O }, sSig := '49DA542D6438732069C85F1D95B0D8A4636F5AD28EF8515408EE308C4CB1EC50'O } } } } }, signature_ := { ecdsaNistP256Signature := { rSig := { x_only := 'C07F8B53BCDC0A1DF74421EB8C3A5D842FDED84EE7E86C56DF33B82FDC4C7835'O }, sSig := '192FD6D178BDB630E0C130423B3A024E9D6FFD7B7C39293951064FA2C1750EE0'O } } } } } } }, macDestinationAddress := 'FFFFFFFFFFFF'O, ssp := '000000011111111111111100'B, its_aid := 36 } id 2
10:44:13.824241 Message with id 2 was extracted from the queue of geoNetworkingPort.
10:44:13.824246 *** a_default: WARNING: Received an unexpected message ***
10:44:13.824251 Default with id 4 (altstep a_neighbourDefault) has reached a break statement. Skipping current alt statement or receiving operation.
10:44:14.019356 security_services_its::process_ieee_1609_dot2_signed_data: generation time check 716460259017104 / 716460254019354, delta = 4997750.000000, comp = 0
10:44:14.021316 Message enqueued on geoNetworkingPort from system @LibItsGeoNetworking_TypesAndValues.GeoNetworkingInd : { msgIn := { basicHeader := { version := 1, nextHeader := e_securedPacket (2), reserved := 0, lifeTime := { multiplier := 6, ltBase := e_10s (2) }, routerHopLimit := 1 }, gnPacket := { packet := { commonHeader := { nextHeader := e_btpB (2), reserved := 0, headerTST := { tsbHdr := { headerType := e_topologicallyScopedBroadcast (5), headerSubType := e_singleHop (0) } }, trafficClass := { scf := e_scfDisabled (0), channelOffload := e_choffDisabled (0), tcId := 0 }, flags := '10000000'B, plLength := 30, maxHopLimit := 1, reserved2 := 0 }, extendedHeader := { shbHeader := { srcPosVector := { gnAddr := { typeOfAddress := e_initial (0), stationType := e_unknown (0), reserved := 0, mid := '020000000001'O }, timestamp_ := 3495687881, latitude := 520000000, longitude := 130000000, pai := '0'B, speed := 0, heading := 0 }, reserved := 0 } }, payload := '07D1000002020000002A0000005A946F600E612ED01FFFFFFC23B7743E80'O }, securedMsg := { protocolVersion := 3, content := { signedData := { hashId := sha256 (0), tbsData := { payload := { data := { protocolVersion := 3, content := { unsecuredData := '20500080001E01000000020000000001D05BF6C91EFE920007BFA480000000000000000007D1000002020000002A0000005A946F600E612ED01FFFFFFC23B7743E80'O } }, extDataHash := omit, omitted := omit }, headerInfo := { psid := 36, generationTime := 716460259017104, expiryTime := omit, generationLocation := omit, p2pcdLearningRequest := omit, missingCrlIdentifier := omit, encryptionKey := omit, inlineP2pcdRequest := omit, requestedCertificate := omit, pduFunctionalType := omit, contributedExtensions := omit } }, signer := { certificate := { { version := 3, type_ := explicit (0), issuer := { sha256AndDigest := '370736BDE47BC124'O }, toBeSigned := { id := { none_ := NULL }, cracaId := '000000'O, crlSeries := 0, validityPeriod := { start_ := 716459852, duration := { hours := 24 } }, region := omit, assuranceLevel := omit, appPermissions := { { psid := 36, ssp := { bitmapSsp := '01FFFC'O } }, { psid := 37, ssp := { bitmapSsp := '01FFFFFF'O } }, { psid := 141, ssp := omit }, { psid := 638, ssp := { bitmapSsp := '01'O } } }, certIssuePermissions := omit, certRequestPermissions := omit, canRequestRollover := omit, encryptionKey := omit, verifyKeyIndicator := { verificationKey := { ecdsaNistP256 := { compressed_y_0 := 'DC31EC3F453DEDBF1D9181E92DA016F8C48427BFE943F5D1456E022A64CE4FFC'O } } }, flags := omit, appExtensions := omit, certIssueExtensions := omit, certRequestExtension := omit }, signature_ := { ecdsaNistP256Signature := { rSig := { x_only := 'A3906D86FEF33B41694D011EA969415736896F12D1E9EA145D6DCA95F6549BFE'O }, sSig := '49DA542D6438732069C85F1D95B0D8A4636F5AD28EF8515408EE308C4CB1EC50'O } } } } }, signature_ := { ecdsaNistP256Signature := { rSig := { x_only := 'C4648EBECA63DD47825931C2382871CE452A8A46DB9272D4C6FE1A4273E6A9A4'O }, sSig := '9701F6A542B7BF7BEF78DD5385B038E201AB163A82B24FEBBF46DE052D653C85'O } } } } } } }, macDestinationAddress := 'FFFFFFFFFFFF'O, ssp := '000000011111111111111100'B, its_aid := 36 } id 3
10:44:14.022082 Receive operation on port geoNetworkingPort succeeded, message from system(): @LibItsGeoNetworking_TypesAndValues.GeoNetworkingInd: { msgIn := { basicHeader := { version := 1, nextHeader := e_securedPacket (2), reserved := 0, lifeTime := { multiplier := 6, ltBase := e_10s (2) }, routerHopLimit := 1 }, gnPacket := { packet := { commonHeader := { nextHeader := e_btpB (2), reserved := 0, headerTST := { tsbHdr := { headerType := e_topologicallyScopedBroadcast (5), headerSubType := e_singleHop (0) } }, trafficClass := { scf := e_scfDisabled (0), channelOffload := e_choffDisabled (0), tcId := 0 }, flags := '10000000'B, plLength := 30, maxHopLimit := 1, reserved2 := 0 }, extendedHeader := { shbHeader := { srcPosVector := { gnAddr := { typeOfAddress := e_initial (0), stationType := e_unknown (0), reserved := 0, mid := '020000000001'O }, timestamp_ := 3495687881, latitude := 520000000, longitude := 130000000, pai := '0'B, speed := 0, heading := 0 }, reserved := 0 } }, payload := '07D1000002020000002A0000005A946F600E612ED01FFFFFFC23B7743E80'O }, securedMsg := { protocolVersion := 3, content := { signedData := { hashId := sha256 (0), tbsData := { payload := { data := { protocolVersion := 3, content := { unsecuredData := '20500080001E01000000020000000001D05BF6C91EFE920007BFA480000000000000000007D1000002020000002A0000005A946F600E612ED01FFFFFFC23B7743E80'O } }, extDataHash := omit, omitted := omit }, headerInfo := { psid := 36, generationTime := 716460259017104, expiryTime := omit, generationLocation := omit, p2pcdLearningRequest := omit, missingCrlIdentifier := omit, encryptionKey := omit, inlineP2pcdRequest := omit, requestedCertificate := omit, pduFunctionalType := omit, contributedExtensions := omit } }, signer := { certificate := { { version := 3, type_ := explicit (0), issuer := { sha256AndDigest := '370736BDE47BC124'O }, toBeSigned := { id := { none_ := NULL }, cracaId := '000000'O, crlSeries := 0, validityPeriod := { start_ := 716459852, duration := { hours := 24 } }, region := omit, assuranceLevel := omit, appPermissions := { { psid := 36, ssp := { bitmapSsp := '01FFFC'O } }, { psid := 37, ssp := { bitmapSsp := '01FFFFFF'O } }, { psid := 141, ssp := omit }, { psid := 638, ssp := { bitmapSsp := '01'O } } }, certIssuePermissions := omit, certRequestPermissions := omit, canRequestRollover := omit, encryptionKey := omit, verifyKeyIndicator := { verificationKey := { ecdsaNistP256 := { compressed_y_0 := 'DC31EC3F453DEDBF1D9181E92DA016F8C48427BFE943F5D1456E022A64CE4FFC'O } } }, flags := omit, appExtensions := omit, certIssueExtensions := omit, certRequestExtension := omit }, signature_ := { ecdsaNistP256Signature := { rSig := { x_only := 'A3906D86FEF33B41694D011EA969415736896F12D1E9EA145D6DCA95F6549BFE'O }, sSig := '49DA542D6438732069C85F1D95B0D8A4636F5AD28EF8515408EE308C4CB1EC50'O } } } } }, signature_ := { ecdsaNistP256Signature := { rSig := { x_only := 'C4648EBECA63DD47825931C2382871CE452A8A46DB9272D4C6FE1A4273E6A9A4'O }, sSig := '9701F6A542B7BF7BEF78DD5385B038E201AB163A82B24FEBBF46DE052D653C85'O } } } } } } }, macDestinationAddress := 'FFFFFFFFFFFF'O, ssp := '000000011111111111111100'B, its_aid := 36 } id 3
10:44:14.022140 Message with id 3 was extracted from the queue of geoNetworkingPort.
10:44:14.022156 *** a_default: WARNING: Received an unexpected message ***
10:44:14.022167 Default with id 4 (altstep a_neighbourDefault) has reached a break statement. Skipping current alt statement or receiving operation.
10:44:14.323691 Timeout t: 0.5 s
10:44:14.323791 **** f_selfSync: Successfully passed PREAMBLE synchronization point. ****
10:44:14.323802 Start timer tc_ac: 30 s
10:44:15.119766 security_services_its::process_ieee_1609_dot2_signed_data: generation time check 716460260117098 / 716460255119764, delta = 4997334.000000, comp = 0
10:44:15.121968 Message enqueued on geoNetworkingPort from system @LibItsGeoNetworking_TypesAndValues.GeoNetworkingInd : { msgIn := { basicHeader := { version := 1, nextHeader := e_securedPacket (2), reserved := 0, lifeTime := { multiplier := 6, ltBase := e_10s (2) }, routerHopLimit := 1 }, gnPacket := { packet := { commonHeader := { nextHeader := e_btpB (2), reserved := 0, headerTST := { tsbHdr := { headerType := e_topologicallyScopedBroadcast (5), headerSubType := e_singleHop (0) } }, trafficClass := { scf := e_scfDisabled (0), channelOffload := e_choffDisabled (0), tcId := 0 }, flags := '10000000'B, plLength := 30, maxHopLimit := 1, reserved2 := 0 }, extendedHeader := { shbHeader := { srcPosVector := { gnAddr := { typeOfAddress := e_initial (0), stationType := e_unknown (0), reserved := 0, mid := '020000000001'O }, timestamp_ := 3495688981, latitude := 520000000, longitude := 130000000, pai := '0'B, speed := 0, heading := 0 }, reserved := 0 } }, payload := '07D1000002020000002A0000005A946F600E612ED01FFFFFFC23B7743E80'O }, securedMsg := { protocolVersion := 3, content := { signedData := { hashId := sha256 (0), tbsData := { payload := { data := { protocolVersion := 3, content := { unsecuredData := '20500080001E01000000020000000001D05BFB151EFE920007BFA480000000000000000007D1000002020000002A0000005A946F600E612ED01FFFFFFC23B7743E80'O } }, extDataHash := omit, omitted := omit }, headerInfo := { psid := 36, generationTime := 716460260117098, expiryTime := omit, generationLocation := omit, p2pcdLearningRequest := omit, missingCrlIdentifier := omit, encryptionKey := omit, inlineP2pcdRequest := omit, requestedCertificate := omit, pduFunctionalType := omit, contributedExtensions := omit } }, signer := { certificate := { { version := 3, type_ := explicit (0), issuer := { sha256AndDigest := '370736BDE47BC124'O }, toBeSigned := { id := { none_ := NULL }, cracaId := '000000'O, crlSeries := 0, validityPeriod := { start_ := 716459852, duration := { hours := 24 } }, region := omit, assuranceLevel := omit, appPermissions := { { psid := 36, ssp := { bitmapSsp := '01FFFC'O } }, { psid := 37, ssp := { bitmapSsp := '01FFFFFF'O } }, { psid := 141, ssp := omit }, { psid := 638, ssp := { bitmapSsp := '01'O } } }, certIssuePermissions := omit, certRequestPermissions := omit, canRequestRollover := omit, encryptionKey := omit, verifyKeyIndicator := { verificationKey := { ecdsaNistP256 := { compressed_y_0 := 'DC31EC3F453DEDBF1D9181E92DA016F8C48427BFE943F5D1456E022A64CE4FFC'O } } }, flags := omit, appExtensions := omit, certIssueExtensions := omit, certRequestExtension := omit }, signature_ := { ecdsaNistP256Signature := { rSig := { x_only := 'A3906D86FEF33B41694D011EA969415736896F12D1E9EA145D6DCA95F6549BFE'O }, sSig := '49DA542D6438732069C85F1D95B0D8A4636F5AD28EF8515408EE308C4CB1EC50'O } } } } }, signature_ := { ecdsaNistP256Signature := { rSig := { x_only := '55A7767AB3B9FF92DFBA88997204AB74F04F83C9C5E66028CCCDA16BD1546D38'O }, sSig := '3F7946869CFF9304BE07FDDAD5F6F965A612C278B5041885C3B05DAB69361107'O } } } } } } }, macDestinationAddress := 'FFFFFFFFFFFF'O, ssp := '000000011111111111111100'B, its_aid := 36 } id 4
10:44:15.123237 Receive operation on port geoNetworkingPort succeeded, message from system(): @LibItsGeoNetworking_TypesAndValues.GeoNetworkingInd : { msgIn := { basicHeader := { version := 1, nextHeader := e_securedPacket (2), reserved := 0, lifeTime := { multiplier := 6, ltBase := e_10s (2) }, routerHopLimit := 1 }, gnPacket := { packet := { commonHeader := { nextHeader := e_btpB (2), reserved := 0, headerTST := { tsbHdr := { headerType := e_topologicallyScopedBroadcast (5), headerSubType := e_singleHop (0) } }, trafficClass := { scf := e_scfDisabled (0), channelOffload := e_choffDisabled (0), tcId := 0 }, flags := '10000000'B, plLength := 30, maxHopLimit := 1, reserved2 := 0 }, extendedHeader := { shbHeader := { srcPosVector := { gnAddr := { typeOfAddress := e_initial (0), stationType := e_unknown (0), reserved := 0, mid := '020000000001'O }, timestamp_ := 3495688981, latitude := 520000000, longitude := 130000000, pai := '0'B, speed := 0, heading := 0 }, reserved := 0 } }, payload := '07D1000002020000002A0000005A946F600E612ED01FFFFFFC23B7743E80'O }, securedMsg := { protocolVersion := 3, content := { signedData := { hashId := sha256 (0), tbsData := { payload := { data := { protocolVersion := 3, content := { unsecuredData := '20500080001E01000000020000000001D05BFB151EFE920007BFA480000000000000000007D1000002020000002A0000005A946F600E612ED01FFFFFFC23B7743E80'O } }, extDataHash := omit, omitted := omit }, headerInfo := { psid := 36, generationTime := 716460260117098, expiryTime := omit, generationLocation := omit, p2pcdLearningRequest := omit, missingCrlIdentifier := omit, encryptionKey := omit, inlineP2pcdRequest := omit, requestedCertificate := omit, pduFunctionalType := omit, contributedExtensions := omit } }, signer := { certificate := { { version := 3, type_ := explicit (0), issuer := { sha256AndDigest := '370736BDE47BC124'O }, toBeSigned := { id := { none_ := NULL }, cracaId := '000000'O, crlSeries := 0, validityPeriod := { start_ := 716459852, duration := { hours := 24 } }, region := omit, assuranceLevel := omit, appPermissions := { { psid := 36, ssp := { bitmapSsp := '01FFFC'O } }, { psid := 37, ssp := { bitmapSsp := '01FFFFFF'O } }, { psid := 141, ssp := omit }, { psid := 638, ssp := { bitmapSsp := '01'O } } }, certIssuePermissions := omit, certRequestPermissions := omit, canRequestRollover := omit, encryptionKey := omit, verifyKeyIndicator := { verificationKey := { ecdsaNistP256 := { compressed_y_0 := 'DC31EC3F453DEDBF1D9181E92DA016F8C48427BFE943F5D1456E022A64CE4FFC'O } } }, flags := omit, appExtensions := omit, certIssueExtensions := omit, certRequestExtension := omit }, signature_ := { ecdsaNistP256Signature := { rSig := { x_only := 'A3906D86FEF33B41694D011EA969415736896F12D1E9EA145D6DCA95F6549BFE'O }, sSig := '49DA542D6438732069C85F1D95B0D8A4636F5AD28EF8515408EE308C4CB1EC50'O } } } } }, signature_ := { ecdsaNistP256Signature := { rSig := { x_only := '55A7767AB3B9FF92DFBA88997204AB74F04F83C9C5E66028CCCDA16BD1546D38'O }, sSig := '3F7946869CFF9304BE07FDDAD5F6F965A612C278B5041885C3B05DAB69361107'O } } } } } } }, macDestinationAddress := 'FFFFFFFFFFFF'O, ssp := '000000011111111111111100'B, its_aid := 36 } id 4
10:44:15.123439 Message with id 4 was extracted from the queue of geoNetworkingPort.
10:44:15.123494 Stop timer tc_ac: 30 s
10:44:15.123527 *** TC_SEC_ITSS_SND_CAM_02_BV: PASS: Correct secured packet received
10:44:15.123546 setverdict(pass): none -> pass
10:44:15.124356 **** f_selfSync: Successfully passed TEST BODY synchronization point. ****
10:44:15.124451 Sent on acPort to system @LibItsGeoNetworking_TypesAndValues.AcGnPrimitive : { stopBeaconing := { } }
10:44:15.124487 Default with id 4 (altstep a_neighbourDefault) was deactivated.
10:44:15.124545 Sent on acPort to system @LibItsCommon_TypesAndValues.AcSecPrimitive : { acDisableSecurity := { disable := true } }
10:44:15.124573 Message enqueued on acPort from system @LibItsCommon_TypesAndValues.AdapterControlResults : { acSecResponse := true } id 2
10:44:15.124602 Start timer tc_ac: 30 s
10:44:15.124636 Receive operation on port acPort succeeded, message from system(): @LibItsCommon_TypesAndValues.AdapterControlResults : { acSecResponse := true } id 2
10:44:15.124653 Message with id 2 was extracted from the queue of acPort.
10:44:15.124665 Stop timer tc_ac: 30 s
10:44:15.124680 Unmapping port mtc:acPort from system:acPort.
10:44:15.124937 Port acPort was unmapped from system:acPort.
10:44:15.125795 Unmap operation of mtc:acPort from system:acPort finished.
10:44:15.125874 Unmapping port mtc:utPort from system:utPort.
10:44:15.126619 Port utPort was unmapped from system:utPort.
10:44:15.127135 Unmap operation of mtc:utPort from system:utPort finished.
10:44:15.127193 Unmapping port mtc:geoNetworkingPort from system:geoNetworkingPort.
10:44:15.127673 Port geoNetworkingPort was unmapped from system:geoNetworkingPort.
10:44:15.128055 Unmap operation of mtc:geoNetworkingPort from system:geoNetworkingPort finished.
10:44:15.128148 Disconnecting ports mtc:syncSendPort and mtc:syncPort.
10:44:15.128354 Port syncSendPort has terminated the connection with local port syncPort.
10:44:15.128381 Port syncPort has terminated the connection with local port syncSendPort.
10:44:15.128605 Disconnect operation on mtc:syncSendPort and mtc:syncPort finished.
10:44:15.128670 Terminating component type LibItsGeoNetworking_TestSystem.ItsGeoNetworking.
10:44:15.128686 Default with id 1 (altstep a_cf01Down) was deactivated.
10:44:15.128699 Default with id 2 (altstep a_default) was deactivated.
10:44:15.128706 Default with id 3 (altstep a_utDefault) was deactivated.
10:44:15.128716 Port syncSendPort was stopped.
10:44:15.128729 Port syncPort was stopped.
10:44:15.128737 Port utPort was stopped.
10:44:15.128745 Port acPort was stopped.
10:44:15.128752 Port geoNetworkingPort was stopped.
10:44:15.128759 Component type LibItsGeoNetworking_TestSystem.ItsGeoNetworking was shut down inside testcase TC_SEC_ITSS_SND_CAM_02_BV.
10:44:15.128771 Waiting for PTCs to finish.
10:44:15.129220 Setting final verdict of the test case.
10:44:15.129494 Local verdict of MTC: pass
10:44:15.129564 No PTCs were created.
10:44:15.129744 Test case TC_SEC_ITSS_SND_CAM_02_BV finished. Verdict: pass
10:44:15.129981 Executing test case TC_SEC_ITSS_SND_CAM_03_BV in module ItsSecurity_TestCases.
10:44:15.130102 Test case TC_SEC_ITSS_SND_CAM_03_BV started.
10:44:15.130121 Initializing variables, timers and ports of component type LibItsGeoNetworking_TestSystem.ItsGeoNetworking inside testcase TC_SEC_ITSS_SND_CAM_03_BV.
10:44:15.130224 Port syncSendPort was started.
10:44:15.130236 Port syncPort was started.
10:44:15.130243 Port utPort was started.
10:44:15.130250 Port acPort was started.
10:44:15.130256 Port geoNetworkingPort was started.
10:44:15.130262 Component type LibItsGeoNetworking_TestSystem.ItsGeoNetworking was initialized.
10:44:15.130363 Mapping port mtc:acPort to system:acPort.
10:44:15.130657 Port acPort was mapped to system:acPort.
10:44:15.130928 Map operation of mtc:acPort to system:acPort finished.
10:44:15.130967 Mapping port mtc:utPort to system:utPort.
10:44:15.131503 Port utPort was mapped to system:utPort.
10:44:15.131810 Map operation of mtc:utPort to system:utPort finished.
10:44:15.131839 Mapping port mtc:geoNetworkingPort to system:geoNetworkingPort.
10:44:15.132437 security_services_its::setup: Already done
10:44:15.132571 Port geoNetworkingPort was mapped to system:geoNetworkingPort.
10:44:15.132878 Map operation of mtc:geoNetworkingPort to system:geoNetworkingPort finished.
10:44:15.133112 Connecting ports mtc:syncSendPort and mtc:syncPort.
10:44:15.133448 Port syncPort has established the connection with local port syncSendPort.
10:44:15.133506 Port syncSendPort has established the connection with local port syncPort.
10:44:15.133770 Connect operation on mtc:syncSendPort and mtc:syncPort finished.
10:44:15.133834 Altstep a_cf01Down was activated as default, id 1
10:44:15.133984 security_services_its::setup: Already done
10:44:15.134225 Selected issuer: '474321AD48592418'O
10:44:15.134431 Sent on utPort to system @LibItsGeoNetworking_TypesAndValues.UtGnInitialize : { hashedId8 := '98E7BFBA69FB453F'O }
10:44:15.136542 Message enqueued on utPort from system @LibItsGeoNetworking_TypesAndValues.UtGnResults : { utGnInitializeResult := true } id 1
10:44:15.136623 Start timer tc_wait: 120 s
10:44:15.136662 Receive operation on port utPort succeeded, message from system(): @LibItsGeoNetworking_TypesAndValues.UtGnResults : { utGnInitializeResult := true } id 1
10:44:15.136680 Message with id 1 was extracted from the queue of utPort.
10:44:15.136690 Stop timer tc_wait: 120 s
10:44:15.136699 *** f_utInitializeIut: INFO: IUT initialized ***
10:44:15.136712 Start timer t: 1 s
10:44:15.234650 security_services_its::process_ieee_1609_dot2_signed_data: generation time check 716460260232709 / 716460255234649, delta = 4998060.000000, comp = 0
10:44:15.235686 Message enqueued on geoNetworkingPort from system @LibItsGeoNetworking_TypesAndValues.GeoNetworkingInd : { msgIn := { basicHeader := { version := 1, nextHeader := e_securedPacket (2), reserved := 0, lifeTime := { multiplier := 6, ltBase := e_10s (2) }, routerHopLimit := 1 }, gnPacket := { packet := { commonHeader := { nextHeader := e_btpB (2), reserved := 0, headerTST := { tsbHdr := { headerType := e_topologicallyScopedBroadcast (5), headerSubType := e_singleHop (0) } }, trafficClass := { scf := e_scfDisabled (0), channelOffload := e_choffDisabled (0), tcId := 0 }, flags := '10000000'B, plLength := 30, maxHopLimit := 1, reserved2 := 0 }, extendedHeader := { shbHeader := { srcPosVector := { gnAddr := { typeOfAddress := e_initial (0), stationType := e_unknown (0), reserved := 0, mid := '020000000001'O }, timestamp_ := 3495689096, latitude := 520000000, longitude := 130000000, pai := '0'B, speed := 0, heading := 0 }, reserved := 0 } }, payload := '07D1000002020000002A0000005A946F600E612ED01FFFFFFC23B7743E80'O }, securedMsg := { protocolVersion := 3, content := { signedData := { hashId := sha256 (0), tbsData := { payload := { data := { protocolVersion := 3, content := { unsecuredData := '20500080001E01000000020000000001D05BFB881EFE920007BFA480000000000000000007D1000002020000002A0000005A946F600E612ED01FFFFFFC23B7743E80'O } }, extDataHash := omit, omitted := omit }, headerInfo := { psid := 36, generationTime := 716460260232709, expiryTime := omit, generationLocation := omit, p2pcdLearningRequest := omit, missingCrlIdentifier := omit, encryptionKey := omit, inlineP2pcdRequest := omit, requestedCertificate := omit, pduFunctionalType := omit, contributedExtensions := omit } }, signer := { certificate := { { version := 3, type_ := explicit (0), issuer := { sha256AndDigest := '370736BDE47BC124'O }, toBeSigned := { id := { none_ := NULL }, cracaId := '000000'O, crlSeries := 0, validityPeriod := { start_ := 716459852, duration := { hours := 24 } }, region := omit, assuranceLevel := omit, appPermissions := { { psid := 36, ssp := { bitmapSsp := '01FFFC'O } }, { psid := 37, ssp := { bitmapSsp := '01FFFFFF'O } }, { psid := 141, ssp := omit }, { psid := 638, ssp := { bitmapSsp := '01'O } } }, certIssuePermissions := omit, certRequestPermissions := omit, canRequestRollover := omit, encryptionKey := omit, verifyKeyIndicator := { verificationKey := { ecdsaNistP256 := { compressed_y_0 := 'DC31EC3F453DEDBF1D9181E92DA016F8C48427BFE943F5D1456E022A64CE4FFC'O } } }, flags := omit, appExtensions := omit, certIssueExtensions := omit, certRequestExtension := omit }, signature_ := { ecdsaNistP256Signature := { rSig := { x_only := 'A3906D86FEF33B41694D011EA969415736896F12D1E9EA145D6DCA95F6549BFE'O }, sSig := '49DA542D6438732069C85F1D95B0D8A4636F5AD28EF8515408EE308C4CB1EC50'O } } } } }, signature_ := { ecdsaNistP256Signature := { rSig := { x_only := '0F9391542AE564E05160CA9DE3E9DC532AFECE887C80DC121C0543905FD3F375'O }, sSig := '96DA5613891AC05ED926A5A7F6B9C8A4E0B2137C1C0C8393FD0842085B5D33FD'O } } } } } } }, macDestinationAddress := 'FFFFFFFFFFFF'O, ssp := '000000011111111111111100'B, its_aid := 36 } id 1
10:44:16.136732 Timeout t: 1 s
10:44:16.137138 Sent on acPort to system @LibItsGeoNetworking_TypesAndValues.AcGnPrimitive : { getLongPosVector := { gnAddress := { typeOfAddress := e_initial (0), stationType := e_unknown (0), reserved := 0, mid := '020000000001'O } } }
10:44:16.137205 Message enqueued on acPort from system @LibItsGeoNetworking_TypesAndValues.AcGnResponse : { getLongPosVector := { gnAddr := { typeOfAddress := e_initial (0), stationType := e_unknown (0), reserved := 0, mid := '020000000001'O }, timestamp_ := 0, latitude := 520000000, longitude := 130000000, pai := '0'B, speed := 0, heading := 0 } } id 1
10:44:16.137243 Start timer tc_ac: 30 s
10:44:16.137292 Receive operation on port acPort succeeded, message from system(): @LibItsGeoNetworking_TypesAndValues.AcGnResponse : { getLongPosVector := { gnAddr := { typeOfAddress := e_initial (0), stationType := e_unknown (0), reserved := 0, mid := '020000000001'O }, timestamp_ := 0, latitude := 520000000, longitude := 130000000, pai := '0'B, speed := 0, heading := 0 } } id 1
10:44:16.137304 Message with id 1 was extracted from the queue of acPort.
10:44:16.137362 Stop timer tc_ac: 30 s
10:44:16.137547 Altstep a_default was activated as default, id 2
10:44:16.137565 Altstep a_utDefault was activated as default, id 3
10:44:16.137574 Altstep a_neighbourDefault was activated as default, id 4
10:44:16.137921 Sent on acPort to system @LibItsGeoNetworking_TypesAndValues.AcGnPrimitive : { startBeaconing := { beaconPacket := { basicHeader := { version := 1, nextHeader := e_commonHeader (1), reserved := 0, lifeTime := { multiplier := 10, ltBase := e_100s (3) }, routerHopLimit := 1 }, gnPacket := { packet := { commonHeader := { nextHeader := e_any (0), reserved := 0, headerTST := { beaconHdr := { headerType := e_beacon (1), headerSubType := 0 } }, trafficClass := { scf := e_scfEnabled (1), channelOffload := e_choffDisabled (0), tcId := 0 }, flags := '00000000'B, plLength := 0, maxHopLimit := 1, reserved2 := 0 }, extendedHeader := { beaconHeader := { srcPosVector := { gnAddr := { typeOfAddress := e_manual (1), stationType := e_passengerCar (5), reserved := 0, mid := '00000000000B'O }, timestamp_ := 3495684001, latitude := 520020000, longitude := 130000000, pai := '1'B, speed := 0, heading := 0 } } }, payload := omit }, securedMsg := omit } } } }
10:44:16.139005 Start timer t: 1 s
10:44:16.334214 security_services_its::process_ieee_1609_dot2_signed_data: generation time check 716460261332591 / 716460256334213, delta = 4998378.000000, comp = 0
10:44:16.335214 Message enqueued on geoNetworkingPort from system @LibItsGeoNetworking_TypesAndValues.GeoNetworkingInd : { msgIn := { basicHeader := { version := 1, nextHeader := e_securedPacket (2), reserved := 0, lifeTime := { multiplier := 6, ltBase := e_10s (2) }, routerHopLimit := 1 }, gnPacket := { packet := { commonHeader := { nextHeader := e_btpB (2), reserved := 0, headerTST := { tsbHdr := { headerType := e_topologicallyScopedBroadcast (5), headerSubType := e_singleHop (0) } }, trafficClass := { scf := e_scfDisabled (0), channelOffload := e_choffDisabled (0), tcId := 0 }, flags := '10000000'B, plLength := 30, maxHopLimit := 1, reserved2 := 0 }, extendedHeader := { shbHeader := { srcPosVector := { gnAddr := { typeOfAddress := e_initial (0), stationType := e_unknown (0), reserved := 0, mid := '020000000001'O }, timestamp_ := 3495690196, latitude := 520000000, longitude := 130000000, pai := '0'B, speed := 0, heading := 0 }, reserved := 0 } }, payload := '07D1000002020000002A0000005A946F600E612ED01FFFFFFC23B7743E80'O }, securedMsg := { protocolVersion := 3, content := { signedData := { hashId := sha256 (0), tbsData := { payload := { data := { protocolVersion := 3, content := { unsecuredData := '20500080001E01000000020000000001D05BFFD41EFE920007BFA480000000000000000007D1000002020000002A0000005A946F600E612ED01FFFFFFC23B7743E80'O } }, extDataHash := omit, omitted := omit }, headerInfo := { psid := 36, generationTime := 716460261332591, expiryTime := omit, generationLocation := omit, p2pcdLearningRequest := omit, missingCrlIdentifier := omit, encryptionKey := omit, inlineP2pcdRequest := omit, requestedCertificate := omit, pduFunctionalType := omit, contributedExtensions := omit } }, signer := { certificate := { { version := 3, type_ := explicit (0), issuer := { sha256AndDigest := '370736BDE47BC124'O }, toBeSigned := { id := { none_ := NULL }, cracaId := '000000'O, crlSeries := 0, validityPeriod := { start_ := 716459852, duration := { hours := 24 } }, region := omit, assuranceLevel := omit, appPermissions := { { psid := 36, ssp := { bitmapSsp := '01FFFC'O } }, { psid := 37, ssp := { bitmapSsp := '01FFFFFF'O } }, { psid := 141, ssp := omit }, { psid := 638, ssp := { bitmapSsp := '01'O } } }, certIssuePermissions := omit, certRequestPermissions := omit, canRequestRollover := omit, encryptionKey := omit, verifyKeyIndicator := { verificationKey := { ecdsaNistP256 := { compressed_y_0 := 'DC31EC3F453DEDBF1D9181E92DA016F8C48427BFE943F5D1456E022A64CE4FFC'O } } }, flags := omit, appExtensions := omit, certIssueExtensions := omit, certRequestExtension := omit }, signature_ := { ecdsaNistP256Signature := { rSig := { x_only := 'A3906D86FEF33B41694D011EA969415736896F12D1E9EA145D6DCA95F6549BFE'O }, sSig := '49DA542D6438732069C85F1D95B0D8A4636F5AD28EF8515408EE308C4CB1EC50'O } } } } }, signature_ := { ecdsaNistP256Signature := { rSig := { x_only := 'BCCED5701002112A5EE6B36648BCBDA87FA3E6DA8ACCEC34404C2A1200D18A9F'O }, sSig := '41044189E7E61F7A746DBBC5166D8B3B90EB1B6E0B807621F4B5C4A40DF73047'O } } } } } } }, macDestinationAddress := 'FFFFFFFFFFFF'O, ssp := '000000011111111111111100'B, its_aid := 36 } id 2
10:44:17.139070 Timeout t: 1 s
10:44:17.139328 Start timer t: 0.5 s
10:44:17.139668 Receive operation on port geoNetworkingPort succeeded, message from system(): @LibItsGeoNetworking_TypesAndValues.GeoNetworkingInd: { msgIn := { basicHeader := { version := 1, nextHeader := e_securedPacket (2), reserved := 0, lifeTime := { multiplier := 6, ltBase := e_10s (2) }, routerHopLimit := 1 }, gnPacket := { packet := { commonHeader := { nextHeader := e_btpB (2), reserved := 0, headerTST := { tsbHdr := { headerType := e_topologicallyScopedBroadcast (5), headerSubType := e_singleHop (0) } }, trafficClass := { scf := e_scfDisabled (0), channelOffload := e_choffDisabled (0), tcId := 0 }, flags := '10000000'B, plLength := 30, maxHopLimit := 1, reserved2 := 0 }, extendedHeader := { shbHeader := { srcPosVector := { gnAddr := { typeOfAddress := e_initial (0), stationType := e_unknown (0), reserved := 0, mid := '020000000001'O }, timestamp_ := 3495689096, latitude := 520000000, longitude := 130000000, pai := '0'B, speed := 0, heading := 0 }, reserved := 0 } }, payload := '07D1000002020000002A0000005A946F600E612ED01FFFFFFC23B7743E80'O }, securedMsg := { protocolVersion := 3, content := { signedData := { hashId := sha256 (0), tbsData := { payload := { data := { protocolVersion := 3, content := { unsecuredData := '20500080001E01000000020000000001D05BFB881EFE920007BFA480000000000000000007D1000002020000002A0000005A946F600E612ED01FFFFFFC23B7743E80'O } }, extDataHash := omit, omitted := omit }, headerInfo := { psid := 36, generationTime := 716460260232709, expiryTime := omit, generationLocation := omit, p2pcdLearningRequest := omit, missingCrlIdentifier := omit, encryptionKey := omit, inlineP2pcdRequest := omit, requestedCertificate := omit, pduFunctionalType := omit, contributedExtensions := omit } }, signer := { certificate := { { version := 3, type_ := explicit (0), issuer := { sha256AndDigest := '370736BDE47BC124'O }, toBeSigned := { id := { none_ := NULL }, cracaId := '000000'O, crlSeries := 0, validityPeriod := { start_ := 716459852, duration := { hours := 24 } }, region := omit, assuranceLevel := omit, appPermissions := { { psid := 36, ssp := { bitmapSsp := '01FFFC'O } }, { psid := 37, ssp := { bitmapSsp := '01FFFFFF'O } }, { psid := 141, ssp := omit }, { psid := 638, ssp := { bitmapSsp := '01'O } } }, certIssuePermissions := omit, certRequestPermissions := omit, canRequestRollover := omit, encryptionKey := omit, verifyKeyIndicator := { verificationKey := { ecdsaNistP256 := { compressed_y_0 := 'DC31EC3F453DEDBF1D9181E92DA016F8C48427BFE943F5D1456E022A64CE4FFC'O } } }, flags := omit, appExtensions := omit, certIssueExtensions := omit, certRequestExtension := omit }, signature_ := { ecdsaNistP256Signature := { rSig := { x_only := 'A3906D86FEF33B41694D011EA969415736896F12D1E9EA145D6DCA95F6549BFE'O }, sSig := '49DA542D6438732069C85F1D95B0D8A4636F5AD28EF8515408EE308C4CB1EC50'O } } } } }, signature_ := { ecdsaNistP256Signature := { rSig := { x_only := '0F9391542AE564E05160CA9DE3E9DC532AFECE887C80DC121C0543905FD3F375'O }, sSig := '96DA5613891AC05ED926A5A7F6B9C8A4E0B2137C1C0C8393FD0842085B5D33FD'O } } } } } } }, macDestinationAddress := 'FFFFFFFFFFFF'O, ssp := '000000011111111111111100'B, its_aid := 36 } id 1
10:44:17.139738 Message with id 1 was extracted from the queue of geoNetworkingPort.
10:44:17.139750 *** a_default: WARNING: Received an unexpected message ***
10:44:17.139754 Default with id 4 (altstep a_neighbourDefault) has reached a break statement. Skipping current alt statement or receiving operation.
10:44:17.139855 Receive operation on port geoNetworkingPort succeeded, message from system(): @LibItsGeoNetworking_TypesAndValues.GeoNetworkingInd: { msgIn := { basicHeader := { version := 1, nextHeader := e_securedPacket (2), reserved := 0, lifeTime := { multiplier := 6, ltBase := e_10s (2) }, routerHopLimit := 1 }, gnPacket := { packet := { commonHeader := { nextHeader := e_btpB (2), reserved := 0, headerTST := { tsbHdr := { headerType := e_topologicallyScopedBroadcast (5), headerSubType := e_singleHop (0) } }, trafficClass := { scf := e_scfDisabled (0), channelOffload := e_choffDisabled (0), tcId := 0 }, flags := '10000000'B, plLength := 30, maxHopLimit := 1, reserved2 := 0 }, extendedHeader := { shbHeader := { srcPosVector := { gnAddr := { typeOfAddress := e_initial (0), stationType := e_unknown (0), reserved := 0, mid := '020000000001'O }, timestamp_ := 3495690196, latitude := 520000000, longitude := 130000000, pai := '0'B, speed := 0, heading := 0 }, reserved := 0 } }, payload := '07D1000002020000002A0000005A946F600E612ED01FFFFFFC23B7743E80'O }, securedMsg := { protocolVersion := 3, content := { signedData := { hashId := sha256 (0), tbsData := { payload := { data := { protocolVersion := 3, content := { unsecuredData := '20500080001E01000000020000000001D05BFFD41EFE920007BFA480000000000000000007D1000002020000002A0000005A946F600E612ED01FFFFFFC23B7743E80'O } }, extDataHash := omit, omitted := omit }, headerInfo := { psid := 36, generationTime := 716460261332591, expiryTime := omit, generationLocation := omit, p2pcdLearningRequest := omit, missingCrlIdentifier := omit, encryptionKey := omit, inlineP2pcdRequest := omit, requestedCertificate := omit, pduFunctionalType := omit, contributedExtensions := omit } }, signer := { certificate := { { version := 3, type_ := explicit (0), issuer := { sha256AndDigest := '370736BDE47BC124'O }, toBeSigned := { id := { none_ := NULL }, cracaId := '000000'O, crlSeries := 0, validityPeriod := { start_ := 716459852, duration := { hours := 24 } }, region := omit, assuranceLevel := omit, appPermissions := { { psid := 36, ssp := { bitmapSsp := '01FFFC'O } }, { psid := 37, ssp := { bitmapSsp := '01FFFFFF'O } }, { psid := 141, ssp := omit }, { psid := 638, ssp := { bitmapSsp := '01'O } } }, certIssuePermissions := omit, certRequestPermissions := omit, canRequestRollover := omit, encryptionKey := omit, verifyKeyIndicator := { verificationKey := { ecdsaNistP256 := { compressed_y_0 := 'DC31EC3F453DEDBF1D9181E92DA016F8C48427BFE943F5D1456E022A64CE4FFC'O } } }, flags := omit, appExtensions := omit, certIssueExtensions := omit, certRequestExtension := omit }, signature_ := { ecdsaNistP256Signature := { rSig := { x_only := 'A3906D86FEF33B41694D011EA969415736896F12D1E9EA145D6DCA95F6549BFE'O }, sSig := '49DA542D6438732069C85F1D95B0D8A4636F5AD28EF8515408EE308C4CB1EC50'O } } } } }, signature_ := { ecdsaNistP256Signature := { rSig := { x_only := 'BCCED5701002112A5EE6B36648BCBDA87FA3E6DA8ACCEC34404C2A1200D18A9F'O }, sSig := '41044189E7E61F7A746DBBC5166D8B3B90EB1B6E0B807621F4B5C4A40DF73047'O } } } } } } }, macDestinationAddress := 'FFFFFFFFFFFF'O, ssp := '000000011111111111111100'B, its_aid := 36 } id 2
10:44:17.139900 Message with id 2 was extracted from the queue of geoNetworkingPort.
10:44:17.139903 *** a_default: WARNING: Received an unexpected message ***
10:44:17.139906 Default with id 4 (altstep a_neighbourDefault) has reached a break statement. Skipping current alt statement or receiving operation.
10:44:17.333795 security_services_its::process_ieee_1609_dot2_signed_data: generation time check 716460262332657 / 716460257333794, delta = 4998863.000000, comp = 0
10:44:17.334344 Message enqueued on geoNetworkingPort from system @LibItsGeoNetworking_TypesAndValues.GeoNetworkingInd : { msgIn := { basicHeader := { version := 1, nextHeader := e_securedPacket (2), reserved := 0, lifeTime := { multiplier := 6, ltBase := e_10s (2) }, routerHopLimit := 1 }, gnPacket := { packet := { commonHeader := { nextHeader := e_btpB (2), reserved := 0, headerTST := { tsbHdr := { headerType := e_topologicallyScopedBroadcast (5), headerSubType := e_singleHop (0) } }, trafficClass := { scf := e_scfDisabled (0), channelOffload := e_choffDisabled (0), tcId := 0 }, flags := '10000000'B, plLength := 30, maxHopLimit := 1, reserved2 := 0 }, extendedHeader := { shbHeader := { srcPosVector := { gnAddr := { typeOfAddress := e_initial (0), stationType := e_unknown (0), reserved := 0, mid := '020000000001'O }, timestamp_ := 3495691196, latitude := 520000000, longitude := 130000000, pai := '0'B, speed := 0, heading := 0 }, reserved := 0 } }, payload := '07D1000002020000002A0000005A946F600E612ED01FFFFFFC23B7743E80'O }, securedMsg := { protocolVersion := 3, content := { signedData := { hashId := sha256 (0), tbsData := { payload := { data := { protocolVersion := 3, content := { unsecuredData := '20500080001E01000000020000000001D05C03BC1EFE920007BFA480000000000000000007D1000002020000002A0000005A946F600E612ED01FFFFFFC23B7743E80'O } }, extDataHash := omit, omitted := omit }, headerInfo := { psid := 36, generationTime := 716460262332657, expiryTime := omit, generationLocation := omit, p2pcdLearningRequest := omit, missingCrlIdentifier := omit, encryptionKey := omit, inlineP2pcdRequest := omit, requestedCertificate := omit, pduFunctionalType := omit, contributedExtensions := omit } }, signer := { certificate := { { version := 3, type_ := explicit (0), issuer := { sha256AndDigest := '370736BDE47BC124'O }, toBeSigned := { id := { none_ := NULL }, cracaId := '000000'O, crlSeries := 0, validityPeriod := { start_ := 716459852, duration := { hours := 24 } }, region := omit, assuranceLevel := omit, appPermissions := { { psid := 36, ssp := { bitmapSsp := '01FFFC'O } }, { psid := 37, ssp := { bitmapSsp := '01FFFFFF'O } }, { psid := 141, ssp := omit }, { psid := 638, ssp := { bitmapSsp := '01'O } } }, certIssuePermissions := omit, certRequestPermissions := omit, canRequestRollover := omit, encryptionKey := omit, verifyKeyIndicator := { verificationKey := { ecdsaNistP256 := { compressed_y_0 := 'DC31EC3F453DEDBF1D9181E92DA016F8C48427BFE943F5D1456E022A64CE4FFC'O } } }, flags := omit, appExtensions := omit, certIssueExtensions := omit, certRequestExtension := omit }, signature_ := { ecdsaNistP256Signature := { rSig := { x_only := 'A3906D86FEF33B41694D011EA969415736896F12D1E9EA145D6DCA95F6549BFE'O }, sSig := '49DA542D6438732069C85F1D95B0D8A4636F5AD28EF8515408EE308C4CB1EC50'O } } } } }, signature_ := { ecdsaNistP256Signature := { rSig := { x_only := '215857CF56802A2C5FFF70C6B34D7893F290C73524BCC2D7D5CFE6E06D15A29C'O }, sSig := '369A6E79F6376702A35E36095196FD22DC2C5193877B07D969F182ABD6A380FF'O } } } } } } }, macDestinationAddress := 'FFFFFFFFFFFF'O, ssp := '000000011111111111111100'B, its_aid := 36 } id 3
10:44:17.334575 Receive operation on port geoNetworkingPort succeeded, message from system(): @LibItsGeoNetworking_TypesAndValues.GeoNetworkingInd: { msgIn := { basicHeader := { version := 1, nextHeader := e_securedPacket (2), reserved := 0, lifeTime := { multiplier := 6, ltBase := e_10s (2) }, routerHopLimit := 1 }, gnPacket := { packet := { commonHeader := { nextHeader := e_btpB (2), reserved := 0, headerTST := { tsbHdr := { headerType := e_topologicallyScopedBroadcast (5), headerSubType := e_singleHop (0) } }, trafficClass := { scf := e_scfDisabled (0), channelOffload := e_choffDisabled (0), tcId := 0 }, flags := '10000000'B, plLength := 30, maxHopLimit := 1, reserved2 := 0 }, extendedHeader := { shbHeader := { srcPosVector := { gnAddr := { typeOfAddress := e_initial (0), stationType := e_unknown (0), reserved := 0, mid := '020000000001'O }, timestamp_ := 3495691196, latitude := 520000000, longitude := 130000000, pai := '0'B, speed := 0, heading := 0 }, reserved := 0 } }, payload := '07D1000002020000002A0000005A946F600E612ED01FFFFFFC23B7743E80'O }, securedMsg := { protocolVersion := 3, content := { signedData := { hashId := sha256 (0), tbsData := { payload := { data := { protocolVersion := 3, content := { unsecuredData := '20500080001E01000000020000000001D05C03BC1EFE920007BFA480000000000000000007D1000002020000002A0000005A946F600E612ED01FFFFFFC23B7743E80'O } }, extDataHash := omit, omitted := omit }, headerInfo := { psid := 36, generationTime := 716460262332657, expiryTime := omit, generationLocation := omit, p2pcdLearningRequest := omit, missingCrlIdentifier := omit, encryptionKey := omit, inlineP2pcdRequest := omit, requestedCertificate := omit, pduFunctionalType := omit, contributedExtensions := omit } }, signer := { certificate := { { version := 3, type_ := explicit (0), issuer := { sha256AndDigest := '370736BDE47BC124'O }, toBeSigned := { id := { none_ := NULL }, cracaId := '000000'O, crlSeries := 0, validityPeriod := { start_ := 716459852, duration := { hours := 24 } }, region := omit, assuranceLevel := omit, appPermissions := { { psid := 36, ssp := { bitmapSsp := '01FFFC'O } }, { psid := 37, ssp := { bitmapSsp := '01FFFFFF'O } }, { psid := 141, ssp := omit }, { psid := 638, ssp := { bitmapSsp := '01'O } } }, certIssuePermissions := omit, certRequestPermissions := omit, canRequestRollover := omit, encryptionKey := omit, verifyKeyIndicator := { verificationKey := { ecdsaNistP256 := { compressed_y_0 := 'DC31EC3F453DEDBF1D9181E92DA016F8C48427BFE943F5D1456E022A64CE4FFC'O } } }, flags := omit, appExtensions := omit, certIssueExtensions := omit, certRequestExtension := omit }, signature_ := { ecdsaNistP256Signature := { rSig := { x_only := 'A3906D86FEF33B41694D011EA969415736896F12D1E9EA145D6DCA95F6549BFE'O }, sSig := '49DA542D6438732069C85F1D95B0D8A4636F5AD28EF8515408EE308C4CB1EC50'O } } } } }, signature_ := { ecdsaNistP256Signature := { rSig := { x_only := '215857CF56802A2C5FFF70C6B34D7893F290C73524BCC2D7D5CFE6E06D15A29C'O }, sSig := '369A6E79F6376702A35E36095196FD22DC2C5193877B07D969F182ABD6A380FF'O } } } } } } }, macDestinationAddress := 'FFFFFFFFFFFF'O, ssp := '000000011111111111111100'B, its_aid := 36 } id 3
10:44:17.334604 Message with id 3 was extracted from the queue of geoNetworkingPort.
10:44:17.334611 *** a_default: WARNING: Received an unexpected message ***
10:44:17.334615 Default with id 4 (altstep a_neighbourDefault) has reached a break statement. Skipping current alt statement or receiving operation.
10:44:17.639706 Timeout t: 0.5 s
10:44:17.640230 **** f_selfSync: Successfully passed PREAMBLE synchronization point. ****
10:44:17.640260 Start timer tc_ac: 30 s
10:44:18.333787 security_services_its::process_ieee_1609_dot2_signed_data: generation time check 716460263332757 / 716460258333786, delta = 4998971.000000, comp = 0
10:44:18.334391 Message enqueued on geoNetworkingPort from system @LibItsGeoNetworking_TypesAndValues.GeoNetworkingInd : { msgIn := { basicHeader := { version := 1, nextHeader := e_securedPacket (2), reserved := 0, lifeTime := { multiplier := 6, ltBase := e_10s (2) }, routerHopLimit := 1 }, gnPacket := { packet := { commonHeader := { nextHeader := e_btpB (2), reserved := 0, headerTST := { tsbHdr := { headerType := e_topologicallyScopedBroadcast (5), headerSubType := e_singleHop (0) } }, trafficClass := { scf := e_scfDisabled (0), channelOffload := e_choffDisabled (0), tcId := 0 }, flags := '10000000'B, plLength := 30, maxHopLimit := 1, reserved2 := 0 }, extendedHeader := { shbHeader := { srcPosVector := { gnAddr := { typeOfAddress := e_initial (0), stationType := e_unknown (0), reserved := 0, mid := '020000000001'O }, timestamp_ := 3495692196, latitude := 520000000, longitude := 130000000, pai := '0'B, speed := 0, heading := 0 }, reserved := 0 } }, payload := '07D1000002020000002A0000005A946F600E612ED01FFFFFFC23B7743E80'O }, securedMsg := { protocolVersion := 3, content := { signedData := { hashId := sha256 (0), tbsData := { payload := { data := { protocolVersion := 3, content := { unsecuredData := '20500080001E01000000020000000001D05C07A41EFE920007BFA480000000000000000007D1000002020000002A0000005A946F600E612ED01FFFFFFC23B7743E80'O } }, extDataHash := omit, omitted := omit }, headerInfo := { psid := 36, generationTime := 716460263332757, expiryTime := omit, generationLocation := omit, p2pcdLearningRequest := omit, missingCrlIdentifier := omit, encryptionKey := omit, inlineP2pcdRequest := omit, requestedCertificate := omit, pduFunctionalType := omit, contributedExtensions := omit } }, signer := { certificate := { { version := 3, type_ := explicit (0), issuer := { sha256AndDigest := '370736BDE47BC124'O }, toBeSigned := { id := { none_ := NULL }, cracaId := '000000'O, crlSeries := 0, validityPeriod := { start_ := 716459852, duration := { hours := 24 } }, region := omit, assuranceLevel := omit, appPermissions := { { psid := 36, ssp := { bitmapSsp := '01FFFC'O } }, { psid := 37, ssp := { bitmapSsp := '01FFFFFF'O } }, { psid := 141, ssp := omit }, { psid := 638, ssp := { bitmapSsp := '01'O } } }, certIssuePermissions := omit, certRequestPermissions := omit, canRequestRollover := omit, encryptionKey := omit, verifyKeyIndicator := { verificationKey := { ecdsaNistP256 := { compressed_y_0 := 'DC31EC3F453DEDBF1D9181E92DA016F8C48427BFE943F5D1456E022A64CE4FFC'O } } }, flags := omit, appExtensions := omit, certIssueExtensions := omit, certRequestExtension := omit }, signature_ := { ecdsaNistP256Signature := { rSig := { x_only := 'A3906D86FEF33B41694D011EA969415736896F12D1E9EA145D6DCA95F6549BFE'O }, sSig := '49DA542D6438732069C85F1D95B0D8A4636F5AD28EF8515408EE308C4CB1EC50'O } } } } }, signature_ := { ecdsaNistP256Signature := { rSig := { x_only := '022736B0ECDDDFE3D67D6E62471F19D47858F1A4410F33DC2CF179FB6BFA8263'O }, sSig := 'C3983E76C3D1C114E22DAC960B950F9DF8ED7197B2BF2907355F986F42FC73D7'O } } } } } } }, macDestinationAddress := 'FFFFFFFFFFFF'O, ssp := '000000011111111111111100'B, its_aid := 36 } id 4
10:44:18.334589 Receive operation on port geoNetworkingPort succeeded, message from system(): @LibItsGeoNetworking_TypesAndValues.GeoNetworkingInd : { msgIn := { basicHeader := { version := 1, nextHeader := e_securedPacket (2), reserved := 0, lifeTime := { multiplier := 6, ltBase := e_10s (2) }, routerHopLimit := 1 }, gnPacket := { packet := { commonHeader := { nextHeader := e_btpB (2), reserved := 0, headerTST := { tsbHdr := { headerType := e_topologicallyScopedBroadcast (5), headerSubType := e_singleHop (0) } }, trafficClass := { scf := e_scfDisabled (0), channelOffload := e_choffDisabled (0), tcId := 0 }, flags := '10000000'B, plLength := 30, maxHopLimit := 1, reserved2 := 0 }, extendedHeader := { shbHeader := { srcPosVector := { gnAddr := { typeOfAddress := e_initial (0), stationType := e_unknown (0), reserved := 0, mid := '020000000001'O }, timestamp_ := 3495692196, latitude := 520000000, longitude := 130000000, pai := '0'B, speed := 0, heading := 0 }, reserved := 0 } }, payload := '07D1000002020000002A0000005A946F600E612ED01FFFFFFC23B7743E80'O }, securedMsg := { protocolVersion := 3, content := { signedData := { hashId := sha256 (0), tbsData := { payload := { data := { protocolVersion := 3, content := { unsecuredData := '20500080001E01000000020000000001D05C07A41EFE920007BFA480000000000000000007D1000002020000002A0000005A946F600E612ED01FFFFFFC23B7743E80'O } }, extDataHash := omit, omitted := omit }, headerInfo := { psid := 36, generationTime := 716460263332757, expiryTime := omit, generationLocation := omit, p2pcdLearningRequest := omit, missingCrlIdentifier := omit, encryptionKey := omit, inlineP2pcdRequest := omit, requestedCertificate := omit, pduFunctionalType := omit, contributedExtensions := omit } }, signer := { certificate := { { version := 3, type_ := explicit (0), issuer := { sha256AndDigest := '370736BDE47BC124'O }, toBeSigned := { id := { none_ := NULL }, cracaId := '000000'O, crlSeries := 0, validityPeriod := { start_ := 716459852, duration := { hours := 24 } }, region := omit, assuranceLevel := omit, appPermissions := { { psid := 36, ssp := { bitmapSsp := '01FFFC'O } }, { psid := 37, ssp := { bitmapSsp := '01FFFFFF'O } }, { psid := 141, ssp := omit }, { psid := 638, ssp := { bitmapSsp := '01'O } } }, certIssuePermissions := omit, certRequestPermissions := omit, canRequestRollover := omit, encryptionKey := omit, verifyKeyIndicator := { verificationKey := { ecdsaNistP256 := { compressed_y_0 := 'DC31EC3F453DEDBF1D9181E92DA016F8C48427BFE943F5D1456E022A64CE4FFC'O } } }, flags := omit, appExtensions := omit, certIssueExtensions := omit, certRequestExtension := omit }, signature_ := { ecdsaNistP256Signature := { rSig := { x_only := 'A3906D86FEF33B41694D011EA969415736896F12D1E9EA145D6DCA95F6549BFE'O }, sSig := '49DA542D6438732069C85F1D95B0D8A4636F5AD28EF8515408EE308C4CB1EC50'O } } } } }, signature_ := { ecdsaNistP256Signature := { rSig := { x_only := '022736B0ECDDDFE3D67D6E62471F19D47858F1A4410F33DC2CF179FB6BFA8263'O }, sSig := 'C3983E76C3D1C114E22DAC960B950F9DF8ED7197B2BF2907355F986F42FC73D7'O } } } } } } }, macDestinationAddress := 'FFFFFFFFFFFF'O, ssp := '000000011111111111111100'B, its_aid := 36 } id 4
10:44:18.334606 Message with id 4 was extracted from the queue of geoNetworkingPort.
10:44:18.334618 Stop timer tc_ac: 30 s
10:44:18.334628 *** TC_SEC_ITSS_SND_CAM_03_BV: PASS: Correct secured packet received
10:44:18.334633 setverdict(pass): none -> pass
10:44:18.334688 **** f_selfSync: Successfully passed TEST BODY synchronization point. ****
10:44:18.334701 Sent on acPort to system @LibItsGeoNetworking_TypesAndValues.AcGnPrimitive : { stopBeaconing := { } }
10:44:18.334708 Default with id 4 (altstep a_neighbourDefault) was deactivated.
10:44:18.334727 Sent on acPort to system @LibItsCommon_TypesAndValues.AcSecPrimitive : { acDisableSecurity := { disable := true } }
10:44:18.334732 Message enqueued on acPort from system @LibItsCommon_TypesAndValues.AdapterControlResults : { acSecResponse := true } id 2
10:44:18.334737 Start timer tc_ac: 30 s
10:44:18.334747 Receive operation on port acPort succeeded, message from system(): @LibItsCommon_TypesAndValues.AdapterControlResults : { acSecResponse := true } id 2
10:44:18.334750 Message with id 2 was extracted from the queue of acPort.
10:44:18.334753 Stop timer tc_ac: 30 s
10:44:18.334770 Unmapping port mtc:acPort from system:acPort.
10:44:18.334884 Port acPort was unmapped from system:acPort.
10:44:18.335007 Unmap operation of mtc:acPort from system:acPort finished.
10:44:18.335041 Unmapping port mtc:utPort from system:utPort.
10:44:18.335162 Port utPort was unmapped from system:utPort.
10:44:18.335301 Unmap operation of mtc:utPort from system:utPort finished.
10:44:18.335324 Unmapping port mtc:geoNetworkingPort from system:geoNetworkingPort.
10:44:18.335457 Port geoNetworkingPort was unmapped from system:geoNetworkingPort.
10:44:18.335620 Unmap operation of mtc:geoNetworkingPort from system:geoNetworkingPort finished.
10:44:18.335636 Disconnecting ports mtc:syncSendPort and mtc:syncPort.
10:44:18.335710 Port syncSendPort has terminated the connection with local port syncPort.
10:44:18.335716 Port syncPort has terminated the connection with local port syncSendPort.
10:44:18.335827 Disconnect operation on mtc:syncSendPort and mtc:syncPort finished.
10:44:18.335861 Terminating component type LibItsGeoNetworking_TestSystem.ItsGeoNetworking.
10:44:18.335868 Default with id 1 (altstep a_cf01Down) was deactivated.
10:44:18.335872 Default with id 2 (altstep a_default) was deactivated.
10:44:18.335874 Default with id 3 (altstep a_utDefault) was deactivated.
10:44:18.335878 Port syncSendPort was stopped.
10:44:18.335883 Port syncPort was stopped.
10:44:18.335886 Port utPort was stopped.
10:44:18.335889 Port acPort was stopped.
10:44:18.335891 Port geoNetworkingPort was stopped.
10:44:18.335894 Component type LibItsGeoNetworking_TestSystem.ItsGeoNetworking was shut down inside testcase TC_SEC_ITSS_SND_CAM_03_BV.
10:44:18.335898 Waiting for PTCs to finish.
10:44:18.336024 Setting final verdict of the test case.
10:44:18.336057 Local verdict of MTC: pass
10:44:18.336068 No PTCs were created.
10:44:18.336074 Test case TC_SEC_ITSS_SND_CAM_03_BV finished. Verdict: pass
10:44:18.336164 Executing test case TC_SEC_ITSS_SND_CAM_04_BV in module ItsSecurity_TestCases.
10:44:18.336275 Test case TC_SEC_ITSS_SND_CAM_04_BV started.
10:44:18.336291 Initializing variables, timers and ports of component type LibItsGeoNetworking_TestSystem.ItsGeoNetworking inside testcase TC_SEC_ITSS_SND_CAM_04_BV.
10:44:18.336374 Port syncSendPort was started.
10:44:18.336384 Port syncPort was started.
10:44:18.336389 Port utPort was started.
10:44:18.336394 Port acPort was started.
10:44:18.336399 Port geoNetworkingPort was started.
10:44:18.336418 Component type LibItsGeoNetworking_TestSystem.ItsGeoNetworking was initialized.
10:44:18.336428 Mapping port mtc:acPort to system:acPort.
10:44:18.336546 Port acPort was mapped to system:acPort.
10:44:18.336651 Map operation of mtc:acPort to system:acPort finished.
10:44:18.336662 Mapping port mtc:utPort to system:utPort.
10:44:18.336879 Port utPort was mapped to system:utPort.
10:44:18.336935 Map operation of mtc:utPort to system:utPort finished.
10:44:18.336943 Mapping port mtc:geoNetworkingPort to system:geoNetworkingPort.
10:44:18.337081 security_services_its::setup: Already done
10:44:18.337175 Port geoNetworkingPort was mapped to system:geoNetworkingPort.
10:44:18.337266 Map operation of mtc:geoNetworkingPort to system:geoNetworkingPort finished.
10:44:18.337293 Connecting ports mtc:syncSendPort and mtc:syncPort.
10:44:18.337352 Port syncPort has established the connection with local port syncSendPort.
10:44:18.337359 Port syncSendPort has established the connection with local port syncPort.
10:44:18.337419 Connect operation on mtc:syncSendPort and mtc:syncPort finished.
10:44:18.337427 Altstep a_cf01Down was activated as default, id 1
10:44:18.337441 security_services_its::setup: Already done
10:44:18.337541 Selected issuer: '474321AD48592418'O
10:44:18.337665 Sent on utPort to system @LibItsGeoNetworking_TypesAndValues.UtGnInitialize : { hashedId8 := '98E7BFBA69FB453F'O }
10:44:18.338706 Message enqueued on utPort from system @LibItsGeoNetworking_TypesAndValues.UtGnResults : { utGnInitializeResult := true } id 1
10:44:18.338766 Start timer tc_wait: 120 s
10:44:18.338797 Receive operation on port utPort succeeded, message from system(): @LibItsGeoNetworking_TypesAndValues.UtGnResults : { utGnInitializeResult := true } id 1
10:44:18.338805 Message with id 1 was extracted from the queue of utPort.
10:44:18.338809 Stop timer tc_wait: 120 s
10:44:18.338813 *** f_utInitializeIut: INFO: IUT initialized ***
10:44:18.338820 Start timer t: 1 s
10:44:18.438277 security_services_its::process_ieee_1609_dot2_signed_data: generation time check 716460263437369 / 716460258438276, delta = 4999093.000000, comp = 0
10:44:18.438773 Message enqueued on geoNetworkingPort from system @LibItsGeoNetworking_TypesAndValues.GeoNetworkingInd : { msgIn := { basicHeader := { version := 1, nextHeader := e_securedPacket (2), reserved := 0, lifeTime := { multiplier := 6, ltBase := e_10s (2) }, routerHopLimit := 1 }, gnPacket := { packet := { commonHeader := { nextHeader := e_btpB (2), reserved := 0, headerTST := { tsbHdr := { headerType := e_topologicallyScopedBroadcast (5), headerSubType := e_singleHop (0) } }, trafficClass := { scf := e_scfDisabled (0), channelOffload := e_choffDisabled (0), tcId := 0 }, flags := '10000000'B, plLength := 30, maxHopLimit := 1, reserved2 := 0 }, extendedHeader := { shbHeader := { srcPosVector := { gnAddr := { typeOfAddress := e_initial (0), stationType := e_unknown (0), reserved := 0, mid := '020000000001'O }, timestamp_ := 3495692301, latitude := 520000000, longitude := 130000000, pai := '0'B, speed := 0, heading := 0 }, reserved := 0 } }, payload := '07D1000002020000002A0000005A946F600E612ED01FFFFFFC23B7743E80'O }, securedMsg := { protocolVersion := 3, content := { signedData := { hashId := sha256 (0), tbsData := { payload := { data := { protocolVersion := 3, content := { unsecuredData := '20500080001E01000000020000000001D05C080D1EFE920007BFA480000000000000000007D1000002020000002A0000005A946F600E612ED01FFFFFFC23B7743E80'O } }, extDataHash := omit, omitted := omit }, headerInfo := { psid := 36, generationTime := 716460263437369, expiryTime := omit, generationLocation := omit, p2pcdLearningRequest := omit, missingCrlIdentifier := omit, encryptionKey := omit, inlineP2pcdRequest := omit, requestedCertificate := omit, pduFunctionalType := omit, contributedExtensions := omit } }, signer := { certificate := { { version := 3, type_ := explicit (0), issuer := { sha256AndDigest := '370736BDE47BC124'O }, toBeSigned := { id := { none_ := NULL }, cracaId := '000000'O, crlSeries := 0, validityPeriod := { start_ := 716459852, duration := { hours := 24 } }, region := omit, assuranceLevel := omit, appPermissions := { { psid := 36, ssp := { bitmapSsp := '01FFFC'O } }, { psid := 37, ssp := { bitmapSsp := '01FFFFFF'O } }, { psid := 141, ssp := omit }, { psid := 638, ssp := { bitmapSsp := '01'O } } }, certIssuePermissions := omit, certRequestPermissions := omit, canRequestRollover := omit, encryptionKey := omit, verifyKeyIndicator := { verificationKey := { ecdsaNistP256 := { compressed_y_0 := 'DC31EC3F453DEDBF1D9181E92DA016F8C48427BFE943F5D1456E022A64CE4FFC'O } } }, flags := omit, appExtensions := omit, certIssueExtensions := omit, certRequestExtension := omit }, signature_ := { ecdsaNistP256Signature := { rSig := { x_only := 'A3906D86FEF33B41694D011EA969415736896F12D1E9EA145D6DCA95F6549BFE'O }, sSig := '49DA542D6438732069C85F1D95B0D8A4636F5AD28EF8515408EE308C4CB1EC50'O } } } } }, signature_ := { ecdsaNistP256Signature := { rSig := { x_only := 'AFC252CF509BA81D2AF8120AF4FAD0C734BA5C172D62FE9D9A9DB09FCA319AE1'O }, sSig := '5C2BC3CE79789B9EE2E5185101E344E9B30FFBADEA7D2FD9072BC264060D62BB'O } } } } } } }, macDestinationAddress := 'FFFFFFFFFFFF'O, ssp := '000000011111111111111100'B, its_aid := 36 } id 1
10:44:19.338924 Timeout t: 1 s
10:44:19.339006 Sent on acPort to system @LibItsGeoNetworking_TypesAndValues.AcGnPrimitive : { getLongPosVector := { gnAddress := { typeOfAddress := e_initial (0), stationType := e_unknown (0), reserved := 0, mid := '020000000001'O } } }
10:44:19.339024 Message enqueued on acPort from system @LibItsGeoNetworking_TypesAndValues.AcGnResponse : { getLongPosVector := { gnAddr := { typeOfAddress := e_initial (0), stationType := e_unknown (0), reserved := 0, mid := '020000000001'O }, timestamp_ := 0, latitude := 520000000, longitude := 130000000, pai := '0'B, speed := 0, heading := 0 } } id 1
10:44:19.339033 Start timer tc_ac: 30 s
10:44:19.339055 Receive operation on port acPort succeeded, message from system(): @LibItsGeoNetworking_TypesAndValues.AcGnResponse : { getLongPosVector := { gnAddr := { typeOfAddress := e_initial (0), stationType := e_unknown (0), reserved := 0, mid := '020000000001'O }, timestamp_ := 0, latitude := 520000000, longitude := 130000000, pai := '0'B, speed := 0, heading := 0 } } id 1
10:44:19.339061 Message with id 1 was extracted from the queue of acPort.
10:44:19.339066 Stop timer tc_ac: 30 s
10:44:19.339120 Altstep a_default was activated as default, id 2
10:44:19.339125 Altstep a_utDefault was activated as default, id 3
10:44:19.339128 Altstep a_neighbourDefault was activated as default, id 4
10:44:19.339225 Sent on acPort to system @LibItsGeoNetworking_TypesAndValues.AcGnPrimitive : { startBeaconing := { beaconPacket := { basicHeader := { version := 1, nextHeader := e_commonHeader (1), reserved := 0, lifeTime := { multiplier := 10, ltBase := e_100s (3) }, routerHopLimit := 1 }, gnPacket := { packet := { commonHeader := { nextHeader := e_any (0), reserved := 0, headerTST := { beaconHdr := { headerType := e_beacon (1), headerSubType := 0 } }, trafficClass := { scf := e_scfEnabled (1), channelOffload := e_choffDisabled (0), tcId := 0 }, flags := '00000000'B, plLength := 0, maxHopLimit := 1, reserved2 := 0 }, extendedHeader := { beaconHeader := { srcPosVector := { gnAddr := { typeOfAddress := e_manual (1), stationType := e_passengerCar (5), reserved := 0, mid := '00000000000B'O }, timestamp_ := 3495687203, latitude := 520020000, longitude := 130000000, pai := '1'B, speed := 0, heading := 0 } } }, payload := omit }, securedMsg := omit } } } }
10:44:19.339401 Start timer t: 1 s
10:44:19.538192 security_services_its::process_ieee_1609_dot2_signed_data: generation time check 716460264537195 / 716460259538192, delta = 4999003.000000, comp = 0
10:44:19.538742 Message enqueued on geoNetworkingPort from system @LibItsGeoNetworking_TypesAndValues.GeoNetworkingInd : { msgIn := { basicHeader := { version := 1, nextHeader := e_securedPacket (2), reserved := 0, lifeTime := { multiplier := 6, ltBase := e_10s (2) }, routerHopLimit := 1 }, gnPacket := { packet := { commonHeader := { nextHeader := e_btpB (2), reserved := 0, headerTST := { tsbHdr := { headerType := e_topologicallyScopedBroadcast (5), headerSubType := e_singleHop (0) } }, trafficClass := { scf := e_scfDisabled (0), channelOffload := e_choffDisabled (0), tcId := 0 }, flags := '10000000'B, plLength := 30, maxHopLimit := 1, reserved2 := 0 }, extendedHeader := { shbHeader := { srcPosVector := { gnAddr := { typeOfAddress := e_initial (0), stationType := e_unknown (0), reserved := 0, mid := '020000000001'O }, timestamp_ := 3495693401, latitude := 520000000, longitude := 130000000, pai := '0'B, speed := 0, heading := 0 }, reserved := 0 } }, payload := '07D1000002020000002A0000005A946F600E612ED01FFFFFFC23B7743E80'O }, securedMsg := { protocolVersion := 3, content := { signedData := { hashId := sha256 (0), tbsData := { payload := { data := { protocolVersion := 3, content := { unsecuredData := '20500080001E01000000020000000001D05C0C591EFE920007BFA480000000000000000007D1000002020000002A0000005A946F600E612ED01FFFFFFC23B7743E80'O } }, extDataHash := omit, omitted := omit }, headerInfo := { psid := 36, generationTime := 716460264537195, expiryTime := omit, generationLocation := omit, p2pcdLearningRequest := omit, missingCrlIdentifier := omit, encryptionKey := omit, inlineP2pcdRequest := omit, requestedCertificate := omit, pduFunctionalType := omit, contributedExtensions := omit } }, signer := { certificate := { { version := 3, type_ := explicit (0), issuer := { sha256AndDigest := '370736BDE47BC124'O }, toBeSigned := { id := { none_ := NULL }, cracaId := '000000'O, crlSeries := 0, validityPeriod := { start_ := 716459852, duration := { hours := 24 } }, region := omit, assuranceLevel := omit, appPermissions := { { psid := 36, ssp := { bitmapSsp := '01FFFC'O } }, { psid := 37, ssp := { bitmapSsp := '01FFFFFF'O } }, { psid := 141, ssp := omit }, { psid := 638, ssp := { bitmapSsp := '01'O } } }, certIssuePermissions := omit, certRequestPermissions := omit, canRequestRollover := omit, encryptionKey := omit, verifyKeyIndicator := { verificationKey := { ecdsaNistP256 := { compressed_y_0 := 'DC31EC3F453DEDBF1D9181E92DA016F8C48427BFE943F5D1456E022A64CE4FFC'O } } }, flags := omit, appExtensions := omit, certIssueExtensions := omit, certRequestExtension := omit }, signature_ := { ecdsaNistP256Signature := { rSig := { x_only := 'A3906D86FEF33B41694D011EA969415736896F12D1E9EA145D6DCA95F6549BFE'O }, sSig := '49DA542D6438732069C85F1D95B0D8A4636F5AD28EF8515408EE308C4CB1EC50'O } } } } }, signature_ := { ecdsaNistP256Signature := { rSig := { x_only := '3B68F7F5176DAAA57264CB773C7599AF35A867CF7E6197CD93CD2C67AA76C608'O }, sSig := '08908253EA0F431BEBBDEB1BA87985FA157559AE52DEABD87D0657DC1520437E'O } } } } } } }, macDestinationAddress := 'FFFFFFFFFFFF'O, ssp := '000000011111111111111100'B, its_aid := 36 } id 2
10:44:20.339415 Timeout t: 1 s
10:44:20.339481 Start timer t: 0.5 s
10:44:20.339699 Receive operation on port geoNetworkingPort succeeded, message from system(): @LibItsGeoNetworking_TypesAndValues.GeoNetworkingInd: { msgIn := { basicHeader := { version := 1, nextHeader := e_securedPacket (2), reserved := 0, lifeTime := { multiplier := 6, ltBase := e_10s (2) }, routerHopLimit := 1 }, gnPacket := { packet := { commonHeader := { nextHeader := e_btpB (2), reserved := 0, headerTST := { tsbHdr := { headerType := e_topologicallyScopedBroadcast (5), headerSubType := e_singleHop (0) } }, trafficClass := { scf := e_scfDisabled (0), channelOffload := e_choffDisabled (0), tcId := 0 }, flags := '10000000'B, plLength := 30, maxHopLimit := 1, reserved2 := 0 }, extendedHeader := { shbHeader := { srcPosVector := { gnAddr := { typeOfAddress := e_initial (0), stationType := e_unknown (0), reserved := 0, mid := '020000000001'O }, timestamp_ := 3495692301, latitude := 520000000, longitude := 130000000, pai := '0'B, speed := 0, heading := 0 }, reserved := 0 } }, payload := '07D1000002020000002A0000005A946F600E612ED01FFFFFFC23B7743E80'O }, securedMsg := { protocolVersion := 3, content := { signedData := { hashId := sha256 (0), tbsData := { payload := { data := { protocolVersion := 3, content := { unsecuredData := '20500080001E01000000020000000001D05C080D1EFE920007BFA480000000000000000007D1000002020000002A0000005A946F600E612ED01FFFFFFC23B7743E80'O } }, extDataHash := omit, omitted := omit }, headerInfo := { psid := 36, generationTime := 716460263437369, expiryTime := omit, generationLocation := omit, p2pcdLearningRequest := omit, missingCrlIdentifier := omit, encryptionKey := omit, inlineP2pcdRequest := omit, requestedCertificate := omit, pduFunctionalType := omit, contributedExtensions := omit } }, signer := { certificate := { { version := 3, type_ := explicit (0), issuer := { sha256AndDigest := '370736BDE47BC124'O }, toBeSigned := { id := { none_ := NULL }, cracaId := '000000'O, crlSeries := 0, validityPeriod := { start_ := 716459852, duration := { hours := 24 } }, region := omit, assuranceLevel := omit, appPermissions := { { psid := 36, ssp := { bitmapSsp := '01FFFC'O } }, { psid := 37, ssp := { bitmapSsp := '01FFFFFF'O } }, { psid := 141, ssp := omit }, { psid := 638, ssp := { bitmapSsp := '01'O } } }, certIssuePermissions := omit, certRequestPermissions := omit, canRequestRollover := omit, encryptionKey := omit, verifyKeyIndicator := { verificationKey := { ecdsaNistP256 := { compressed_y_0 := 'DC31EC3F453DEDBF1D9181E92DA016F8C48427BFE943F5D1456E022A64CE4FFC'O } } }, flags := omit, appExtensions := omit, certIssueExtensions := omit, certRequestExtension := omit }, signature_ := { ecdsaNistP256Signature := { rSig := { x_only := 'A3906D86FEF33B41694D011EA969415736896F12D1E9EA145D6DCA95F6549BFE'O }, sSig := '49DA542D6438732069C85F1D95B0D8A4636F5AD28EF8515408EE308C4CB1EC50'O } } } } }, signature_ := { ecdsaNistP256Signature := { rSig := { x_only := 'AFC252CF509BA81D2AF8120AF4FAD0C734BA5C172D62FE9D9A9DB09FCA319AE1'O }, sSig := '5C2BC3CE79789B9EE2E5185101E344E9B30FFBADEA7D2FD9072BC264060D62BB'O } } } } } } }, macDestinationAddress := 'FFFFFFFFFFFF'O, ssp := '000000011111111111111100'B, its_aid := 36 } id 1
10:44:20.339739 Message with id 1 was extracted from the queue of geoNetworkingPort.
10:44:20.339744 *** a_default: WARNING: Received an unexpected message ***
10:44:20.339748 Default with id 4 (altstep a_neighbourDefault) has reached a break statement. Skipping current alt statement or receiving operation.
10:44:20.339835 Receive operation on port geoNetworkingPort succeeded, message from system(): @LibItsGeoNetworking_TypesAndValues.GeoNetworkingInd: { msgIn := { basicHeader := { version := 1, nextHeader := e_securedPacket (2), reserved := 0, lifeTime := { multiplier := 6, ltBase := e_10s (2) }, routerHopLimit := 1 }, gnPacket := { packet := { commonHeader := { nextHeader := e_btpB (2), reserved := 0, headerTST := { tsbHdr := { headerType := e_topologicallyScopedBroadcast (5), headerSubType := e_singleHop (0) } }, trafficClass := { scf := e_scfDisabled (0), channelOffload := e_choffDisabled (0), tcId := 0 }, flags := '10000000'B, plLength := 30, maxHopLimit := 1, reserved2 := 0 }, extendedHeader := { shbHeader := { srcPosVector := { gnAddr := { typeOfAddress := e_initial (0), stationType := e_unknown (0), reserved := 0, mid := '020000000001'O }, timestamp_ := 3495693401, latitude := 520000000, longitude := 130000000, pai := '0'B, speed := 0, heading := 0 }, reserved := 0 } }, payload := '07D1000002020000002A0000005A946F600E612ED01FFFFFFC23B7743E80'O }, securedMsg := { protocolVersion := 3, content := { signedData := { hashId := sha256 (0), tbsData := { payload := { data := { protocolVersion := 3, content := { unsecuredData := '20500080001E01000000020000000001D05C0C591EFE920007BFA480000000000000000007D1000002020000002A0000005A946F600E612ED01FFFFFFC23B7743E80'O } }, extDataHash := omit, omitted := omit }, headerInfo := { psid := 36, generationTime := 716460264537195, expiryTime := omit, generationLocation := omit, p2pcdLearningRequest := omit, missingCrlIdentifier := omit, encryptionKey := omit, inlineP2pcdRequest := omit, requestedCertificate := omit, pduFunctionalType := omit, contributedExtensions := omit } }, signer := { certificate := { { version := 3, type_ := explicit (0), issuer := { sha256AndDigest := '370736BDE47BC124'O }, toBeSigned := { id := { none_ := NULL }, cracaId := '000000'O, crlSeries := 0, validityPeriod := { start_ := 716459852, duration := { hours := 24 } }, region := omit, assuranceLevel := omit, appPermissions := { { psid := 36, ssp := { bitmapSsp := '01FFFC'O } }, { psid := 37, ssp := { bitmapSsp := '01FFFFFF'O } }, { psid := 141, ssp := omit }, { psid := 638, ssp := { bitmapSsp := '01'O } } }, certIssuePermissions := omit, certRequestPermissions := omit, canRequestRollover := omit, encryptionKey := omit, verifyKeyIndicator := { verificationKey := { ecdsaNistP256 := { compressed_y_0 := 'DC31EC3F453DEDBF1D9181E92DA016F8C48427BFE943F5D1456E022A64CE4FFC'O } } }, flags := omit, appExtensions := omit, certIssueExtensions := omit, certRequestExtension := omit }, signature_ := { ecdsaNistP256Signature := { rSig := { x_only := 'A3906D86FEF33B41694D011EA969415736896F12D1E9EA145D6DCA95F6549BFE'O }, sSig := '49DA542D6438732069C85F1D95B0D8A4636F5AD28EF8515408EE308C4CB1EC50'O } } } } }, signature_ := { ecdsaNistP256Signature := { rSig := { x_only := '3B68F7F5176DAAA57264CB773C7599AF35A867CF7E6197CD93CD2C67AA76C608'O }, sSig := '08908253EA0F431BEBBDEB1BA87985FA157559AE52DEABD87D0657DC1520437E'O } } } } } } }, macDestinationAddress := 'FFFFFFFFFFFF'O, ssp := '000000011111111111111100'B, its_aid := 36 } id 2
10:44:20.339845 Message with id 2 was extracted from the queue of geoNetworkingPort.
10:44:20.339848 *** a_default: WARNING: Received an unexpected message ***
10:44:20.339851 Default with id 4 (altstep a_neighbourDefault) has reached a break statement. Skipping current alt statement or receiving operation.
10:44:20.540298 security_services_its::process_ieee_1609_dot2_signed_data: generation time check 716460265537771 / 716460260540296, delta = 4997475.000000, comp = 0
10:44:20.541428 Message enqueued on geoNetworkingPort from system @LibItsGeoNetworking_TypesAndValues.GeoNetworkingInd : { msgIn := { basicHeader := { version := 1, nextHeader := e_securedPacket (2), reserved := 0, lifeTime := { multiplier := 6, ltBase := e_10s (2) }, routerHopLimit := 1 }, gnPacket := { packet := { commonHeader := { nextHeader := e_btpB (2), reserved := 0, headerTST := { tsbHdr := { headerType := e_topologicallyScopedBroadcast (5), headerSubType := e_singleHop (0) } }, trafficClass := { scf := e_scfDisabled (0), channelOffload := e_choffDisabled (0), tcId := 0 }, flags := '10000000'B, plLength := 30, maxHopLimit := 1, reserved2 := 0 }, extendedHeader := { shbHeader := { srcPosVector := { gnAddr := { typeOfAddress := e_initial (0), stationType := e_unknown (0), reserved := 0, mid := '020000000001'O }, timestamp_ := 3495694401, latitude := 520000000, longitude := 130000000, pai := '0'B, speed := 0, heading := 0 }, reserved := 0 } }, payload := '07D1000002020000002A0000005A946F600E612ED01FFFFFFC23B7743E80'O }, securedMsg := { protocolVersion := 3, content := { signedData := { hashId := sha256 (0), tbsData := { payload := { data := { protocolVersion := 3, content := { unsecuredData := '20500080001E01000000020000000001D05C10411EFE920007BFA480000000000000000007D1000002020000002A0000005A946F600E612ED01FFFFFFC23B7743E80'O } }, extDataHash := omit, omitted := omit }, headerInfo := { psid := 36, generationTime := 716460265537771, expiryTime := omit, generationLocation := omit, p2pcdLearningRequest := omit, missingCrlIdentifier := omit, encryptionKey := omit, inlineP2pcdRequest := omit, requestedCertificate := omit, pduFunctionalType := omit, contributedExtensions := omit } }, signer := { certificate := { { version := 3, type_ := explicit (0), issuer := { sha256AndDigest := '370736BDE47BC124'O }, toBeSigned := { id := { none_ := NULL }, cracaId := '000000'O, crlSeries := 0, validityPeriod := { start_ := 716459852, duration := { hours := 24 } }, region := omit, assuranceLevel := omit, appPermissions := { { psid := 36, ssp := { bitmapSsp := '01FFFC'O } }, { psid := 37, ssp := { bitmapSsp := '01FFFFFF'O } }, { psid := 141, ssp := omit }, { psid := 638, ssp := { bitmapSsp := '01'O } } }, certIssuePermissions := omit, certRequestPermissions := omit, canRequestRollover := omit, encryptionKey := omit, verifyKeyIndicator := { verificationKey := { ecdsaNistP256 := { compressed_y_0 := 'DC31EC3F453DEDBF1D9181E92DA016F8C48427BFE943F5D1456E022A64CE4FFC'O } } }, flags := omit, appExtensions := omit, certIssueExtensions := omit, certRequestExtension := omit }, signature_ := { ecdsaNistP256Signature := { rSig := { x_only := 'A3906D86FEF33B41694D011EA969415736896F12D1E9EA145D6DCA95F6549BFE'O }, sSig := '49DA542D6438732069C85F1D95B0D8A4636F5AD28EF8515408EE308C4CB1EC50'O } } } } }, signature_ := { ecdsaNistP256Signature := { rSig := { x_only := '296678E3F86353E3B912CF8662CE30E1D8E45711FBF93B4593831D6C7C1413B6'O }, sSig := '8F708F3016281742AE0E8C42F6C7CC79D74B25DE109D05F782A320A48E0AE005'O } } } } } } }, macDestinationAddress := 'FFFFFFFFFFFF'O, ssp := '000000011111111111111100'B, its_aid := 36 } id 3
10:44:20.541897 Receive operation on port geoNetworkingPort succeeded, message from system(): @LibItsGeoNetworking_TypesAndValues.GeoNetworkingInd: { msgIn := { basicHeader := { version := 1, nextHeader := e_securedPacket (2), reserved := 0, lifeTime := { multiplier := 6, ltBase := e_10s (2) }, routerHopLimit := 1 }, gnPacket := { packet := { commonHeader := { nextHeader := e_btpB (2), reserved := 0, headerTST := { tsbHdr := { headerType := e_topologicallyScopedBroadcast (5), headerSubType := e_singleHop (0) } }, trafficClass := { scf := e_scfDisabled (0), channelOffload := e_choffDisabled (0), tcId := 0 }, flags := '10000000'B, plLength := 30, maxHopLimit := 1, reserved2 := 0 }, extendedHeader := { shbHeader := { srcPosVector := { gnAddr := { typeOfAddress := e_initial (0), stationType := e_unknown (0), reserved := 0, mid := '020000000001'O }, timestamp_ := 3495694401, latitude := 520000000, longitude := 130000000, pai := '0'B, speed := 0, heading := 0 }, reserved := 0 } }, payload := '07D1000002020000002A0000005A946F600E612ED01FFFFFFC23B7743E80'O }, securedMsg := { protocolVersion := 3, content := { signedData := { hashId := sha256 (0), tbsData := { payload := { data := { protocolVersion := 3, content := { unsecuredData := '20500080001E01000000020000000001D05C10411EFE920007BFA480000000000000000007D1000002020000002A0000005A946F600E612ED01FFFFFFC23B7743E80'O } }, extDataHash := omit, omitted := omit }, headerInfo := { psid := 36, generationTime := 716460265537771, expiryTime := omit, generationLocation := omit, p2pcdLearningRequest := omit, missingCrlIdentifier := omit, encryptionKey := omit, inlineP2pcdRequest := omit, requestedCertificate := omit, pduFunctionalType := omit, contributedExtensions := omit } }, signer := { certificate := { { version := 3, type_ := explicit (0), issuer := { sha256AndDigest := '370736BDE47BC124'O }, toBeSigned := { id := { none_ := NULL }, cracaId := '000000'O, crlSeries := 0, validityPeriod := { start_ := 716459852, duration := { hours := 24 } }, region := omit, assuranceLevel := omit, appPermissions := { { psid := 36, ssp := { bitmapSsp := '01FFFC'O } }, { psid := 37, ssp := { bitmapSsp := '01FFFFFF'O } }, { psid := 141, ssp := omit }, { psid := 638, ssp := { bitmapSsp := '01'O } } }, certIssuePermissions := omit, certRequestPermissions := omit, canRequestRollover := omit, encryptionKey := omit, verifyKeyIndicator := { verificationKey := { ecdsaNistP256 := { compressed_y_0 := 'DC31EC3F453DEDBF1D9181E92DA016F8C48427BFE943F5D1456E022A64CE4FFC'O } } }, flags := omit, appExtensions := omit, certIssueExtensions := omit, certRequestExtension := omit }, signature_ := { ecdsaNistP256Signature := { rSig := { x_only := 'A3906D86FEF33B41694D011EA969415736896F12D1E9EA145D6DCA95F6549BFE'O }, sSig := '49DA542D6438732069C85F1D95B0D8A4636F5AD28EF8515408EE308C4CB1EC50'O } } } } }, signature_ := { ecdsaNistP256Signature := { rSig := { x_only := '296678E3F86353E3B912CF8662CE30E1D8E45711FBF93B4593831D6C7C1413B6'O }, sSig := '8F708F3016281742AE0E8C42F6C7CC79D74B25DE109D05F782A320A48E0AE005'O } } } } } } }, macDestinationAddress := 'FFFFFFFFFFFF'O, ssp := '000000011111111111111100'B, its_aid := 36 } id 3
10:44:20.541932 Message with id 3 was extracted from the queue of geoNetworkingPort.
10:44:20.541960 *** a_default: WARNING: Received an unexpected message ***
10:44:20.541970 Default with id 4 (altstep a_neighbourDefault) has reached a break statement. Skipping current alt statement or receiving operation.
10:44:20.839763 Timeout t: 0.5 s
10:44:20.839891 **** f_selfSync: Successfully passed PREAMBLE synchronization point. ****
10:44:20.839907 Start timer tc_ac: 30 s
10:44:21.640334 security_services_its::process_ieee_1609_dot2_signed_data: generation time check 716460266637597 / 716460261640331, delta = 4997266.000000, comp = 0
10:44:21.642745 Message enqueued on geoNetworkingPort from system @LibItsGeoNetworking_TypesAndValues.GeoNetworkingInd : { msgIn := { basicHeader := { version := 1, nextHeader := e_securedPacket (2), reserved := 0, lifeTime := { multiplier := 6, ltBase := e_10s (2) }, routerHopLimit := 1 }, gnPacket := { packet := { commonHeader := { nextHeader := e_btpB (2), reserved := 0, headerTST := { tsbHdr := { headerType := e_topologicallyScopedBroadcast (5), headerSubType := e_singleHop (0) } }, trafficClass := { scf := e_scfDisabled (0), channelOffload := e_choffDisabled (0), tcId := 0 }, flags := '10000000'B, plLength := 30, maxHopLimit := 1, reserved2 := 0 }, extendedHeader := { shbHeader := { srcPosVector := { gnAddr := { typeOfAddress := e_initial (0), stationType := e_unknown (0), reserved := 0, mid := '020000000001'O }, timestamp_ := 3495695501, latitude := 520000000, longitude := 130000000, pai := '0'B, speed := 0, heading := 0 }, reserved := 0 } }, payload := '07D1000002020000002A0000005A946F600E612ED01FFFFFFC23B7743E80'O }, securedMsg := { protocolVersion := 3, content := { signedData := { hashId := sha256 (0), tbsData := { payload := { data := { protocolVersion := 3, content := { unsecuredData := '20500080001E01000000020000000001D05C148D1EFE920007BFA480000000000000000007D1000002020000002A0000005A946F600E612ED01FFFFFFC23B7743E80'O } }, extDataHash := omit, omitted := omit }, headerInfo := { psid := 36, generationTime := 716460266637597, expiryTime := omit, generationLocation := omit, p2pcdLearningRequest := omit, missingCrlIdentifier := omit, encryptionKey := omit, inlineP2pcdRequest := omit, requestedCertificate := omit, pduFunctionalType := omit, contributedExtensions := omit } }, signer := { certificate := { { version := 3, type_ := explicit (0), issuer := { sha256AndDigest := '370736BDE47BC124'O }, toBeSigned := { id := { none_ := NULL }, cracaId := '000000'O, crlSeries := 0, validityPeriod := { start_ := 716459852, duration := { hours := 24 } }, region := omit, assuranceLevel := omit, appPermissions := { { psid := 36, ssp := { bitmapSsp := '01FFFC'O } }, { psid := 37, ssp := { bitmapSsp := '01FFFFFF'O } }, { psid := 141, ssp := omit }, { psid := 638, ssp := { bitmapSsp := '01'O } } }, certIssuePermissions := omit, certRequestPermissions := omit, canRequestRollover := omit, encryptionKey := omit, verifyKeyIndicator := { verificationKey := { ecdsaNistP256 := { compressed_y_0 := 'DC31EC3F453DEDBF1D9181E92DA016F8C48427BFE943F5D1456E022A64CE4FFC'O } } }, flags := omit, appExtensions := omit, certIssueExtensions := omit, certRequestExtension := omit }, signature_ := { ecdsaNistP256Signature := { rSig := { x_only := 'A3906D86FEF33B41694D011EA969415736896F12D1E9EA145D6DCA95F6549BFE'O }, sSig := '49DA542D6438732069C85F1D95B0D8A4636F5AD28EF8515408EE308C4CB1EC50'O } } } } }, signature_ := { ecdsaNistP256Signature := { rSig := { x_only := 'F1DF92916E8D0E3E1F7F40B85C65C48D8568A9C0FCDF8788AEFD9BED73ABB25C'O }, sSig := '014A8BE6E1872670A55336D80763CCBEE316062E7BB8C35FFF9E7E7A65E1CDFE'O } } } } } } }, macDestinationAddress := 'FFFFFFFFFFFF'O, ssp := '000000011111111111111100'B, its_aid := 36 } id 4
10:44:21.643967 Receive operation on port geoNetworkingPort succeeded, message from system(): @LibItsGeoNetworking_TypesAndValues.GeoNetworkingInd : { msgIn := { basicHeader := { version := 1, nextHeader := e_securedPacket (2), reserved := 0, lifeTime := { multiplier := 6, ltBase := e_10s (2) }, routerHopLimit := 1 }, gnPacket := { packet := { commonHeader := { nextHeader := e_btpB (2), reserved := 0, headerTST := { tsbHdr := { headerType := e_topologicallyScopedBroadcast (5), headerSubType := e_singleHop (0) } }, trafficClass := { scf := e_scfDisabled (0), channelOffload := e_choffDisabled (0), tcId := 0 }, flags := '10000000'B, plLength := 30, maxHopLimit := 1, reserved2 := 0 }, extendedHeader := { shbHeader := { srcPosVector := { gnAddr := { typeOfAddress := e_initial (0), stationType := e_unknown (0), reserved := 0, mid := '020000000001'O }, timestamp_ := 3495695501, latitude := 520000000, longitude := 130000000, pai := '0'B, speed := 0, heading := 0 }, reserved := 0 } }, payload := '07D1000002020000002A0000005A946F600E612ED01FFFFFFC23B7743E80'O }, securedMsg := { protocolVersion := 3, content := { signedData := { hashId := sha256 (0), tbsData := { payload := { data := { protocolVersion := 3, content := { unsecuredData := '20500080001E01000000020000000001D05C148D1EFE920007BFA480000000000000000007D1000002020000002A0000005A946F600E612ED01FFFFFFC23B7743E80'O } }, extDataHash := omit, omitted := omit }, headerInfo := { psid := 36, generationTime := 716460266637597, expiryTime := omit, generationLocation := omit, p2pcdLearningRequest := omit, missingCrlIdentifier := omit, encryptionKey := omit, inlineP2pcdRequest := omit, requestedCertificate := omit, pduFunctionalType := omit, contributedExtensions := omit } }, signer := { certificate := { { version := 3, type_ := explicit (0), issuer := { sha256AndDigest := '370736BDE47BC124'O }, toBeSigned := { id := { none_ := NULL }, cracaId := '000000'O, crlSeries := 0, validityPeriod := { start_ := 716459852, duration := { hours := 24 } }, region := omit, assuranceLevel := omit, appPermissions := { { psid := 36, ssp := { bitmapSsp := '01FFFC'O } }, { psid := 37, ssp := { bitmapSsp := '01FFFFFF'O } }, { psid := 141, ssp := omit }, { psid := 638, ssp := { bitmapSsp := '01'O } } }, certIssuePermissions := omit, certRequestPermissions := omit, canRequestRollover := omit, encryptionKey := omit, verifyKeyIndicator := { verificationKey := { ecdsaNistP256 := { compressed_y_0 := 'DC31EC3F453DEDBF1D9181E92DA016F8C48427BFE943F5D1456E022A64CE4FFC'O } } }, flags := omit, appExtensions := omit, certIssueExtensions := omit, certRequestExtension := omit }, signature_ := { ecdsaNistP256Signature := { rSig := { x_only := 'A3906D86FEF33B41694D011EA969415736896F12D1E9EA145D6DCA95F6549BFE'O }, sSig := '49DA542D6438732069C85F1D95B0D8A4636F5AD28EF8515408EE308C4CB1EC50'O } } } } }, signature_ := { ecdsaNistP256Signature := { rSig := { x_only := 'F1DF92916E8D0E3E1F7F40B85C65C48D8568A9C0FCDF8788AEFD9BED73ABB25C'O }, sSig := '014A8BE6E1872670A55336D80763CCBEE316062E7BB8C35FFF9E7E7A65E1CDFE'O } } } } } } }, macDestinationAddress := 'FFFFFFFFFFFF'O, ssp := '000000011111111111111100'B, its_aid := 36 } id 4
10:44:21.644233 Message with id 4 was extracted from the queue of geoNetworkingPort.
10:44:21.644337 Stop timer tc_ac: 30 s
10:44:21.644390 *** TC_SEC_ITSS_SND_CAM_04_BV: PASS: Correct secured packet received, containing certificate
10:44:21.644422 setverdict(pass): none -> pass
10:44:21.644677 **** f_selfSync: Successfully passed TEST BODY synchronization point. ****
10:44:21.644743 Sent on acPort to system @LibItsGeoNetworking_TypesAndValues.AcGnPrimitive : { stopBeaconing := { } }
10:44:21.644773 Default with id 4 (altstep a_neighbourDefault) was deactivated.
10:44:21.644818 Sent on acPort to system @LibItsCommon_TypesAndValues.AcSecPrimitive : { acDisableSecurity := { disable := true } }
10:44:21.644837 Message enqueued on acPort from system @LibItsCommon_TypesAndValues.AdapterControlResults : { acSecResponse := true } id 2
10:44:21.644856 Start timer tc_ac: 30 s
10:44:21.644893 Receive operation on port acPort succeeded, message from system(): @LibItsCommon_TypesAndValues.AdapterControlResults : { acSecResponse := true } id 2
10:44:21.644911 Message with id 2 was extracted from the queue of acPort.
10:44:21.644924 Stop timer tc_ac: 30 s
10:44:21.644940 Unmapping port mtc:acPort from system:acPort.
10:44:21.645497 Port acPort was unmapped from system:acPort.
10:44:21.646274 Unmap operation of mtc:acPort from system:acPort finished.
10:44:21.646357 Unmapping port mtc:utPort from system:utPort.
10:44:21.646998 Port utPort was unmapped from system:utPort.
10:44:21.647673 Unmap operation of mtc:utPort from system:utPort finished.
10:44:21.647751 Unmapping port mtc:geoNetworkingPort from system:geoNetworkingPort.
10:44:21.648353 Port geoNetworkingPort was unmapped from system:geoNetworkingPort.
10:44:21.648876 Unmap operation of mtc:geoNetworkingPort from system:geoNetworkingPort finished.
10:44:21.648988 Disconnecting ports mtc:syncSendPort and mtc:syncPort.
10:44:21.649494 Port syncSendPort has terminated the connection with local port syncPort.
10:44:21.649537 Port syncPort has terminated the connection with local port syncSendPort.
10:44:21.649869 Disconnect operation on mtc:syncSendPort and mtc:syncPort finished.
10:44:21.649915 Terminating component type LibItsGeoNetworking_TestSystem.ItsGeoNetworking.
10:44:21.649933 Default with id 1 (altstep a_cf01Down) was deactivated.
10:44:21.649948 Default with id 2 (altstep a_default) was deactivated.
10:44:21.649955 Default with id 3 (altstep a_utDefault) was deactivated.
10:44:21.649966 Port syncSendPort was stopped.
10:44:21.649980 Port syncPort was stopped.
10:44:21.649989 Port utPort was stopped.
10:44:21.649998 Port acPort was stopped.
10:44:21.650006 Port geoNetworkingPort was stopped.
10:44:21.650014 Component type LibItsGeoNetworking_TestSystem.ItsGeoNetworking was shut down inside testcase TC_SEC_ITSS_SND_CAM_04_BV.
10:44:21.650028 Waiting for PTCs to finish.
10:44:21.650670 Setting final verdict of the test case.
10:44:21.650764 Local verdict of MTC: pass
10:44:21.650795 No PTCs were created.
10:44:21.651100 Test case TC_SEC_ITSS_SND_CAM_04_BV finished. Verdict: pass
10:44:21.651558 Executing test case TC_SEC_ITSS_SND_DENM_01_BV in module ItsSecurity_TestCases.
10:44:21.652121 Test case TC_SEC_ITSS_SND_DENM_01_BV started.
10:44:21.652168 Initializing variables, timers and ports of component type LibItsGeoNetworking_TestSystem.ItsGeoNetworking inside testcase TC_SEC_ITSS_SND_DENM_01_BV.
10:44:21.652454 Port syncSendPort was started.
10:44:21.652487 Port syncPort was started.
10:44:21.652496 Port utPort was started.
10:44:21.652503 Port acPort was started.
10:44:21.652510 Port geoNetworkingPort was started.
10:44:21.652518 Component type LibItsGeoNetworking_TestSystem.ItsGeoNetworking was initialized.
10:44:21.652536 Mapping port mtc:acPort to system:acPort.
10:44:21.653002 Port acPort was mapped to system:acPort.
10:44:21.653699 Map operation of mtc:acPort to system:acPort finished.
10:44:21.653768 Mapping port mtc:utPort to system:utPort.
10:44:21.655194 Port utPort was mapped to system:utPort.
10:44:21.655720 Map operation of mtc:utPort to system:utPort finished.
10:44:21.655831 Mapping port mtc:geoNetworkingPort to system:geoNetworkingPort.
10:44:21.656501 security_services_its::setup: Already done
10:44:21.656633 Port geoNetworkingPort was mapped to system:geoNetworkingPort.
10:44:21.657059 Map operation of mtc:geoNetworkingPort to system:geoNetworkingPort finished.
10:44:21.657132 Connecting ports mtc:syncSendPort and mtc:syncPort.
10:44:21.657401 Port syncPort has established the connection with local port syncSendPort.
10:44:21.657464 Port syncSendPort has established the connection with local port syncPort.
10:44:21.657787 Connect operation on mtc:syncSendPort and mtc:syncPort finished.
10:44:21.657836 Altstep a_cf01Down was activated as default, id 1
10:44:21.657878 security_services_its::setup: Already done
10:44:21.658138 Selected issuer: '474321AD48592418'O
10:44:21.658360 Sent on utPort to system @LibItsGeoNetworking_TypesAndValues.UtGnInitialize : { hashedId8 := '98E7BFBA69FB453F'O }
10:44:21.661701 Message enqueued on utPort from system @LibItsGeoNetworking_TypesAndValues.UtGnResults : { utGnInitializeResult := true } id 1
10:44:21.661922 Start timer tc_wait: 120 s
10:44:21.661980 Receive operation on port utPort succeeded, message from system(): @LibItsGeoNetworking_TypesAndValues.UtGnResults : { utGnInitializeResult := true } id 1
10:44:21.662035 Message with id 1 was extracted from the queue of utPort.
10:44:21.662051 Stop timer tc_wait: 120 s
10:44:21.662065 *** f_utInitializeIut: INFO: IUT initialized ***
10:44:21.662086 Start timer t: 1 s
10:44:21.759826 security_services_its::process_ieee_1609_dot2_signed_data: generation time check 716460266756877 / 716460261759824, delta = 4997053.000000, comp = 0
10:44:21.761431 Message enqueued on geoNetworkingPort from system @LibItsGeoNetworking_TypesAndValues.GeoNetworkingInd : { msgIn := { basicHeader := { version := 1, nextHeader := e_securedPacket (2), reserved := 0, lifeTime := { multiplier := 6, ltBase := e_10s (2) }, routerHopLimit := 1 }, gnPacket := { packet := { commonHeader := { nextHeader := e_btpB (2), reserved := 0, headerTST := { tsbHdr := { headerType := e_topologicallyScopedBroadcast (5), headerSubType := e_singleHop (0) } }, trafficClass := { scf := e_scfDisabled (0), channelOffload := e_choffDisabled (0), tcId := 0 }, flags := '10000000'B, plLength := 30, maxHopLimit := 1, reserved2 := 0 }, extendedHeader := { shbHeader := { srcPosVector := { gnAddr := { typeOfAddress := e_initial (0), stationType := e_unknown (0), reserved := 0, mid := '020000000001'O }, timestamp_ := 3495695620, latitude := 520000000, longitude := 130000000, pai := '0'B, speed := 0, heading := 0 }, reserved := 0 } }, payload := '07D1000002020000002A0000005A946F600E612ED01FFFFFFC23B7743E80'O }, securedMsg := { protocolVersion := 3, content := { signedData := { hashId := sha256 (0), tbsData := { payload := { data := { protocolVersion := 3, content := { unsecuredData := '20500080001E01000000020000000001D05C15041EFE920007BFA480000000000000000007D1000002020000002A0000005A946F600E612ED01FFFFFFC23B7743E80'O } }, extDataHash := omit, omitted := omit }, headerInfo := { psid := 36, generationTime := 716460266756877, expiryTime := omit, generationLocation := omit, p2pcdLearningRequest := omit, missingCrlIdentifier := omit, encryptionKey := omit, inlineP2pcdRequest := omit, requestedCertificate := omit, pduFunctionalType := omit, contributedExtensions := omit } }, signer := { certificate := { { version := 3, type_ := explicit (0), issuer := { sha256AndDigest := '370736BDE47BC124'O }, toBeSigned := { id := { none_ := NULL }, cracaId := '000000'O, crlSeries := 0, validityPeriod := { start_ := 716459852, duration := { hours := 24 } }, region := omit, assuranceLevel := omit, appPermissions := { { psid := 36, ssp := { bitmapSsp := '01FFFC'O } }, { psid := 37, ssp := { bitmapSsp := '01FFFFFF'O } }, { psid := 141, ssp := omit }, { psid := 638, ssp := { bitmapSsp := '01'O } } }, certIssuePermissions := omit, certRequestPermissions := omit, canRequestRollover := omit, encryptionKey := omit, verifyKeyIndicator := { verificationKey := { ecdsaNistP256 := { compressed_y_0 := 'DC31EC3F453DEDBF1D9181E92DA016F8C48427BFE943F5D1456E022A64CE4FFC'O } } }, flags := omit, appExtensions := omit, certIssueExtensions := omit, certRequestExtension := omit }, signature_ := { ecdsaNistP256Signature := { rSig := { x_only := 'A3906D86FEF33B41694D011EA969415736896F12D1E9EA145D6DCA95F6549BFE'O }, sSig := '49DA542D6438732069C85F1D95B0D8A4636F5AD28EF8515408EE308C4CB1EC50'O } } } } }, signature_ := { ecdsaNistP256Signature := { rSig := { x_only := 'F09F780F1592446BA8D91707668DE21AAA3ACFBF56FC32D41D54586B44BF233A'O }, sSig := '2AF4310E96C67AB66B57A0FFBA1CE200D57CFEF0DBC771EC80183EBB3979B6AC'O } } } } } } }, macDestinationAddress := 'FFFFFFFFFFFF'O, ssp := '000000011111111111111100'B, its_aid := 36 } id 1
10:44:22.662114 Timeout t: 1 s
10:44:22.662308 Sent on acPort to system @LibItsGeoNetworking_TypesAndValues.AcGnPrimitive : { getLongPosVector := { gnAddress := { typeOfAddress := e_initial (0), stationType := e_unknown (0), reserved := 0, mid := '020000000001'O } } }
10:44:22.662351 Message enqueued on acPort from system @LibItsGeoNetworking_TypesAndValues.AcGnResponse : { getLongPosVector := { gnAddr := { typeOfAddress := e_initial (0), stationType := e_unknown (0), reserved := 0, mid := '020000000001'O }, timestamp_ := 0, latitude := 520000000, longitude := 130000000, pai := '0'B, speed := 0, heading := 0 } } id 1
10:44:22.662404 Start timer tc_ac: 30 s
10:44:22.662469 Receive operation on port acPort succeeded, message from system(): @LibItsGeoNetworking_TypesAndValues.AcGnResponse : { getLongPosVector := { gnAddr := { typeOfAddress := e_initial (0), stationType := e_unknown (0), reserved := 0, mid := '020000000001'O }, timestamp_ := 0, latitude := 520000000, longitude := 130000000, pai := '0'B, speed := 0, heading := 0 } } id 1
10:44:22.662482 Message with id 1 was extracted from the queue of acPort.
10:44:22.662494 Stop timer tc_ac: 30 s
10:44:22.662624 Altstep a_default was activated as default, id 2
10:44:22.662637 Altstep a_utDefault was activated as default, id 3
10:44:22.662644 Altstep a_neighbourDefault was activated as default, id 4
10:44:22.662912 Sent on acPort to system @LibItsGeoNetworking_TypesAndValues.AcGnPrimitive : { startBeaconing := { beaconPacket := { basicHeader := { version := 1, nextHeader := e_commonHeader (1), reserved := 0, lifeTime := { multiplier := 10, ltBase := e_100s (3) }, routerHopLimit := 1 }, gnPacket := { packet := { commonHeader := { nextHeader := e_any (0), reserved := 0, headerTST := { beaconHdr := { headerType := e_beacon (1), headerSubType := 0 } }, trafficClass := { scf := e_scfEnabled (1), channelOffload := e_choffDisabled (0), tcId := 0 }, flags := '00000000'B, plLength := 0, maxHopLimit := 1, reserved2 := 0 }, extendedHeader := { beaconHeader := { srcPosVector := { gnAddr := { typeOfAddress := e_manual (1), stationType := e_passengerCar (5), reserved := 0, mid := '00000000000B'O }, timestamp_ := 3495690526, latitude := 520020000, longitude := 130000000, pai := '1'B, speed := 0, heading := 0 } } }, payload := omit }, securedMsg := omit } } } }
10:44:22.663662 Start timer t: 1 s
10:44:22.861025 security_services_its::process_ieee_1609_dot2_signed_data: generation time check 716460267856789 / 716460262861024, delta = 4995765.000000, comp = 0
10:44:22.862302 Message enqueued on geoNetworkingPort from system @LibItsGeoNetworking_TypesAndValues.GeoNetworkingInd : { msgIn := { basicHeader := { version := 1, nextHeader := e_securedPacket (2), reserved := 0, lifeTime := { multiplier := 6, ltBase := e_10s (2) }, routerHopLimit := 1 }, gnPacket := { packet := { commonHeader := { nextHeader := e_btpB (2), reserved := 0, headerTST := { tsbHdr := { headerType := e_topologicallyScopedBroadcast (5), headerSubType := e_singleHop (0) } }, trafficClass := { scf := e_scfDisabled (0), channelOffload := e_choffDisabled (0), tcId := 0 }, flags := '10000000'B, plLength := 30, maxHopLimit := 1, reserved2 := 0 }, extendedHeader := { shbHeader := { srcPosVector := { gnAddr := { typeOfAddress := e_initial (0), stationType := e_unknown (0), reserved := 0, mid := '020000000001'O }, timestamp_ := 3495696720, latitude := 520000000, longitude := 130000000, pai := '0'B, speed := 0, heading := 0 }, reserved := 0 } }, payload := '07D1000002020000002A0000005A946F600E612ED01FFFFFFC23B7743E80'O }, securedMsg := { protocolVersion := 3, content := { signedData := { hashId := sha256 (0), tbsData := { payload := { data := { protocolVersion := 3, content := { unsecuredData := '20500080001E01000000020000000001D05C19501EFE920007BFA480000000000000000007D1000002020000002A0000005A946F600E612ED01FFFFFFC23B7743E80'O } }, extDataHash := omit, omitted := omit }, headerInfo := { psid := 36, generationTime := 716460267856789, expiryTime := omit, generationLocation := omit, p2pcdLearningRequest := omit, missingCrlIdentifier := omit, encryptionKey := omit, inlineP2pcdRequest := omit, requestedCertificate := omit, pduFunctionalType := omit, contributedExtensions := omit } }, signer := { certificate := { { version := 3, type_ := explicit (0), issuer := { sha256AndDigest := '370736BDE47BC124'O }, toBeSigned := { id := { none_ := NULL }, cracaId := '000000'O, crlSeries := 0, validityPeriod := { start_ := 716459852, duration := { hours := 24 } }, region := omit, assuranceLevel := omit, appPermissions := { { psid := 36, ssp := { bitmapSsp := '01FFFC'O } }, { psid := 37, ssp := { bitmapSsp := '01FFFFFF'O } }, { psid := 141, ssp := omit }, { psid := 638, ssp := { bitmapSsp := '01'O } } }, certIssuePermissions := omit, certRequestPermissions := omit, canRequestRollover := omit, encryptionKey := omit, verifyKeyIndicator := { verificationKey := { ecdsaNistP256 := { compressed_y_0 := 'DC31EC3F453DEDBF1D9181E92DA016F8C48427BFE943F5D1456E022A64CE4FFC'O } } }, flags := omit, appExtensions := omit, certIssueExtensions := omit, certRequestExtension := omit }, signature_ := { ecdsaNistP256Signature := { rSig := { x_only := 'A3906D86FEF33B41694D011EA969415736896F12D1E9EA145D6DCA95F6549BFE'O }, sSig := '49DA542D6438732069C85F1D95B0D8A4636F5AD28EF8515408EE308C4CB1EC50'O } } } } }, signature_ := { ecdsaNistP256Signature := { rSig := { x_only := 'A2172C5466C4BFD870F073338843CB11590BA16CDD0C3558FF805B5AF36458C4'O }, sSig := 'A47BDFE1F62BFE9C7E7B43E0EBC2727554D7227936B95AE9D11B9A6F0000956F'O } } } } } } }, macDestinationAddress := 'FFFFFFFFFFFF'O, ssp := '000000011111111111111100'B, its_aid := 36 } id 2
10:44:23.663988 Timeout t: 1 s
10:44:23.664194 Start timer t: 0.5 s
10:44:23.665101 Receive operation on port geoNetworkingPort succeeded, message from system(): @LibItsGeoNetworking_TypesAndValues.GeoNetworkingInd: { msgIn := { basicHeader := { version := 1, nextHeader := e_securedPacket (2), reserved := 0, lifeTime := { multiplier := 6, ltBase := e_10s (2) }, routerHopLimit := 1 }, gnPacket := { packet := { commonHeader := { nextHeader := e_btpB (2), reserved := 0, headerTST := { tsbHdr := { headerType := e_topologicallyScopedBroadcast (5), headerSubType := e_singleHop (0) } }, trafficClass := { scf := e_scfDisabled (0), channelOffload := e_choffDisabled (0), tcId := 0 }, flags := '10000000'B, plLength := 30, maxHopLimit := 1, reserved2 := 0 }, extendedHeader := { shbHeader := { srcPosVector := { gnAddr := { typeOfAddress := e_initial (0), stationType := e_unknown (0), reserved := 0, mid := '020000000001'O }, timestamp_ := 3495695620, latitude := 520000000, longitude := 130000000, pai := '0'B, speed := 0, heading := 0 }, reserved := 0 } }, payload := '07D1000002020000002A0000005A946F600E612ED01FFFFFFC23B7743E80'O }, securedMsg := { protocolVersion := 3, content := { signedData := { hashId := sha256 (0), tbsData := { payload := { data := { protocolVersion := 3, content := { unsecuredData := '20500080001E01000000020000000001D05C15041EFE920007BFA480000000000000000007D1000002020000002A0000005A946F600E612ED01FFFFFFC23B7743E80'O } }, extDataHash := omit, omitted := omit }, headerInfo := { psid := 36, generationTime := 716460266756877, expiryTime := omit, generationLocation := omit, p2pcdLearningRequest := omit, missingCrlIdentifier := omit, encryptionKey := omit, inlineP2pcdRequest := omit, requestedCertificate := omit, pduFunctionalType := omit, contributedExtensions := omit } }, signer := { certificate := { { version := 3, type_ := explicit (0), issuer := { sha256AndDigest := '370736BDE47BC124'O }, toBeSigned := { id := { none_ := NULL }, cracaId := '000000'O, crlSeries := 0, validityPeriod := { start_ := 716459852, duration := { hours := 24 } }, region := omit, assuranceLevel := omit, appPermissions := { { psid := 36, ssp := { bitmapSsp := '01FFFC'O } }, { psid := 37, ssp := { bitmapSsp := '01FFFFFF'O } }, { psid := 141, ssp := omit }, { psid := 638, ssp := { bitmapSsp := '01'O } } }, certIssuePermissions := omit, certRequestPermissions := omit, canRequestRollover := omit, encryptionKey := omit, verifyKeyIndicator := { verificationKey := { ecdsaNistP256 := { compressed_y_0 := 'DC31EC3F453DEDBF1D9181E92DA016F8C48427BFE943F5D1456E022A64CE4FFC'O } } }, flags := omit, appExtensions := omit, certIssueExtensions := omit, certRequestExtension := omit }, signature_ := { ecdsaNistP256Signature := { rSig := { x_only := 'A3906D86FEF33B41694D011EA969415736896F12D1E9EA145D6DCA95F6549BFE'O }, sSig := '49DA542D6438732069C85F1D95B0D8A4636F5AD28EF8515408EE308C4CB1EC50'O } } } } }, signature_ := { ecdsaNistP256Signature := { rSig := { x_only := 'F09F780F1592446BA8D91707668DE21AAA3ACFBF56FC32D41D54586B44BF233A'O }, sSig := '2AF4310E96C67AB66B57A0FFBA1CE200D57CFEF0DBC771EC80183EBB3979B6AC'O } } } } } } }, macDestinationAddress := 'FFFFFFFFFFFF'O, ssp := '000000011111111111111100'B, its_aid := 36 } id 1
10:44:23.665273 Message with id 1 was extracted from the queue of geoNetworkingPort.
10:44:23.665287 *** a_default: WARNING: Received an unexpected message ***
10:44:23.665293 Default with id 4 (altstep a_neighbourDefault) has reached a break statement. Skipping current alt statement or receiving operation.
10:44:23.665473 Receive operation on port geoNetworkingPort succeeded, message from system(): @LibItsGeoNetworking_TypesAndValues.GeoNetworkingInd: { msgIn := { basicHeader := { version := 1, nextHeader := e_securedPacket (2), reserved := 0, lifeTime := { multiplier := 6, ltBase := e_10s (2) }, routerHopLimit := 1 }, gnPacket := { packet := { commonHeader := { nextHeader := e_btpB (2), reserved := 0, headerTST := { tsbHdr := { headerType := e_topologicallyScopedBroadcast (5), headerSubType := e_singleHop (0) } }, trafficClass := { scf := e_scfDisabled (0), channelOffload := e_choffDisabled (0), tcId := 0 }, flags := '10000000'B, plLength := 30, maxHopLimit := 1, reserved2 := 0 }, extendedHeader := { shbHeader := { srcPosVector := { gnAddr := { typeOfAddress := e_initial (0), stationType := e_unknown (0), reserved := 0, mid := '020000000001'O }, timestamp_ := 3495696720, latitude := 520000000, longitude := 130000000, pai := '0'B, speed := 0, heading := 0 }, reserved := 0 } }, payload := '07D1000002020000002A0000005A946F600E612ED01FFFFFFC23B7743E80'O }, securedMsg := { protocolVersion := 3, content := { signedData := { hashId := sha256 (0), tbsData := { payload := { data := { protocolVersion := 3, content := { unsecuredData := '20500080001E01000000020000000001D05C19501EFE920007BFA480000000000000000007D1000002020000002A0000005A946F600E612ED01FFFFFFC23B7743E80'O } }, extDataHash := omit, omitted := omit }, headerInfo := { psid := 36, generationTime := 716460267856789, expiryTime := omit, generationLocation := omit, p2pcdLearningRequest := omit, missingCrlIdentifier := omit, encryptionKey := omit, inlineP2pcdRequest := omit, requestedCertificate := omit, pduFunctionalType := omit, contributedExtensions := omit } }, signer := { certificate := { { version := 3, type_ := explicit (0), issuer := { sha256AndDigest := '370736BDE47BC124'O }, toBeSigned := { id := { none_ := NULL }, cracaId := '000000'O, crlSeries := 0, validityPeriod := { start_ := 716459852, duration := { hours := 24 } }, region := omit, assuranceLevel := omit, appPermissions := { { psid := 36, ssp := { bitmapSsp := '01FFFC'O } }, { psid := 37, ssp := { bitmapSsp := '01FFFFFF'O } }, { psid := 141, ssp := omit }, { psid := 638, ssp := { bitmapSsp := '01'O } } }, certIssuePermissions := omit, certRequestPermissions := omit, canRequestRollover := omit, encryptionKey := omit, verifyKeyIndicator := { verificationKey := { ecdsaNistP256 := { compressed_y_0 := 'DC31EC3F453DEDBF1D9181E92DA016F8C48427BFE943F5D1456E022A64CE4FFC'O } } }, flags := omit, appExtensions := omit, certIssueExtensions := omit, certRequestExtension := omit }, signature_ := { ecdsaNistP256Signature := { rSig := { x_only := 'A3906D86FEF33B41694D011EA969415736896F12D1E9EA145D6DCA95F6549BFE'O }, sSig := '49DA542D6438732069C85F1D95B0D8A4636F5AD28EF8515408EE308C4CB1EC50'O } } } } }, signature_ := { ecdsaNistP256Signature := { rSig := { x_only := 'A2172C5466C4BFD870F073338843CB11590BA16CDD0C3558FF805B5AF36458C4'O }, sSig := 'A47BDFE1F62BFE9C7E7B43E0EBC2727554D7227936B95AE9D11B9A6F0000956F'O } } } } } } }, macDestinationAddress := 'FFFFFFFFFFFF'O, ssp := '000000011111111111111100'B, its_aid := 36 } id 2
10:44:23.665485 Message with id 2 was extracted from the queue of geoNetworkingPort.
10:44:23.665489 *** a_default: WARNING: Received an unexpected message ***
10:44:23.665491 Default with id 4 (altstep a_neighbourDefault) has reached a break statement. Skipping current alt statement or receiving operation.
10:44:23.860044 security_services_its::process_ieee_1609_dot2_signed_data: generation time check 716460268857637 / 716460263860043, delta = 4997594.000000, comp = 0
10:44:23.861516 Message enqueued on geoNetworkingPort from system @LibItsGeoNetworking_TypesAndValues.GeoNetworkingInd : { msgIn := { basicHeader := { version := 1, nextHeader := e_securedPacket (2), reserved := 0, lifeTime := { multiplier := 6, ltBase := e_10s (2) }, routerHopLimit := 1 }, gnPacket := { packet := { commonHeader := { nextHeader := e_btpB (2), reserved := 0, headerTST := { tsbHdr := { headerType := e_topologicallyScopedBroadcast (5), headerSubType := e_singleHop (0) } }, trafficClass := { scf := e_scfDisabled (0), channelOffload := e_choffDisabled (0), tcId := 0 }, flags := '10000000'B, plLength := 30, maxHopLimit := 1, reserved2 := 0 }, extendedHeader := { shbHeader := { srcPosVector := { gnAddr := { typeOfAddress := e_initial (0), stationType := e_unknown (0), reserved := 0, mid := '020000000001'O }, timestamp_ := 3495697721, latitude := 520000000, longitude := 130000000, pai := '0'B, speed := 0, heading := 0 }, reserved := 0 } }, payload := '07D1000002020000002A0000005A946F600E612ED01FFFFFFC23B7743E80'O }, securedMsg := { protocolVersion := 3, content := { signedData := { hashId := sha256 (0), tbsData := { payload := { data := { protocolVersion := 3, content := { unsecuredData := '20500080001E01000000020000000001D05C1D391EFE920007BFA480000000000000000007D1000002020000002A0000005A946F600E612ED01FFFFFFC23B7743E80'O } }, extDataHash := omit, omitted := omit }, headerInfo := { psid := 36, generationTime := 716460268857637, expiryTime := omit, generationLocation := omit, p2pcdLearningRequest := omit, missingCrlIdentifier := omit, encryptionKey := omit, inlineP2pcdRequest := omit, requestedCertificate := omit, pduFunctionalType := omit, contributedExtensions := omit } }, signer := { certificate := { { version := 3, type_ := explicit (0), issuer := { sha256AndDigest := '370736BDE47BC124'O }, toBeSigned := { id := { none_ := NULL }, cracaId := '000000'O, crlSeries := 0, validityPeriod := { start_ := 716459852, duration := { hours := 24 } }, region := omit, assuranceLevel := omit, appPermissions := { { psid := 36, ssp := { bitmapSsp := '01FFFC'O } }, { psid := 37, ssp := { bitmapSsp := '01FFFFFF'O } }, { psid := 141, ssp := omit }, { psid := 638, ssp := { bitmapSsp := '01'O } } }, certIssuePermissions := omit, certRequestPermissions := omit, canRequestRollover := omit, encryptionKey := omit, verifyKeyIndicator := { verificationKey := { ecdsaNistP256 := { compressed_y_0 := 'DC31EC3F453DEDBF1D9181E92DA016F8C48427BFE943F5D1456E022A64CE4FFC'O } } }, flags := omit, appExtensions := omit, certIssueExtensions := omit, certRequestExtension := omit }, signature_ := { ecdsaNistP256Signature := { rSig := { x_only := 'A3906D86FEF33B41694D011EA969415736896F12D1E9EA145D6DCA95F6549BFE'O }, sSig := '49DA542D6438732069C85F1D95B0D8A4636F5AD28EF8515408EE308C4CB1EC50'O } } } } }, signature_ := { ecdsaNistP256Signature := { rSig := { x_only := 'FF11C85437B2387062982E900EB5E2DE77E64CB3FFF8C5B297657C53F07ADE75'O }, sSig := 'F303437A362E363D3F414CFED1E9B6E5C8110120086D4A92C3E5568D3704D460'O } } } } } } }, macDestinationAddress := 'FFFFFFFFFFFF'O, ssp := '000000011111111111111100'B, its_aid := 36 } id 3
10:44:23.861725 Receive operation on port geoNetworkingPort succeeded, message from system(): @LibItsGeoNetworking_TypesAndValues.GeoNetworkingInd: { msgIn := { basicHeader := { version := 1, nextHeader := e_securedPacket (2), reserved := 0, lifeTime := { multiplier := 6, ltBase := e_10s (2) }, routerHopLimit := 1 }, gnPacket := { packet := { commonHeader := { nextHeader := e_btpB (2), reserved := 0, headerTST := { tsbHdr := { headerType := e_topologicallyScopedBroadcast (5), headerSubType := e_singleHop (0) } }, trafficClass := { scf := e_scfDisabled (0), channelOffload := e_choffDisabled (0), tcId := 0 }, flags := '10000000'B, plLength := 30, maxHopLimit := 1, reserved2 := 0 }, extendedHeader := { shbHeader := { srcPosVector := { gnAddr := { typeOfAddress := e_initial (0), stationType := e_unknown (0), reserved := 0, mid := '020000000001'O }, timestamp_ := 3495697721, latitude := 520000000, longitude := 130000000, pai := '0'B, speed := 0, heading := 0 }, reserved := 0 } }, payload := '07D1000002020000002A0000005A946F600E612ED01FFFFFFC23B7743E80'O }, securedMsg := { protocolVersion := 3, content := { signedData := { hashId := sha256 (0), tbsData := { payload := { data := { protocolVersion := 3, content := { unsecuredData := '20500080001E01000000020000000001D05C1D391EFE920007BFA480000000000000000007D1000002020000002A0000005A946F600E612ED01FFFFFFC23B7743E80'O } }, extDataHash := omit, omitted := omit }, headerInfo := { psid := 36, generationTime := 716460268857637, expiryTime := omit, generationLocation := omit, p2pcdLearningRequest := omit, missingCrlIdentifier := omit, encryptionKey := omit, inlineP2pcdRequest := omit, requestedCertificate := omit, pduFunctionalType := omit, contributedExtensions := omit } }, signer := { certificate := { { version := 3, type_ := explicit (0), issuer := { sha256AndDigest := '370736BDE47BC124'O }, toBeSigned := { id := { none_ := NULL }, cracaId := '000000'O, crlSeries := 0, validityPeriod := { start_ := 716459852, duration := { hours := 24 } }, region := omit, assuranceLevel := omit, appPermissions := { { psid := 36, ssp := { bitmapSsp := '01FFFC'O } }, { psid := 37, ssp := { bitmapSsp := '01FFFFFF'O } }, { psid := 141, ssp := omit }, { psid := 638, ssp := { bitmapSsp := '01'O } } }, certIssuePermissions := omit, certRequestPermissions := omit, canRequestRollover := omit, encryptionKey := omit, verifyKeyIndicator := { verificationKey := { ecdsaNistP256 := { compressed_y_0 := 'DC31EC3F453DEDBF1D9181E92DA016F8C48427BFE943F5D1456E022A64CE4FFC'O } } }, flags := omit, appExtensions := omit, certIssueExtensions := omit, certRequestExtension := omit }, signature_ := { ecdsaNistP256Signature := { rSig := { x_only := 'A3906D86FEF33B41694D011EA969415736896F12D1E9EA145D6DCA95F6549BFE'O }, sSig := '49DA542D6438732069C85F1D95B0D8A4636F5AD28EF8515408EE308C4CB1EC50'O } } } } }, signature_ := { ecdsaNistP256Signature := { rSig := { x_only := 'FF11C85437B2387062982E900EB5E2DE77E64CB3FFF8C5B297657C53F07ADE75'O }, sSig := 'F303437A362E363D3F414CFED1E9B6E5C8110120086D4A92C3E5568D3704D460'O } } } } } } }, macDestinationAddress := 'FFFFFFFFFFFF'O, ssp := '000000011111111111111100'B, its_aid := 36 } id 3
10:44:23.861751 Message with id 3 was extracted from the queue of geoNetworkingPort.
10:44:23.861757 *** a_default: WARNING: Received an unexpected message ***
10:44:23.861761 Default with id 4 (altstep a_neighbourDefault) has reached a break statement. Skipping current alt statement or receiving operation.
10:44:24.164212 Timeout t: 0.5 s
10:44:24.164316 Creating new alive PTC with component type LibItsDenm_TestSystem.ItsDenm, component name: DENM Trigger.
10:44:24.166767 PTC was created. Component reference: 3, alive: yes, type: LibItsDenm_TestSystem.ItsDenm, component name: DENM Trigger.
10:44:24.166837 Starting function fb_secTriggerDenmEvent() on component DENM Trigger(3).
10:44:24.167097 Function was started.
10:44:24.172144 PTC with component reference 3 is done.
10:44:24.172187 **** f_selfSync: Successfully passed PREAMBLE synchronization point. ****
10:44:24.172194 Start timer tc_ac: 30 s
10:44:24.259548 security_services_its::process_ieee_1609_dot2_signed_data: generation time check 716460269257378 / 716460264259547, delta = 4997831.000000, comp = 0
10:44:24.260225 Message enqueued on geoNetworkingPort from system @LibItsGeoNetworking_TypesAndValues.GeoNetworkingInd : { msgIn := { basicHeader := { version := 1, nextHeader := e_securedPacket (2), reserved := 0, lifeTime := { multiplier := 6, ltBase := e_10s (2) }, routerHopLimit := 10 }, gnPacket := { packet := { commonHeader := { nextHeader := e_btpB (2), reserved := 0, headerTST := { geoBroadcastHdr := { headerType := e_geoBroadcast (4), headerSubType := e_geoBroadcastCircle (0) } }, trafficClass := { scf := e_scfDisabled (0), channelOffload := e_choffDisabled (0), tcId := 0 }, flags := '10000000'B, plLength := 44, maxHopLimit := 10, reserved2 := 0 }, extendedHeader := { geoBroadcastHeader := { seqNumber := 0, reserved := 0, srcPosVector := { gnAddr := { typeOfAddress := e_initial (0), stationType := e_unknown (0), reserved := 0, mid := '020000000001'O }, timestamp_ := 3495698121, latitude := 520000000, longitude := 130000000, pai := '0'B, speed := 0, heading := 0 }, geoAreaPosLatitude := 520000000, geoAreaPosLongitude := 130000000, distanceA := 500, distanceB := 0, angle := 0, reserved2 := 0 } }, payload := '07D2000002010000002A0000000015000094DA0B83D9253682E0F64D4A37B0073097680FFFFFFE11DBBA1F00'O }, securedMsg := { protocolVersion := 3, content := { signedData := { hashId := sha256 (0), tbsData := { payload := { data := { protocolVersion := 3, content := { unsecuredData := '20400080002C0A00000000000000020000000001D05C1EC91EFE920007BFA480000000001EFE920007BFA48001F400000000000007D2000002010000002A0000000015000094DA0B83D9253682E0F64D4A37B0073097680FFFFFFE11DBBA1F00'O } }, extDataHash := omit, omitted := omit }, headerInfo := { psid := 37, generationTime := 716460269257378, expiryTime := omit, generationLocation := { latitude := 520000000, longitude := 130000000, elevation := 4096 }, p2pcdLearningRequest := omit, missingCrlIdentifier := omit, encryptionKey := omit, inlineP2pcdRequest := omit, requestedCertificate := omit, pduFunctionalType := omit, contributedExtensions := omit } }, signer := { certificate := { { version := 3, type_ := explicit (0), issuer := { sha256AndDigest := '370736BDE47BC124'O }, toBeSigned := { id := { none_ := NULL }, cracaId := '000000'O, crlSeries := 0, validityPeriod := { start_ := 716459852, duration := { hours := 24 } }, region := omit, assuranceLevel := omit, appPermissions := { { psid := 36, ssp := { bitmapSsp := '01FFFC'O } }, { psid := 37, ssp := { bitmapSsp := '01FFFFFF'O } }, { psid := 141, ssp := omit }, { psid := 638, ssp := { bitmapSsp := '01'O } } }, certIssuePermissions := omit, certRequestPermissions := omit, canRequestRollover := omit, encryptionKey := omit, verifyKeyIndicator := { verificationKey := { ecdsaNistP256 := { compressed_y_0 := 'DC31EC3F453DEDBF1D9181E92DA016F8C48427BFE943F5D1456E022A64CE4FFC'O } } }, flags := omit, appExtensions := omit, certIssueExtensions := omit, certRequestExtension := omit }, signature_ := { ecdsaNistP256Signature := { rSig := { x_only := 'A3906D86FEF33B41694D011EA969415736896F12D1E9EA145D6DCA95F6549BFE'O }, sSig := '49DA542D6438732069C85F1D95B0D8A4636F5AD28EF8515408EE308C4CB1EC50'O } } } } }, signature_ := { ecdsaNistP256Signature := { rSig := { x_only := '90489E9DB6E38EB0FB13435F08EFEE9DB6CE8AB910B9D1DE254A6E991D175940'O }, sSig := '849ECB5363B14F61790C46558B8DA44E33924AB190E53533B2BBB3047FBFF11F'O } } } } } } }, macDestinationAddress := 'FFFFFFFFFFFF'O, ssp := '00000001111111111111111111111111'B, its_aid := 37 } id 4
10:44:24.260402 Receive operation on port geoNetworkingPort succeeded, message from system(): @LibItsGeoNetworking_TypesAndValues.GeoNetworkingInd : { msgIn := { basicHeader := { version := 1, nextHeader := e_securedPacket (2), reserved := 0, lifeTime := { multiplier := 6, ltBase := e_10s (2) }, routerHopLimit := 10 }, gnPacket := { packet := { commonHeader := { nextHeader := e_btpB (2), reserved := 0, headerTST := { geoBroadcastHdr := { headerType := e_geoBroadcast (4), headerSubType := e_geoBroadcastCircle (0) } }, trafficClass := { scf := e_scfDisabled (0), channelOffload := e_choffDisabled (0), tcId := 0 }, flags := '10000000'B, plLength := 44, maxHopLimit := 10, reserved2 := 0 }, extendedHeader := { geoBroadcastHeader := { seqNumber := 0, reserved := 0, srcPosVector := { gnAddr := { typeOfAddress := e_initial (0), stationType := e_unknown (0), reserved := 0, mid := '020000000001'O }, timestamp_ := 3495698121, latitude := 520000000, longitude := 130000000, pai := '0'B, speed := 0, heading := 0 }, geoAreaPosLatitude := 520000000, geoAreaPosLongitude := 130000000, distanceA := 500, distanceB := 0, angle := 0, reserved2 := 0 } }, payload := '07D2000002010000002A0000000015000094DA0B83D9253682E0F64D4A37B0073097680FFFFFFE11DBBA1F00'O }, securedMsg := { protocolVersion := 3, content := { signedData := { hashId := sha256 (0), tbsData := { payload := { data := { protocolVersion := 3, content := { unsecuredData := '20400080002C0A00000000000000020000000001D05C1EC91EFE920007BFA480000000001EFE920007BFA48001F400000000000007D2000002010000002A0000000015000094DA0B83D9253682E0F64D4A37B0073097680FFFFFFE11DBBA1F00'O } }, extDataHash := omit, omitted := omit }, headerInfo := { psid := 37, generationTime := 716460269257378, expiryTime := omit, generationLocation := { latitude := 520000000, longitude := 130000000, elevation := 4096 }, p2pcdLearningRequest := omit, missingCrlIdentifier := omit, encryptionKey := omit, inlineP2pcdRequest := omit, requestedCertificate := omit, pduFunctionalType := omit, contributedExtensions := omit } }, signer := { certificate := { { version := 3, type_ := explicit (0), issuer := { sha256AndDigest := '370736BDE47BC124'O }, toBeSigned := { id := { none_ := NULL }, cracaId := '000000'O, crlSeries := 0, validityPeriod := { start_ := 716459852, duration := { hours := 24 } }, region := omit, assuranceLevel := omit, appPermissions := { { psid := 36, ssp := { bitmapSsp := '01FFFC'O } }, { psid := 37, ssp := { bitmapSsp := '01FFFFFF'O } }, { psid := 141, ssp := omit }, { psid := 638, ssp := { bitmapSsp := '01'O } } }, certIssuePermissions := omit, certRequestPermissions := omit, canRequestRollover := omit, encryptionKey := omit, verifyKeyIndicator := { verificationKey := { ecdsaNistP256 := { compressed_y_0 := 'DC31EC3F453DEDBF1D9181E92DA016F8C48427BFE943F5D1456E022A64CE4FFC'O } } }, flags := omit, appExtensions := omit, certIssueExtensions := omit, certRequestExtension := omit }, signature_ := { ecdsaNistP256Signature := { rSig := { x_only := 'A3906D86FEF33B41694D011EA969415736896F12D1E9EA145D6DCA95F6549BFE'O }, sSig := '49DA542D6438732069C85F1D95B0D8A4636F5AD28EF8515408EE308C4CB1EC50'O } } } } }, signature_ := { ecdsaNistP256Signature := { rSig := { x_only := '90489E9DB6E38EB0FB13435F08EFEE9DB6CE8AB910B9D1DE254A6E991D175940'O }, sSig := '849ECB5363B14F61790C46558B8DA44E33924AB190E53533B2BBB3047FBFF11F'O } } } } } } }, macDestinationAddress := 'FFFFFFFFFFFF'O, ssp := '00000001111111111111111111111111'B, its_aid := 37 } id 4
10:44:24.260423 Message with id 4 was extracted from the queue of geoNetworkingPort.
10:44:24.260436 Stop timer tc_ac: 30 s
10:44:24.260448 *** TC_SEC_ITSS_SND_DENM_01_BV: PASS: The DEN message is secured
10:44:24.260455 setverdict(pass): none -> pass
10:44:24.260525 **** f_selfSync: Successfully passed TEST BODY synchronization point. ****
10:44:24.260535 Starting function fb_secCancelDenmEvent() on component DENM Trigger(3).
10:44:24.260817 Function was started.
10:44:24.261670 PTC with component reference 3 is done.
10:44:24.261696 Killing PTC with component reference 3.
10:44:24.262038 PTC with component reference 3 is killed.
10:44:24.262084 Sent on acPort to system @LibItsGeoNetworking_TypesAndValues.AcGnPrimitive : { stopBeaconing := { } }
10:44:24.262097 Default with id 4 (altstep a_neighbourDefault) was deactivated.
10:44:24.262129 Sent on acPort to system @LibItsCommon_TypesAndValues.AcSecPrimitive : { acDisableSecurity := { disable := true } }
10:44:24.262135 Message enqueued on acPort from system @LibItsCommon_TypesAndValues.AdapterControlResults : { acSecResponse := true } id 2
10:44:24.262144 Start timer tc_ac: 30 s
10:44:24.262161 Receive operation on port acPort succeeded, message from system(): @LibItsCommon_TypesAndValues.AdapterControlResults : { acSecResponse := true } id 2
10:44:24.262167 Message with id 2 was extracted from the queue of acPort.
10:44:24.262170 Stop timer tc_ac: 30 s
10:44:24.262174 Unmapping port mtc:acPort from system:acPort.
10:44:24.262335 Port acPort was unmapped from system:acPort.
10:44:24.262450 Unmap operation of mtc:acPort from system:acPort finished.
10:44:24.262461 Unmapping port mtc:utPort from system:utPort.
10:44:24.262542 Port utPort was unmapped from system:utPort.
10:44:24.262671 Unmap operation of mtc:utPort from system:utPort finished.
10:44:24.262695 Unmapping port mtc:geoNetworkingPort from system:geoNetworkingPort.
10:44:24.262789 Port geoNetworkingPort was unmapped from system:geoNetworkingPort.
10:44:24.262869 Unmap operation of mtc:geoNetworkingPort from system:geoNetworkingPort finished.
10:44:24.262877 Disconnecting ports mtc:syncSendPort and mtc:syncPort.
10:44:24.262948 Port syncSendPort has terminated the connection with local port syncPort.
10:44:24.262954 Port syncPort has terminated the connection with local port syncSendPort.
10:44:24.263084 Disconnect operation on mtc:syncSendPort and mtc:syncPort finished.
10:44:24.263111 Terminating component type LibItsGeoNetworking_TestSystem.ItsGeoNetworking.
10:44:24.263119 Default with id 1 (altstep a_cf01Down) was deactivated.
10:44:24.263124 Default with id 2 (altstep a_default) was deactivated.
10:44:24.263126 Default with id 3 (altstep a_utDefault) was deactivated.
10:44:24.263134 Port syncSendPort was stopped.
10:44:24.263140 Port syncPort was stopped.
10:44:24.263143 Port utPort was stopped.
10:44:24.263146 Port acPort was stopped.
10:44:24.263149 Port geoNetworkingPort was stopped.
10:44:24.263151 Component type LibItsGeoNetworking_TestSystem.ItsGeoNetworking was shut down inside testcase TC_SEC_ITSS_SND_DENM_01_BV.
10:44:24.263156 Waiting for PTCs to finish.
10:44:24.263276 Setting final verdict of the test case.
10:44:24.263303 Local verdict of MTC: pass
10:44:24.263316 Local verdict of PTC DENM Trigger(3): none (pass -> pass)
10:44:24.263328 Test case TC_SEC_ITSS_SND_DENM_01_BV finished. Verdict: pass
10:44:24.263392 Executing test case TC_SEC_ITSS_SND_DENM_02_BV in module ItsSecurity_TestCases.
10:44:24.263431 Test case TC_SEC_ITSS_SND_DENM_02_BV started.
10:44:24.263437 Initializing variables, timers and ports of component type LibItsGeoNetworking_TestSystem.ItsGeoNetworking inside testcase TC_SEC_ITSS_SND_DENM_02_BV.
10:44:24.263543 Port syncSendPort was started.
10:44:24.263553 Port syncPort was started.
10:44:24.263558 Port utPort was started.
10:44:24.263562 Port acPort was started.
10:44:24.263567 Port geoNetworkingPort was started.
10:44:24.263571 Component type LibItsGeoNetworking_TestSystem.ItsGeoNetworking was initialized.
10:44:24.263584 Mapping port mtc:acPort to system:acPort.
10:44:24.263702 Port acPort was mapped to system:acPort.
10:44:24.263999 Map operation of mtc:acPort to system:acPort finished.
10:44:24.264037 Mapping port mtc:utPort to system:utPort.
10:44:24.264319 Port utPort was mapped to system:utPort.
10:44:24.264486 Map operation of mtc:utPort to system:utPort finished.
10:44:24.264513 Mapping port mtc:geoNetworkingPort to system:geoNetworkingPort.
10:44:24.264752 security_services_its::setup: Already done
10:44:24.264845 Port geoNetworkingPort was mapped to system:geoNetworkingPort.
10:44:24.265012 Map operation of mtc:geoNetworkingPort to system:geoNetworkingPort finished.
10:44:24.265037 Connecting ports mtc:syncSendPort and mtc:syncPort.
10:44:24.265128 Port syncPort has established the connection with local port syncSendPort.
10:44:24.265149 Port syncSendPort has established the connection with local port syncPort.
10:44:24.265312 Connect operation on mtc:syncSendPort and mtc:syncPort finished.
10:44:24.265327 Altstep a_cf01Down was activated as default, id 1
10:44:24.265351 security_services_its::setup: Already done
10:44:24.265501 Selected issuer: '474321AD48592418'O
10:44:24.265635 Sent on utPort to system @LibItsGeoNetworking_TypesAndValues.UtGnInitialize : { hashedId8 := '98E7BFBA69FB453F'O }
10:44:24.266769 Message enqueued on utPort from system @LibItsGeoNetworking_TypesAndValues.UtGnResults : { utGnInitializeResult := true } id 1
10:44:24.266833 Start timer tc_wait: 120 s
10:44:24.266858 Receive operation on port utPort succeeded, message from system(): @LibItsGeoNetworking_TypesAndValues.UtGnResults : { utGnInitializeResult := true } id 1
10:44:24.266865 Message with id 1 was extracted from the queue of utPort.
10:44:24.266869 Stop timer tc_wait: 120 s
10:44:24.266874 *** f_utInitializeIut: INFO: IUT initialized ***
10:44:24.266880 Start timer t: 1 s
10:44:24.366413 security_services_its::process_ieee_1609_dot2_signed_data: generation time check 716460269365293 / 716460264366412, delta = 4998881.000000, comp = 0
10:44:24.366992 Message enqueued on geoNetworkingPort from system @LibItsGeoNetworking_TypesAndValues.GeoNetworkingInd : { msgIn := { basicHeader := { version := 1, nextHeader := e_securedPacket (2), reserved := 0, lifeTime := { multiplier := 6, ltBase := e_10s (2) }, routerHopLimit := 1 }, gnPacket := { packet := { commonHeader := { nextHeader := e_btpB (2), reserved := 0, headerTST := { tsbHdr := { headerType := e_topologicallyScopedBroadcast (5), headerSubType := e_singleHop (0) } }, trafficClass := { scf := e_scfDisabled (0), channelOffload := e_choffDisabled (0), tcId := 0 }, flags := '10000000'B, plLength := 30, maxHopLimit := 1, reserved2 := 0 }, extendedHeader := { shbHeader := { srcPosVector := { gnAddr := { typeOfAddress := e_initial (0), stationType := e_unknown (0), reserved := 0, mid := '020000000001'O }, timestamp_ := 3495698229, latitude := 520000000, longitude := 130000000, pai := '0'B, speed := 0, heading := 0 }, reserved := 0 } }, payload := '07D1000002020000002A0000005A946F600E612ED01FFFFFFC23B7743E80'O }, securedMsg := { protocolVersion := 3, content := { signedData := { hashId := sha256 (0), tbsData := { payload := { data := { protocolVersion := 3, content := { unsecuredData := '20500080001E01000000020000000001D05C1F351EFE920007BFA480000000000000000007D1000002020000002A0000005A946F600E612ED01FFFFFFC23B7743E80'O } }, extDataHash := omit, omitted := omit }, headerInfo := { psid := 36, generationTime := 716460269365293, expiryTime := omit, generationLocation := omit, p2pcdLearningRequest := omit, missingCrlIdentifier := omit, encryptionKey := omit, inlineP2pcdRequest := omit, requestedCertificate := omit, pduFunctionalType := omit, contributedExtensions := omit } }, signer := { certificate := { { version := 3, type_ := explicit (0), issuer := { sha256AndDigest := '370736BDE47BC124'O }, toBeSigned := { id := { none_ := NULL }, cracaId := '000000'O, crlSeries := 0, validityPeriod := { start_ := 716459852, duration := { hours := 24 } }, region := omit, assuranceLevel := omit, appPermissions := { { psid := 36, ssp := { bitmapSsp := '01FFFC'O } }, { psid := 37, ssp := { bitmapSsp := '01FFFFFF'O } }, { psid := 141, ssp := omit }, { psid := 638, ssp := { bitmapSsp := '01'O } } }, certIssuePermissions := omit, certRequestPermissions := omit, canRequestRollover := omit, encryptionKey := omit, verifyKeyIndicator := { verificationKey := { ecdsaNistP256 := { compressed_y_0 := 'DC31EC3F453DEDBF1D9181E92DA016F8C48427BFE943F5D1456E022A64CE4FFC'O } } }, flags := omit, appExtensions := omit, certIssueExtensions := omit, certRequestExtension := omit }, signature_ := { ecdsaNistP256Signature := { rSig := { x_only := 'A3906D86FEF33B41694D011EA969415736896F12D1E9EA145D6DCA95F6549BFE'O }, sSig := '49DA542D6438732069C85F1D95B0D8A4636F5AD28EF8515408EE308C4CB1EC50'O } } } } }, signature_ := { ecdsaNistP256Signature := { rSig := { x_only := '53F62336A37932D4A1A51E2F4B319E259468FA8C6DE9E28B2763FAC9FFB4542A'O }, sSig := '1907FF8DF7EDEF4428500BE606FB23B95ED704700CB0196F16EC4CA328354A43'O } } } } } } }, macDestinationAddress := 'FFFFFFFFFFFF'O, ssp := '000000011111111111111100'B, its_aid := 36 } id 1
10:44:25.266888 Timeout t: 1 s
10:44:25.266985 Sent on acPort to system @LibItsGeoNetworking_TypesAndValues.AcGnPrimitive : { getLongPosVector := { gnAddress := { typeOfAddress := e_initial (0), stationType := e_unknown (0), reserved := 0, mid := '020000000001'O } } }
10:44:25.267005 Message enqueued on acPort from system @LibItsGeoNetworking_TypesAndValues.AcGnResponse : { getLongPosVector := { gnAddr := { typeOfAddress := e_initial (0), stationType := e_unknown (0), reserved := 0, mid := '020000000001'O }, timestamp_ := 0, latitude := 520000000, longitude := 130000000, pai := '0'B, speed := 0, heading := 0 } } id 1
10:44:25.267016 Start timer tc_ac: 30 s
10:44:25.267040 Receive operation on port acPort succeeded, message from system(): @LibItsGeoNetworking_TypesAndValues.AcGnResponse : { getLongPosVector := { gnAddr := { typeOfAddress := e_initial (0), stationType := e_unknown (0), reserved := 0, mid := '020000000001'O }, timestamp_ := 0, latitude := 520000000, longitude := 130000000, pai := '0'B, speed := 0, heading := 0 } } id 1
10:44:25.267059 Message with id 1 was extracted from the queue of acPort.
10:44:25.267064 Stop timer tc_ac: 30 s
10:44:25.267127 Altstep a_default was activated as default, id 2
10:44:25.267133 Altstep a_utDefault was activated as default, id 3
10:44:25.267137 Altstep a_neighbourDefault was activated as default, id 4
10:44:25.267248 Sent on acPort to system @LibItsGeoNetworking_TypesAndValues.AcGnPrimitive : { startBeaconing := { beaconPacket := { basicHeader := { version := 1, nextHeader := e_commonHeader (1), reserved := 0, lifeTime := { multiplier := 10, ltBase := e_100s (3) }, routerHopLimit := 1 }, gnPacket := { packet := { commonHeader := { nextHeader := e_any (0), reserved := 0, headerTST := { beaconHdr := { headerType := e_beacon (1), headerSubType := 0 } }, trafficClass := { scf := e_scfEnabled (1), channelOffload := e_choffDisabled (0), tcId := 0 }, flags := '00000000'B, plLength := 0, maxHopLimit := 1, reserved2 := 0 }, extendedHeader := { beaconHeader := { srcPosVector := { gnAddr := { typeOfAddress := e_manual (1), stationType := e_passengerCar (5), reserved := 0, mid := '00000000000B'O }, timestamp_ := 3495693131, latitude := 520020000, longitude := 130000000, pai := '1'B, speed := 0, heading := 0 } } }, payload := omit }, securedMsg := omit } } } }
10:44:25.267466 Start timer t: 1 s
10:44:25.467089 security_services_its::process_ieee_1609_dot2_signed_data: generation time check 716460270464896 / 716460265467089, delta = 4997807.000000, comp = 0
10:44:25.469064 Message enqueued on geoNetworkingPort from system @LibItsGeoNetworking_TypesAndValues.GeoNetworkingInd : { msgIn := { basicHeader := { version := 1, nextHeader := e_securedPacket (2), reserved := 0, lifeTime := { multiplier := 6, ltBase := e_10s (2) }, routerHopLimit := 1 }, gnPacket := { packet := { commonHeader := { nextHeader := e_btpB (2), reserved := 0, headerTST := { tsbHdr := { headerType := e_topologicallyScopedBroadcast (5), headerSubType := e_singleHop (0) } }, trafficClass := { scf := e_scfDisabled (0), channelOffload := e_choffDisabled (0), tcId := 0 }, flags := '10000000'B, plLength := 30, maxHopLimit := 1, reserved2 := 0 }, extendedHeader := { shbHeader := { srcPosVector := { gnAddr := { typeOfAddress := e_initial (0), stationType := e_unknown (0), reserved := 0, mid := '020000000001'O }, timestamp_ := 3495699328, latitude := 520000000, longitude := 130000000, pai := '0'B, speed := 0, heading := 0 }, reserved := 0 } }, payload := '07D1000002020000002A0000005A946F600E612ED01FFFFFFC23B7743E80'O }, securedMsg := { protocolVersion := 3, content := { signedData := { hashId := sha256 (0), tbsData := { payload := { data := { protocolVersion := 3, content := { unsecuredData := '20500080001E01000000020000000001D05C23801EFE920007BFA480000000000000000007D1000002020000002A0000005A946F600E612ED01FFFFFFC23B7743E80'O } }, extDataHash := omit, omitted := omit }, headerInfo := { psid := 36, generationTime := 716460270464896, expiryTime := omit, generationLocation := omit, p2pcdLearningRequest := omit, missingCrlIdentifier := omit, encryptionKey := omit, inlineP2pcdRequest := omit, requestedCertificate := omit, pduFunctionalType := omit, contributedExtensions := omit } }, signer := { certificate := { { version := 3, type_ := explicit (0), issuer := { sha256AndDigest := '370736BDE47BC124'O }, toBeSigned := { id := { none_ := NULL }, cracaId := '000000'O, crlSeries := 0, validityPeriod := { start_ := 716459852, duration := { hours := 24 } }, region := omit, assuranceLevel := omit, appPermissions := { { psid := 36, ssp := { bitmapSsp := '01FFFC'O } }, { psid := 37, ssp := { bitmapSsp := '01FFFFFF'O } }, { psid := 141, ssp := omit }, { psid := 638, ssp := { bitmapSsp := '01'O } } }, certIssuePermissions := omit, certRequestPermissions := omit, canRequestRollover := omit, encryptionKey := omit, verifyKeyIndicator := { verificationKey := { ecdsaNistP256 := { compressed_y_0 := 'DC31EC3F453DEDBF1D9181E92DA016F8C48427BFE943F5D1456E022A64CE4FFC'O } } }, flags := omit, appExtensions := omit, certIssueExtensions := omit, certRequestExtension := omit }, signature_ := { ecdsaNistP256Signature := { rSig := { x_only := 'A3906D86FEF33B41694D011EA969415736896F12D1E9EA145D6DCA95F6549BFE'O }, sSig := '49DA542D6438732069C85F1D95B0D8A4636F5AD28EF8515408EE308C4CB1EC50'O } } } } }, signature_ := { ecdsaNistP256Signature := { rSig := { x_only := 'E2C8E20757C7E695408A464212A61F02D5C41DE52C333AFDDF3C33F4D00EB724'O }, sSig := '726EDFD8228A327AE9909A713CAA10A6DEA6E5F74C1B8A05F81CC749E15FE65C'O } } } } } } }, macDestinationAddress := 'FFFFFFFFFFFF'O, ssp := '000000011111111111111100'B, its_aid := 36 } id 2
10:44:26.267479 Timeout t: 1 s
10:44:26.267536 Start timer t: 0.5 s
10:44:26.267812 Receive operation on port geoNetworkingPort succeeded, message from system(): @LibItsGeoNetworking_TypesAndValues.GeoNetworkingInd: { msgIn := { basicHeader := { version := 1, nextHeader := e_securedPacket (2), reserved := 0, lifeTime := { multiplier := 6, ltBase := e_10s (2) }, routerHopLimit := 1 }, gnPacket := { packet := { commonHeader := { nextHeader := e_btpB (2), reserved := 0, headerTST := { tsbHdr := { headerType := e_topologicallyScopedBroadcast (5), headerSubType := e_singleHop (0) } }, trafficClass := { scf := e_scfDisabled (0), channelOffload := e_choffDisabled (0), tcId := 0 }, flags := '10000000'B, plLength := 30, maxHopLimit := 1, reserved2 := 0 }, extendedHeader := { shbHeader := { srcPosVector := { gnAddr := { typeOfAddress := e_initial (0), stationType := e_unknown (0), reserved := 0, mid := '020000000001'O }, timestamp_ := 3495698229, latitude := 520000000, longitude := 130000000, pai := '0'B, speed := 0, heading := 0 }, reserved := 0 } }, payload := '07D1000002020000002A0000005A946F600E612ED01FFFFFFC23B7743E80'O }, securedMsg := { protocolVersion := 3, content := { signedData := { hashId := sha256 (0), tbsData := { payload := { data := { protocolVersion := 3, content := { unsecuredData := '20500080001E01000000020000000001D05C1F351EFE920007BFA480000000000000000007D1000002020000002A0000005A946F600E612ED01FFFFFFC23B7743E80'O } }, extDataHash := omit, omitted := omit }, headerInfo := { psid := 36, generationTime := 716460269365293, expiryTime := omit, generationLocation := omit, p2pcdLearningRequest := omit, missingCrlIdentifier := omit, encryptionKey := omit, inlineP2pcdRequest := omit, requestedCertificate := omit, pduFunctionalType := omit, contributedExtensions := omit } }, signer := { certificate := { { version := 3, type_ := explicit (0), issuer := { sha256AndDigest := '370736BDE47BC124'O }, toBeSigned := { id := { none_ := NULL }, cracaId := '000000'O, crlSeries := 0, validityPeriod := { start_ := 716459852, duration := { hours := 24 } }, region := omit, assuranceLevel := omit, appPermissions := { { psid := 36, ssp := { bitmapSsp := '01FFFC'O } }, { psid := 37, ssp := { bitmapSsp := '01FFFFFF'O } }, { psid := 141, ssp := omit }, { psid := 638, ssp := { bitmapSsp := '01'O } } }, certIssuePermissions := omit, certRequestPermissions := omit, canRequestRollover := omit, encryptionKey := omit, verifyKeyIndicator := { verificationKey := { ecdsaNistP256 := { compressed_y_0 := 'DC31EC3F453DEDBF1D9181E92DA016F8C48427BFE943F5D1456E022A64CE4FFC'O } } }, flags := omit, appExtensions := omit, certIssueExtensions := omit, certRequestExtension := omit }, signature_ := { ecdsaNistP256Signature := { rSig := { x_only := 'A3906D86FEF33B41694D011EA969415736896F12D1E9EA145D6DCA95F6549BFE'O }, sSig := '49DA542D6438732069C85F1D95B0D8A4636F5AD28EF8515408EE308C4CB1EC50'O } } } } }, signature_ := { ecdsaNistP256Signature := { rSig := { x_only := '53F62336A37932D4A1A51E2F4B319E259468FA8C6DE9E28B2763FAC9FFB4542A'O }, sSig := '1907FF8DF7EDEF4428500BE606FB23B95ED704700CB0196F16EC4CA328354A43'O } } } } } } }, macDestinationAddress := 'FFFFFFFFFFFF'O, ssp := '000000011111111111111100'B, its_aid := 36 } id 1
10:44:26.267866 Message with id 1 was extracted from the queue of geoNetworkingPort.
10:44:26.267876 *** a_default: WARNING: Received an unexpected message ***
10:44:26.267880 Default with id 4 (altstep a_neighbourDefault) has reached a break statement. Skipping current alt statement or receiving operation.
10:44:26.268013 Receive operation on port geoNetworkingPort succeeded, message from system(): @LibItsGeoNetworking_TypesAndValues.GeoNetworkingInd: { msgIn := { basicHeader := { version := 1, nextHeader := e_securedPacket (2), reserved := 0, lifeTime := { multiplier := 6, ltBase := e_10s (2) }, routerHopLimit := 1 }, gnPacket := { packet := { commonHeader := { nextHeader := e_btpB (2), reserved := 0, headerTST := { tsbHdr := { headerType := e_topologicallyScopedBroadcast (5), headerSubType := e_singleHop (0) } }, trafficClass := { scf := e_scfDisabled (0), channelOffload := e_choffDisabled (0), tcId := 0 }, flags := '10000000'B, plLength := 30, maxHopLimit := 1, reserved2 := 0 }, extendedHeader := { shbHeader := { srcPosVector := { gnAddr := { typeOfAddress := e_initial (0), stationType := e_unknown (0), reserved := 0, mid := '020000000001'O }, timestamp_ := 3495699328, latitude := 520000000, longitude := 130000000, pai := '0'B, speed := 0, heading := 0 }, reserved := 0 } }, payload := '07D1000002020000002A0000005A946F600E612ED01FFFFFFC23B7743E80'O }, securedMsg := { protocolVersion := 3, content := { signedData := { hashId := sha256 (0), tbsData := { payload := { data := { protocolVersion := 3, content := { unsecuredData := '20500080001E01000000020000000001D05C23801EFE920007BFA480000000000000000007D1000002020000002A0000005A946F600E612ED01FFFFFFC23B7743E80'O } }, extDataHash := omit, omitted := omit }, headerInfo := { psid := 36, generationTime := 716460270464896, expiryTime := omit, generationLocation := omit, p2pcdLearningRequest := omit, missingCrlIdentifier := omit, encryptionKey := omit, inlineP2pcdRequest := omit, requestedCertificate := omit, pduFunctionalType := omit, contributedExtensions := omit } }, signer := { certificate := { { version := 3, type_ := explicit (0), issuer := { sha256AndDigest := '370736BDE47BC124'O }, toBeSigned := { id := { none_ := NULL }, cracaId := '000000'O, crlSeries := 0, validityPeriod := { start_ := 716459852, duration := { hours := 24 } }, region := omit, assuranceLevel := omit, appPermissions := { { psid := 36, ssp := { bitmapSsp := '01FFFC'O } }, { psid := 37, ssp := { bitmapSsp := '01FFFFFF'O } }, { psid := 141, ssp := omit }, { psid := 638, ssp := { bitmapSsp := '01'O } } }, certIssuePermissions := omit, certRequestPermissions := omit, canRequestRollover := omit, encryptionKey := omit, verifyKeyIndicator := { verificationKey := { ecdsaNistP256 := { compressed_y_0 := 'DC31EC3F453DEDBF1D9181E92DA016F8C48427BFE943F5D1456E022A64CE4FFC'O } } }, flags := omit, appExtensions := omit, certIssueExtensions := omit, certRequestExtension := omit }, signature_ := { ecdsaNistP256Signature := { rSig := { x_only := 'A3906D86FEF33B41694D011EA969415736896F12D1E9EA145D6DCA95F6549BFE'O }, sSig := '49DA542D6438732069C85F1D95B0D8A4636F5AD28EF8515408EE308C4CB1EC50'O } } } } }, signature_ := { ecdsaNistP256Signature := { rSig := { x_only := 'E2C8E20757C7E695408A464212A61F02D5C41DE52C333AFDDF3C33F4D00EB724'O }, sSig := '726EDFD8228A327AE9909A713CAA10A6DEA6E5F74C1B8A05F81CC749E15FE65C'O } } } } } } }, macDestinationAddress := 'FFFFFFFFFFFF'O, ssp := '000000011111111111111100'B, its_aid := 36 } id 2
10:44:26.268023 Message with id 2 was extracted from the queue of geoNetworkingPort.
10:44:26.268027 *** a_default: WARNING: Received an unexpected message ***
10:44:26.268030 Default with id 4 (altstep a_neighbourDefault) has reached a break statement. Skipping current alt statement or receiving operation.
10:44:26.466636 security_services_its::process_ieee_1609_dot2_signed_data: generation time check 716460271465467 / 716460266466635, delta = 4998832.000000, comp = 0
10:44:26.467406 Message enqueued on geoNetworkingPort from system @LibItsGeoNetworking_TypesAndValues.GeoNetworkingInd : { msgIn := { basicHeader := { version := 1, nextHeader := e_securedPacket (2), reserved := 0, lifeTime := { multiplier := 6, ltBase := e_10s (2) }, routerHopLimit := 1 }, gnPacket := { packet := { commonHeader := { nextHeader := e_btpB (2), reserved := 0, headerTST := { tsbHdr := { headerType := e_topologicallyScopedBroadcast (5), headerSubType := e_singleHop (0) } }, trafficClass := { scf := e_scfDisabled (0), channelOffload := e_choffDisabled (0), tcId := 0 }, flags := '10000000'B, plLength := 30, maxHopLimit := 1, reserved2 := 0 }, extendedHeader := { shbHeader := { srcPosVector := { gnAddr := { typeOfAddress := e_initial (0), stationType := e_unknown (0), reserved := 0, mid := '020000000001'O }, timestamp_ := 3495700329, latitude := 520000000, longitude := 130000000, pai := '0'B, speed := 0, heading := 0 }, reserved := 0 } }, payload := '07D1000002020000002A0000005A946F600E612ED01FFFFFFC23B7743E80'O }, securedMsg := { protocolVersion := 3, content := { signedData := { hashId := sha256 (0), tbsData := { payload := { data := { protocolVersion := 3, content := { unsecuredData := '20500080001E01000000020000000001D05C27691EFE920007BFA480000000000000000007D1000002020000002A0000005A946F600E612ED01FFFFFFC23B7743E80'O } }, extDataHash := omit, omitted := omit }, headerInfo := { psid := 36, generationTime := 716460271465467, expiryTime := omit, generationLocation := omit, p2pcdLearningRequest := omit, missingCrlIdentifier := omit, encryptionKey := omit, inlineP2pcdRequest := omit, requestedCertificate := omit, pduFunctionalType := omit, contributedExtensions := omit } }, signer := { certificate := { { version := 3, type_ := explicit (0), issuer := { sha256AndDigest := '370736BDE47BC124'O }, toBeSigned := { id := { none_ := NULL }, cracaId := '000000'O, crlSeries := 0, validityPeriod := { start_ := 716459852, duration := { hours := 24 } }, region := omit, assuranceLevel := omit, appPermissions := { { psid := 36, ssp := { bitmapSsp := '01FFFC'O } }, { psid := 37, ssp := { bitmapSsp := '01FFFFFF'O } }, { psid := 141, ssp := omit }, { psid := 638, ssp := { bitmapSsp := '01'O } } }, certIssuePermissions := omit, certRequestPermissions := omit, canRequestRollover := omit, encryptionKey := omit, verifyKeyIndicator := { verificationKey := { ecdsaNistP256 := { compressed_y_0 := 'DC31EC3F453DEDBF1D9181E92DA016F8C48427BFE943F5D1456E022A64CE4FFC'O } } }, flags := omit, appExtensions := omit, certIssueExtensions := omit, certRequestExtension := omit }, signature_ := { ecdsaNistP256Signature := { rSig := { x_only := 'A3906D86FEF33B41694D011EA969415736896F12D1E9EA145D6DCA95F6549BFE'O }, sSig := '49DA542D6438732069C85F1D95B0D8A4636F5AD28EF8515408EE308C4CB1EC50'O } } } } }, signature_ := { ecdsaNistP256Signature := { rSig := { x_only := '91C4E37A6A8590E966292BF26AAF40EC46E535482506D465D01349E1C81CF02B'O }, sSig := 'AAB24E01FDC49D05B12E596678F29E76E5BA7F8E751E18CF09EE4F65C4D500E7'O } } } } } } }, macDestinationAddress := 'FFFFFFFFFFFF'O, ssp := '000000011111111111111100'B, its_aid := 36 } id 3
10:44:26.467744 Receive operation on port geoNetworkingPort succeeded, message from system(): @LibItsGeoNetworking_TypesAndValues.GeoNetworkingInd: { msgIn := { basicHeader := { version := 1, nextHeader := e_securedPacket (2), reserved := 0, lifeTime := { multiplier := 6, ltBase := e_10s (2) }, routerHopLimit := 1 }, gnPacket := { packet := { commonHeader := { nextHeader := e_btpB (2), reserved := 0, headerTST := { tsbHdr := { headerType := e_topologicallyScopedBroadcast (5), headerSubType := e_singleHop (0) } }, trafficClass := { scf := e_scfDisabled (0), channelOffload := e_choffDisabled (0), tcId := 0 }, flags := '10000000'B, plLength := 30, maxHopLimit := 1, reserved2 := 0 }, extendedHeader := { shbHeader := { srcPosVector := { gnAddr := { typeOfAddress := e_initial (0), stationType := e_unknown (0), reserved := 0, mid := '020000000001'O }, timestamp_ := 3495700329, latitude := 520000000, longitude := 130000000, pai := '0'B, speed := 0, heading := 0 }, reserved := 0 } }, payload := '07D1000002020000002A0000005A946F600E612ED01FFFFFFC23B7743E80'O }, securedMsg := { protocolVersion := 3, content := { signedData := { hashId := sha256 (0), tbsData := { payload := { data := { protocolVersion := 3, content := { unsecuredData := '20500080001E01000000020000000001D05C27691EFE920007BFA480000000000000000007D1000002020000002A0000005A946F600E612ED01FFFFFFC23B7743E80'O } }, extDataHash := omit, omitted := omit }, headerInfo := { psid := 36, generationTime := 716460271465467, expiryTime := omit, generationLocation := omit, p2pcdLearningRequest := omit, missingCrlIdentifier := omit, encryptionKey := omit, inlineP2pcdRequest := omit, requestedCertificate := omit, pduFunctionalType := omit, contributedExtensions := omit } }, signer := { certificate := { { version := 3, type_ := explicit (0), issuer := { sha256AndDigest := '370736BDE47BC124'O }, toBeSigned := { id := { none_ := NULL }, cracaId := '000000'O, crlSeries := 0, validityPeriod := { start_ := 716459852, duration := { hours := 24 } }, region := omit, assuranceLevel := omit, appPermissions := { { psid := 36, ssp := { bitmapSsp := '01FFFC'O } }, { psid := 37, ssp := { bitmapSsp := '01FFFFFF'O } }, { psid := 141, ssp := omit }, { psid := 638, ssp := { bitmapSsp := '01'O } } }, certIssuePermissions := omit, certRequestPermissions := omit, canRequestRollover := omit, encryptionKey := omit, verifyKeyIndicator := { verificationKey := { ecdsaNistP256 := { compressed_y_0 := 'DC31EC3F453DEDBF1D9181E92DA016F8C48427BFE943F5D1456E022A64CE4FFC'O } } }, flags := omit, appExtensions := omit, certIssueExtensions := omit, certRequestExtension := omit }, signature_ := { ecdsaNistP256Signature := { rSig := { x_only := 'A3906D86FEF33B41694D011EA969415736896F12D1E9EA145D6DCA95F6549BFE'O }, sSig := '49DA542D6438732069C85F1D95B0D8A4636F5AD28EF8515408EE308C4CB1EC50'O } } } } }, signature_ := { ecdsaNistP256Signature := { rSig := { x_only := '91C4E37A6A8590E966292BF26AAF40EC46E535482506D465D01349E1C81CF02B'O }, sSig := 'AAB24E01FDC49D05B12E596678F29E76E5BA7F8E751E18CF09EE4F65C4D500E7'O } } } } } } }, macDestinationAddress := 'FFFFFFFFFFFF'O, ssp := '000000011111111111111100'B, its_aid := 36 } id 3
10:44:26.467821 Message with id 3 was extracted from the queue of geoNetworkingPort.
10:44:26.467829 *** a_default: WARNING: Received an unexpected message ***
10:44:26.467834 Default with id 4 (altstep a_neighbourDefault) has reached a break statement. Skipping current alt statement or receiving operation.
10:44:26.767673 Timeout t: 0.5 s
10:44:26.767977 Creating new alive PTC with component type LibItsDenm_TestSystem.ItsDenm, component name: DENM Trigger.
10:44:26.773079 PTC was created. Component reference: 4, alive: yes, type: LibItsDenm_TestSystem.ItsDenm, component name: DENM Trigger.
10:44:26.773172 Starting function fb_secTriggerDenmEvent() on component DENM Trigger(4).
10:44:26.773593 Function was started.
10:44:26.776547 PTC with component reference 4 is done.
10:44:26.776595 **** f_selfSync: Successfully passed PREAMBLE synchronization point. ****
10:44:26.776609 Start timer tc_ac: 30 s
10:44:26.868009 security_services_its::process_ieee_1609_dot2_signed_data: generation time check 716460271865295 / 716460266868006, delta = 4997289.000000, comp = 0
10:44:26.870394 Message enqueued on geoNetworkingPort from system @LibItsGeoNetworking_TypesAndValues.GeoNetworkingInd : { msgIn := { basicHeader := { version := 1, nextHeader := e_securedPacket (2), reserved := 0, lifeTime := { multiplier := 6, ltBase := e_10s (2) }, routerHopLimit := 10 }, gnPacket := { packet := { commonHeader := { nextHeader := e_btpB (2), reserved := 0, headerTST := { geoBroadcastHdr := { headerType := e_geoBroadcast (4), headerSubType := e_geoBroadcastCircle (0) } }, trafficClass := { scf := e_scfDisabled (0), channelOffload := e_choffDisabled (0), tcId := 0 }, flags := '10000000'B, plLength := 44, maxHopLimit := 10, reserved2 := 0 }, extendedHeader := { geoBroadcastHeader := { seqNumber := 0, reserved := 0, srcPosVector := { gnAddr := { typeOfAddress := e_initial (0), stationType := e_unknown (0), reserved := 0, mid := '020000000001'O }, timestamp_ := 3495700729, latitude := 520000000, longitude := 130000000, pai := '0'B, speed := 0, heading := 0 }, geoAreaPosLatitude := 520000000, geoAreaPosLongitude := 130000000, distanceA := 500, distanceB := 0, angle := 0, reserved2 := 0 } }, payload := '07D2000002010000002A0000000015000094DA0B851F253682E147CD4A37B0073097680FFFFFFE11DBBA1F00'O }, securedMsg := { protocolVersion := 3, content := { signedData := { hashId := sha256 (0), tbsData := { payload := { data := { protocolVersion := 3, content := { unsecuredData := '20400080002C0A00000000000000020000000001D05C28F91EFE920007BFA480000000001EFE920007BFA48001F400000000000007D2000002010000002A0000000015000094DA0B851F253682E147CD4A37B0073097680FFFFFFE11DBBA1F00'O } }, extDataHash := omit, omitted := omit }, headerInfo := { psid := 37, generationTime := 716460271865295, expiryTime := omit, generationLocation := { latitude := 520000000, longitude := 130000000, elevation := 4096 }, p2pcdLearningRequest := omit, missingCrlIdentifier := omit, encryptionKey := omit, inlineP2pcdRequest := omit, requestedCertificate := omit, pduFunctionalType := omit, contributedExtensions := omit } }, signer := { certificate := { { version := 3, type_ := explicit (0), issuer := { sha256AndDigest := '370736BDE47BC124'O }, toBeSigned := { id := { none_ := NULL }, cracaId := '000000'O, crlSeries := 0, validityPeriod := { start_ := 716459852, duration := { hours := 24 } }, region := omit, assuranceLevel := omit, appPermissions := { { psid := 36, ssp := { bitmapSsp := '01FFFC'O } }, { psid := 37, ssp := { bitmapSsp := '01FFFFFF'O } }, { psid := 141, ssp := omit }, { psid := 638, ssp := { bitmapSsp := '01'O } } }, certIssuePermissions := omit, certRequestPermissions := omit, canRequestRollover := omit, encryptionKey := omit, verifyKeyIndicator := { verificationKey := { ecdsaNistP256 := { compressed_y_0 := 'DC31EC3F453DEDBF1D9181E92DA016F8C48427BFE943F5D1456E022A64CE4FFC'O } } }, flags := omit, appExtensions := omit, certIssueExtensions := omit, certRequestExtension := omit }, signature_ := { ecdsaNistP256Signature := { rSig := { x_only := 'A3906D86FEF33B41694D011EA969415736896F12D1E9EA145D6DCA95F6549BFE'O }, sSig := '49DA542D6438732069C85F1D95B0D8A4636F5AD28EF8515408EE308C4CB1EC50'O } } } } }, signature_ := { ecdsaNistP256Signature := { rSig := { x_only := '8E768E549543DDE65EDEED0C329469F9B0BFE49F9B42D7F33FA8C83703BDD204'O }, sSig := 'D26E36F27D67EFE05B9031204C8EBF91EC94B9A9E58CE635860FF6944FDD94FD'O } } } } } } }, macDestinationAddress := 'FFFFFFFFFFFF'O, ssp := '00000001111111111111111111111111'B, its_aid := 37 } id 4
10:44:26.871318 Receive operation on port geoNetworkingPort succeeded, message from system(): @LibItsGeoNetworking_TypesAndValues.GeoNetworkingInd : { msgIn := { basicHeader := { version := 1, nextHeader := e_securedPacket (2), reserved := 0, lifeTime := { multiplier := 6, ltBase := e_10s (2) }, routerHopLimit := 10 }, gnPacket := { packet := { commonHeader := { nextHeader := e_btpB (2), reserved := 0, headerTST := { geoBroadcastHdr := { headerType := e_geoBroadcast (4), headerSubType := e_geoBroadcastCircle (0) } }, trafficClass := { scf := e_scfDisabled (0), channelOffload := e_choffDisabled (0), tcId := 0 }, flags := '10000000'B, plLength := 44, maxHopLimit := 10, reserved2 := 0 }, extendedHeader := { geoBroadcastHeader := { seqNumber := 0, reserved := 0, srcPosVector := { gnAddr := { typeOfAddress := e_initial (0), stationType := e_unknown (0), reserved := 0, mid := '020000000001'O }, timestamp_ := 3495700729, latitude := 520000000, longitude := 130000000, pai := '0'B, speed := 0, heading := 0 }, geoAreaPosLatitude := 520000000, geoAreaPosLongitude := 130000000, distanceA := 500, distanceB := 0, angle := 0, reserved2 := 0 } }, payload := '07D2000002010000002A0000000015000094DA0B851F253682E147CD4A37B0073097680FFFFFFE11DBBA1F00'O }, securedMsg := { protocolVersion := 3, content := { signedData := { hashId := sha256 (0), tbsData := { payload := { data := { protocolVersion := 3, content := { unsecuredData := '20400080002C0A00000000000000020000000001D05C28F91EFE920007BFA480000000001EFE920007BFA48001F400000000000007D2000002010000002A0000000015000094DA0B851F253682E147CD4A37B0073097680FFFFFFE11DBBA1F00'O } }, extDataHash := omit, omitted := omit }, headerInfo := { psid := 37, generationTime := 716460271865295, expiryTime := omit, generationLocation := { latitude := 520000000, longitude := 130000000, elevation := 4096 }, p2pcdLearningRequest := omit, missingCrlIdentifier := omit, encryptionKey := omit, inlineP2pcdRequest := omit, requestedCertificate := omit, pduFunctionalType := omit, contributedExtensions := omit } }, signer := { certificate := { { version := 3, type_ := explicit (0), issuer := { sha256AndDigest := '370736BDE47BC124'O }, toBeSigned := { id := { none_ := NULL }, cracaId := '000000'O, crlSeries := 0, validityPeriod := { start_ := 716459852, duration := { hours := 24 } }, region := omit, assuranceLevel := omit, appPermissions := { { psid := 36, ssp := { bitmapSsp := '01FFFC'O } }, { psid := 37, ssp := { bitmapSsp := '01FFFFFF'O } }, { psid := 141, ssp := omit }, { psid := 638, ssp := { bitmapSsp := '01'O } } }, certIssuePermissions := omit, certRequestPermissions := omit, canRequestRollover := omit, encryptionKey := omit, verifyKeyIndicator := { verificationKey := { ecdsaNistP256 := { compressed_y_0 := 'DC31EC3F453DEDBF1D9181E92DA016F8C48427BFE943F5D1456E022A64CE4FFC'O } } }, flags := omit, appExtensions := omit, certIssueExtensions := omit, certRequestExtension := omit }, signature_ := { ecdsaNistP256Signature := { rSig := { x_only := 'A3906D86FEF33B41694D011EA969415736896F12D1E9EA145D6DCA95F6549BFE'O }, sSig := '49DA542D6438732069C85F1D95B0D8A4636F5AD28EF8515408EE308C4CB1EC50'O } } } } }, signature_ := { ecdsaNistP256Signature := { rSig := { x_only := '8E768E549543DDE65EDEED0C329469F9B0BFE49F9B42D7F33FA8C83703BDD204'O }, sSig := 'D26E36F27D67EFE05B9031204C8EBF91EC94B9A9E58CE635860FF6944FDD94FD'O } } } } } } }, macDestinationAddress := 'FFFFFFFFFFFF'O, ssp := '00000001111111111111111111111111'B, its_aid := 37 } id 4
10:44:26.871415 Message with id 4 was extracted from the queue of geoNetworkingPort.
10:44:26.871484 Stop timer tc_ac: 30 s
10:44:26.871558 *** TC_SEC_ITSS_SND_DENM_02_BV: PASS: Correct secured packet received
10:44:26.871593 setverdict(pass): none -> pass
10:44:26.871883 **** f_selfSync: Successfully passed TEST BODY synchronization point. ****
10:44:26.871935 Starting function fb_secCancelDenmEvent() on component DENM Trigger(4).
10:44:26.872947 Function was started.
10:44:26.876074 PTC with component reference 4 is done.
10:44:26.876128 Killing PTC with component reference 4.
10:44:26.876974 PTC with component reference 4 is killed.
10:44:26.877039 Sent on acPort to system @LibItsGeoNetworking_TypesAndValues.AcGnPrimitive : { stopBeaconing := { } }
10:44:26.877059 Default with id 4 (altstep a_neighbourDefault) was deactivated.
10:44:26.877086 Sent on acPort to system @LibItsCommon_TypesAndValues.AcSecPrimitive : { acDisableSecurity := { disable := true } }
10:44:26.877097 Message enqueued on acPort from system @LibItsCommon_TypesAndValues.AdapterControlResults : { acSecResponse := true } id 2
10:44:26.877111 Start timer tc_ac: 30 s
10:44:26.877134 Receive operation on port acPort succeeded, message from system(): @LibItsCommon_TypesAndValues.AdapterControlResults : { acSecResponse := true } id 2
10:44:26.877144 Message with id 2 was extracted from the queue of acPort.
10:44:26.877151 Stop timer tc_ac: 30 s
10:44:26.877160 Unmapping port mtc:acPort from system:acPort.
10:44:26.877764 Port acPort was unmapped from system:acPort.
10:44:26.878161 Unmap operation of mtc:acPort from system:acPort finished.
10:44:26.878247 Unmapping port mtc:utPort from system:utPort.
10:44:26.878893 Port utPort was unmapped from system:utPort.
10:44:26.879434 Unmap operation of mtc:utPort from system:utPort finished.
10:44:26.879500 Unmapping port mtc:geoNetworkingPort from system:geoNetworkingPort.
10:44:26.879943 Port geoNetworkingPort was unmapped from system:geoNetworkingPort.
10:44:26.880248 Unmap operation of mtc:geoNetworkingPort from system:geoNetworkingPort finished.
10:44:26.880335 Disconnecting ports mtc:syncSendPort and mtc:syncPort.
10:44:26.880742 Port syncSendPort has terminated the connection with local port syncPort.
10:44:26.880817 Port syncPort has terminated the connection with local port syncSendPort.
10:44:26.881127 Disconnect operation on mtc:syncSendPort and mtc:syncPort finished.
10:44:26.881184 Terminating component type LibItsGeoNetworking_TestSystem.ItsGeoNetworking.
10:44:26.881204 Default with id 1 (altstep a_cf01Down) was deactivated.
10:44:26.881219 Default with id 2 (altstep a_default) was deactivated.
10:44:26.881226 Default with id 3 (altstep a_utDefault) was deactivated.
10:44:26.881236 Port syncSendPort was stopped.
10:44:26.881250 Port syncPort was stopped.
10:44:26.881260 Port utPort was stopped.
10:44:26.881269 Port acPort was stopped.
10:44:26.881277 Port geoNetworkingPort was stopped.
10:44:26.881285 Component type LibItsGeoNetworking_TestSystem.ItsGeoNetworking was shut down inside testcase TC_SEC_ITSS_SND_DENM_02_BV.
10:44:26.881298 Waiting for PTCs to finish.
10:44:26.881683 Setting final verdict of the test case.
10:44:26.881779 Local verdict of MTC: pass
10:44:26.881816 Local verdict of PTC DENM Trigger(4): none (pass -> pass)
10:44:26.881848 Test case TC_SEC_ITSS_SND_DENM_02_BV finished. Verdict: pass
10:44:26.882182 Executing test case TC_SEC_ITSS_SND_DENM_03_BV in module ItsSecurity_TestCases.
10:44:26.882387 Test case TC_SEC_ITSS_SND_DENM_03_BV started.
10:44:26.882410 Initializing variables, timers and ports of component type LibItsGeoNetworking_TestSystem.ItsGeoNetworking inside testcase TC_SEC_ITSS_SND_DENM_03_BV.
10:44:26.882536 Port syncSendPort was started.
10:44:26.882551 Port syncPort was started.
10:44:26.882559 Port utPort was started.
10:44:26.882567 Port acPort was started.
10:44:26.882574 Port geoNetworkingPort was started.
10:44:26.882582 Component type LibItsGeoNetworking_TestSystem.ItsGeoNetworking was initialized.
10:44:26.882597 Mapping port mtc:acPort to system:acPort.
10:44:26.882875 Port acPort was mapped to system:acPort.
10:44:26.883201 Map operation of mtc:acPort to system:acPort finished.
10:44:26.883238 Mapping port mtc:utPort to system:utPort.
10:44:26.883902 Port utPort was mapped to system:utPort.
10:44:26.884300 Map operation of mtc:utPort to system:utPort finished.
10:44:26.884331 Mapping port mtc:geoNetworkingPort to system:geoNetworkingPort.
10:44:26.884741 security_services_its::setup: Already done
10:44:26.884843 Port geoNetworkingPort was mapped to system:geoNetworkingPort.
10:44:26.885075 Map operation of mtc:geoNetworkingPort to system:geoNetworkingPort finished.
10:44:26.885124 Connecting ports mtc:syncSendPort and mtc:syncPort.
10:44:26.885425 Port syncPort has established the connection with local port syncSendPort.
10:44:26.885478 Port syncSendPort has established the connection with local port syncPort.
10:44:26.885779 Connect operation on mtc:syncSendPort and mtc:syncPort finished.
10:44:26.885819 Altstep a_cf01Down was activated as default, id 1
10:44:26.885876 security_services_its::setup: Already done
10:44:26.886174 Selected issuer: '474321AD48592418'O
10:44:26.886511 Sent on utPort to system @LibItsGeoNetworking_TypesAndValues.UtGnInitialize : { hashedId8 := '98E7BFBA69FB453F'O }
10:44:26.890328 Message enqueued on utPort from system @LibItsGeoNetworking_TypesAndValues.UtGnResults : { utGnInitializeResult := true } id 1
10:44:26.890474 Start timer tc_wait: 120 s
10:44:26.890540 Receive operation on port utPort succeeded, message from system(): @LibItsGeoNetworking_TypesAndValues.UtGnResults : { utGnInitializeResult := true } id 1
10:44:26.890562 Message with id 1 was extracted from the queue of utPort.
10:44:26.890575 Stop timer tc_wait: 120 s
10:44:26.890589 *** f_utInitializeIut: INFO: IUT initialized ***
10:44:26.890609 Start timer t: 1 s
10:44:26.987665 security_services_its::process_ieee_1609_dot2_signed_data: generation time check 716460271985084 / 716460266987664, delta = 4997420.000000, comp = 0
10:44:26.988986 Message enqueued on geoNetworkingPort from system @LibItsGeoNetworking_TypesAndValues.GeoNetworkingInd : { msgIn := { basicHeader := { version := 1, nextHeader := e_securedPacket (2), reserved := 0, lifeTime := { multiplier := 6, ltBase := e_10s (2) }, routerHopLimit := 1 }, gnPacket := { packet := { commonHeader := { nextHeader := e_btpB (2), reserved := 0, headerTST := { tsbHdr := { headerType := e_topologicallyScopedBroadcast (5), headerSubType := e_singleHop (0) } }, trafficClass := { scf := e_scfDisabled (0), channelOffload := e_choffDisabled (0), tcId := 0 }, flags := '10000000'B, plLength := 30, maxHopLimit := 1, reserved2 := 0 }, extendedHeader := { shbHeader := { srcPosVector := { gnAddr := { typeOfAddress := e_initial (0), stationType := e_unknown (0), reserved := 0, mid := '020000000001'O }, timestamp_ := 3495700849, latitude := 520000000, longitude := 130000000, pai := '0'B, speed := 0, heading := 0 }, reserved := 0 } }, payload := '07D1000002020000002A0000005A946F600E612ED01FFFFFFC23B7743E80'O }, securedMsg := { protocolVersion := 3, content := { signedData := { hashId := sha256 (0), tbsData := { payload := { data := { protocolVersion := 3, content := { unsecuredData := '20500080001E01000000020000000001D05C29711EFE920007BFA480000000000000000007D1000002020000002A0000005A946F600E612ED01FFFFFFC23B7743E80'O } }, extDataHash := omit, omitted := omit }, headerInfo := { psid := 36, generationTime := 716460271985084, expiryTime := omit, generationLocation := omit, p2pcdLearningRequest := omit, missingCrlIdentifier := omit, encryptionKey := omit, inlineP2pcdRequest := omit, requestedCertificate := omit, pduFunctionalType := omit, contributedExtensions := omit } }, signer := { certificate := { { version := 3, type_ := explicit (0), issuer := { sha256AndDigest := '370736BDE47BC124'O }, toBeSigned := { id := { none_ := NULL }, cracaId := '000000'O, crlSeries := 0, validityPeriod := { start_ := 716459852, duration := { hours := 24 } }, region := omit, assuranceLevel := omit, appPermissions := { { psid := 36, ssp := { bitmapSsp := '01FFFC'O } }, { psid := 37, ssp := { bitmapSsp := '01FFFFFF'O } }, { psid := 141, ssp := omit }, { psid := 638, ssp := { bitmapSsp := '01'O } } }, certIssuePermissions := omit, certRequestPermissions := omit, canRequestRollover := omit, encryptionKey := omit, verifyKeyIndicator := { verificationKey := { ecdsaNistP256 := { compressed_y_0 := 'DC31EC3F453DEDBF1D9181E92DA016F8C48427BFE943F5D1456E022A64CE4FFC'O } } }, flags := omit, appExtensions := omit, certIssueExtensions := omit, certRequestExtension := omit }, signature_ := { ecdsaNistP256Signature := { rSig := { x_only := 'A3906D86FEF33B41694D011EA969415736896F12D1E9EA145D6DCA95F6549BFE'O }, sSig := '49DA542D6438732069C85F1D95B0D8A4636F5AD28EF8515408EE308C4CB1EC50'O } } } } }, signature_ := { ecdsaNistP256Signature := { rSig := { x_only := '123136C7F469E138DF31E849378D7D43EC5F71370D3241ED90AA16DA53CAEFBB'O }, sSig := '947861C7523877AE576C8412C01A5D4C402F99786DA991A4B7A6FCF88D36396C'O } } } } } } }, macDestinationAddress := 'FFFFFFFFFFFF'O, ssp := '000000011111111111111100'B, its_aid := 36 } id 1
10:44:27.890634 Timeout t: 1 s
10:44:27.890872 Sent on acPort to system @LibItsGeoNetworking_TypesAndValues.AcGnPrimitive : { getLongPosVector := { gnAddress := { typeOfAddress := e_initial (0), stationType := e_unknown (0), reserved := 0, mid := '020000000001'O } } }
10:44:27.890925 Message enqueued on acPort from system @LibItsGeoNetworking_TypesAndValues.AcGnResponse : { getLongPosVector := { gnAddr := { typeOfAddress := e_initial (0), stationType := e_unknown (0), reserved := 0, mid := '020000000001'O }, timestamp_ := 0, latitude := 520000000, longitude := 130000000, pai := '0'B, speed := 0, heading := 0 } } id 1
10:44:27.890954 Start timer tc_ac: 30 s
10:44:27.891014 Receive operation on port acPort succeeded, message from system(): @LibItsGeoNetworking_TypesAndValues.AcGnResponse : { getLongPosVector := { gnAddr := { typeOfAddress := e_initial (0), stationType := e_unknown (0), reserved := 0, mid := '020000000001'O }, timestamp_ := 0, latitude := 520000000, longitude := 130000000, pai := '0'B, speed := 0, heading := 0 } } id 1
10:44:27.891031 Message with id 1 was extracted from the queue of acPort.
10:44:27.891045 Stop timer tc_ac: 30 s
10:44:27.891196 Altstep a_default was activated as default, id 2
10:44:27.891213 Altstep a_utDefault was activated as default, id 3
10:44:27.891222 Altstep a_neighbourDefault was activated as default, id 4
10:44:27.891531 Sent on acPort to system @LibItsGeoNetworking_TypesAndValues.AcGnPrimitive : { startBeaconing := { beaconPacket := { basicHeader := { version := 1, nextHeader := e_commonHeader (1), reserved := 0, lifeTime := { multiplier := 10, ltBase := e_100s (3) }, routerHopLimit := 1 }, gnPacket := { packet := { commonHeader := { nextHeader := e_any (0), reserved := 0, headerTST := { beaconHdr := { headerType := e_beacon (1), headerSubType := 0 } }, trafficClass := { scf := e_scfEnabled (1), channelOffload := e_choffDisabled (0), tcId := 0 }, flags := '00000000'B, plLength := 0, maxHopLimit := 1, reserved2 := 0 }, extendedHeader := { beaconHeader := { srcPosVector := { gnAddr := { typeOfAddress := e_manual (1), stationType := e_passengerCar (5), reserved := 0, mid := '00000000000B'O }, timestamp_ := 3495695755, latitude := 520020000, longitude := 130000000, pai := '1'B, speed := 0, heading := 0 } } }, payload := omit }, securedMsg := omit } } } }
10:44:27.892411 Start timer t: 1 s
10:44:28.088585 security_services_its::process_ieee_1609_dot2_signed_data: generation time check 716460273085118 / 716460268088583, delta = 4996535.000000, comp = 0
10:44:28.089926 Message enqueued on geoNetworkingPort from system @LibItsGeoNetworking_TypesAndValues.GeoNetworkingInd : { msgIn := { basicHeader := { version := 1, nextHeader := e_securedPacket (2), reserved := 0, lifeTime := { multiplier := 6, ltBase := e_10s (2) }, routerHopLimit := 1 }, gnPacket := { packet := { commonHeader := { nextHeader := e_btpB (2), reserved := 0, headerTST := { tsbHdr := { headerType := e_topologicallyScopedBroadcast (5), headerSubType := e_singleHop (0) } }, trafficClass := { scf := e_scfDisabled (0), channelOffload := e_choffDisabled (0), tcId := 0 }, flags := '10000000'B, plLength := 30, maxHopLimit := 1, reserved2 := 0 }, extendedHeader := { shbHeader := { srcPosVector := { gnAddr := { typeOfAddress := e_initial (0), stationType := e_unknown (0), reserved := 0, mid := '020000000001'O }, timestamp_ := 3495701949, latitude := 520000000, longitude := 130000000, pai := '0'B, speed := 0, heading := 0 }, reserved := 0 } }, payload := '07D1000002020000002A0000005A946F600E612ED01FFFFFFC23B7743E80'O }, securedMsg := { protocolVersion := 3, content := { signedData := { hashId := sha256 (0), tbsData := { payload := { data := { protocolVersion := 3, content := { unsecuredData := '20500080001E01000000020000000001D05C2DBD1EFE920007BFA480000000000000000007D1000002020000002A0000005A946F600E612ED01FFFFFFC23B7743E80'O } }, extDataHash := omit, omitted := omit }, headerInfo := { psid := 36, generationTime := 716460273085118, expiryTime := omit, generationLocation := omit, p2pcdLearningRequest := omit, missingCrlIdentifier := omit, encryptionKey := omit, inlineP2pcdRequest := omit, requestedCertificate := omit, pduFunctionalType := omit, contributedExtensions := omit } }, signer := { certificate := { { version := 3, type_ := explicit (0), issuer := { sha256AndDigest := '370736BDE47BC124'O }, toBeSigned := { id := { none_ := NULL }, cracaId := '000000'O, crlSeries := 0, validityPeriod := { start_ := 716459852, duration := { hours := 24 } }, region := omit, assuranceLevel := omit, appPermissions := { { psid := 36, ssp := { bitmapSsp := '01FFFC'O } }, { psid := 37, ssp := { bitmapSsp := '01FFFFFF'O } }, { psid := 141, ssp := omit }, { psid := 638, ssp := { bitmapSsp := '01'O } } }, certIssuePermissions := omit, certRequestPermissions := omit, canRequestRollover := omit, encryptionKey := omit, verifyKeyIndicator := { verificationKey := { ecdsaNistP256 := { compressed_y_0 := 'DC31EC3F453DEDBF1D9181E92DA016F8C48427BFE943F5D1456E022A64CE4FFC'O } } }, flags := omit, appExtensions := omit, certIssueExtensions := omit, certRequestExtension := omit }, signature_ := { ecdsaNistP256Signature := { rSig := { x_only := 'A3906D86FEF33B41694D011EA969415736896F12D1E9EA145D6DCA95F6549BFE'O }, sSig := '49DA542D6438732069C85F1D95B0D8A4636F5AD28EF8515408EE308C4CB1EC50'O } } } } }, signature_ := { ecdsaNistP256Signature := { rSig := { x_only := '938450E88A758AEEC77E033C4872E5F151F18B80F8F31B7298D5C84416B593F8'O }, sSig := 'C02FE5401FD1CD407301088B228926410D3BD74716C5B4AAF44FECBBE4B9177D'O } } } } } } }, macDestinationAddress := 'FFFFFFFFFFFF'O, ssp := '000000011111111111111100'B, its_aid := 36 } id 2
10:44:28.892499 Timeout t: 1 s
10:44:28.892595 Start timer t: 0.5 s
10:44:28.892908 Receive operation on port geoNetworkingPort succeeded, message from system(): @LibItsGeoNetworking_TypesAndValues.GeoNetworkingInd: { msgIn := { basicHeader := { version := 1, nextHeader := e_securedPacket (2), reserved := 0, lifeTime := { multiplier := 6, ltBase := e_10s (2) }, routerHopLimit := 1 }, gnPacket := { packet := { commonHeader := { nextHeader := e_btpB (2), reserved := 0, headerTST := { tsbHdr := { headerType := e_topologicallyScopedBroadcast (5), headerSubType := e_singleHop (0) } }, trafficClass := { scf := e_scfDisabled (0), channelOffload := e_choffDisabled (0), tcId := 0 }, flags := '10000000'B, plLength := 30, maxHopLimit := 1, reserved2 := 0 }, extendedHeader := { shbHeader := { srcPosVector := { gnAddr := { typeOfAddress := e_initial (0), stationType := e_unknown (0), reserved := 0, mid := '020000000001'O }, timestamp_ := 3495700849, latitude := 520000000, longitude := 130000000, pai := '0'B, speed := 0, heading := 0 }, reserved := 0 } }, payload := '07D1000002020000002A0000005A946F600E612ED01FFFFFFC23B7743E80'O }, securedMsg := { protocolVersion := 3, content := { signedData := { hashId := sha256 (0), tbsData := { payload := { data := { protocolVersion := 3, content := { unsecuredData := '20500080001E01000000020000000001D05C29711EFE920007BFA480000000000000000007D1000002020000002A0000005A946F600E612ED01FFFFFFC23B7743E80'O } }, extDataHash := omit, omitted := omit }, headerInfo := { psid := 36, generationTime := 716460271985084, expiryTime := omit, generationLocation := omit, p2pcdLearningRequest := omit, missingCrlIdentifier := omit, encryptionKey := omit, inlineP2pcdRequest := omit, requestedCertificate := omit, pduFunctionalType := omit, contributedExtensions := omit } }, signer := { certificate := { { version := 3, type_ := explicit (0), issuer := { sha256AndDigest := '370736BDE47BC124'O }, toBeSigned := { id := { none_ := NULL }, cracaId := '000000'O, crlSeries := 0, validityPeriod := { start_ := 716459852, duration := { hours := 24 } }, region := omit, assuranceLevel := omit, appPermissions := { { psid := 36, ssp := { bitmapSsp := '01FFFC'O } }, { psid := 37, ssp := { bitmapSsp := '01FFFFFF'O } }, { psid := 141, ssp := omit }, { psid := 638, ssp := { bitmapSsp := '01'O } } }, certIssuePermissions := omit, certRequestPermissions := omit, canRequestRollover := omit, encryptionKey := omit, verifyKeyIndicator := { verificationKey := { ecdsaNistP256 := { compressed_y_0 := 'DC31EC3F453DEDBF1D9181E92DA016F8C48427BFE943F5D1456E022A64CE4FFC'O } } }, flags := omit, appExtensions := omit, certIssueExtensions := omit, certRequestExtension := omit }, signature_ := { ecdsaNistP256Signature := { rSig := { x_only := 'A3906D86FEF33B41694D011EA969415736896F12D1E9EA145D6DCA95F6549BFE'O }, sSig := '49DA542D6438732069C85F1D95B0D8A4636F5AD28EF8515408EE308C4CB1EC50'O } } } } }, signature_ := { ecdsaNistP256Signature := { rSig := { x_only := '123136C7F469E138DF31E849378D7D43EC5F71370D3241ED90AA16DA53CAEFBB'O }, sSig := '947861C7523877AE576C8412C01A5D4C402F99786DA991A4B7A6FCF88D36396C'O } } } } } } }, macDestinationAddress := 'FFFFFFFFFFFF'O, ssp := '000000011111111111111100'B, its_aid := 36 } id 1
10:44:28.892946 Message with id 1 was extracted from the queue of geoNetworkingPort.
10:44:28.892955 *** a_default: WARNING: Received an unexpected message ***
10:44:28.892961 Default with id 4 (altstep a_neighbourDefault) has reached a break statement. Skipping current alt statement or receiving operation.
10:44:28.893099 Receive operation on port geoNetworkingPort succeeded, message from system(): @LibItsGeoNetworking_TypesAndValues.GeoNetworkingInd: { msgIn := { basicHeader := { version := 1, nextHeader := e_securedPacket (2), reserved := 0, lifeTime := { multiplier := 6, ltBase := e_10s (2) }, routerHopLimit := 1 }, gnPacket := { packet := { commonHeader := { nextHeader := e_btpB (2), reserved := 0, headerTST := { tsbHdr := { headerType := e_topologicallyScopedBroadcast (5), headerSubType := e_singleHop (0) } }, trafficClass := { scf := e_scfDisabled (0), channelOffload := e_choffDisabled (0), tcId := 0 }, flags := '10000000'B, plLength := 30, maxHopLimit := 1, reserved2 := 0 }, extendedHeader := { shbHeader := { srcPosVector := { gnAddr := { typeOfAddress := e_initial (0), stationType := e_unknown (0), reserved := 0, mid := '020000000001'O }, timestamp_ := 3495701949, latitude := 520000000, longitude := 130000000, pai := '0'B, speed := 0, heading := 0 }, reserved := 0 } }, payload := '07D1000002020000002A0000005A946F600E612ED01FFFFFFC23B7743E80'O }, securedMsg := { protocolVersion := 3, content := { signedData := { hashId := sha256 (0), tbsData := { payload := { data := { protocolVersion := 3, content := { unsecuredData := '20500080001E01000000020000000001D05C2DBD1EFE920007BFA480000000000000000007D1000002020000002A0000005A946F600E612ED01FFFFFFC23B7743E80'O } }, extDataHash := omit, omitted := omit }, headerInfo := { psid := 36, generationTime := 716460273085118, expiryTime := omit, generationLocation := omit, p2pcdLearningRequest := omit, missingCrlIdentifier := omit, encryptionKey := omit, inlineP2pcdRequest := omit, requestedCertificate := omit, pduFunctionalType := omit, contributedExtensions := omit } }, signer := { certificate := { { version := 3, type_ := explicit (0), issuer := { sha256AndDigest := '370736BDE47BC124'O }, toBeSigned := { id := { none_ := NULL }, cracaId := '000000'O, crlSeries := 0, validityPeriod := { start_ := 716459852, duration := { hours := 24 } }, region := omit, assuranceLevel := omit, appPermissions := { { psid := 36, ssp := { bitmapSsp := '01FFFC'O } }, { psid := 37, ssp := { bitmapSsp := '01FFFFFF'O } }, { psid := 141, ssp := omit }, { psid := 638, ssp := { bitmapSsp := '01'O } } }, certIssuePermissions := omit, certRequestPermissions := omit, canRequestRollover := omit, encryptionKey := omit, verifyKeyIndicator := { verificationKey := { ecdsaNistP256 := { compressed_y_0 := 'DC31EC3F453DEDBF1D9181E92DA016F8C48427BFE943F5D1456E022A64CE4FFC'O } } }, flags := omit, appExtensions := omit, certIssueExtensions := omit, certRequestExtension := omit }, signature_ := { ecdsaNistP256Signature := { rSig := { x_only := 'A3906D86FEF33B41694D011EA969415736896F12D1E9EA145D6DCA95F6549BFE'O }, sSig := '49DA542D6438732069C85F1D95B0D8A4636F5AD28EF8515408EE308C4CB1EC50'O } } } } }, signature_ := { ecdsaNistP256Signature := { rSig := { x_only := '938450E88A758AEEC77E033C4872E5F151F18B80F8F31B7298D5C84416B593F8'O }, sSig := 'C02FE5401FD1CD407301088B228926410D3BD74716C5B4AAF44FECBBE4B9177D'O } } } } } } }, macDestinationAddress := 'FFFFFFFFFFFF'O, ssp := '000000011111111111111100'B, its_aid := 36 } id 2
10:44:28.893129 Message with id 2 was extracted from the queue of geoNetworkingPort.
10:44:28.893135 *** a_default: WARNING: Received an unexpected message ***
10:44:28.893140 Default with id 4 (altstep a_neighbourDefault) has reached a break statement. Skipping current alt statement or receiving operation.
10:44:29.088954 security_services_its::process_ieee_1609_dot2_signed_data: generation time check 716460274085570 / 716460269088951, delta = 4996619.000000, comp = 0
10:44:29.091590 Message enqueued on geoNetworkingPort from system @LibItsGeoNetworking_TypesAndValues.GeoNetworkingInd : { msgIn := { basicHeader := { version := 1, nextHeader := e_securedPacket (2), reserved := 0, lifeTime := { multiplier := 6, ltBase := e_10s (2) }, routerHopLimit := 1 }, gnPacket := { packet := { commonHeader := { nextHeader := e_btpB (2), reserved := 0, headerTST := { tsbHdr := { headerType := e_topologicallyScopedBroadcast (5), headerSubType := e_singleHop (0) } }, trafficClass := { scf := e_scfDisabled (0), channelOffload := e_choffDisabled (0), tcId := 0 }, flags := '10000000'B, plLength := 30, maxHopLimit := 1, reserved2 := 0 }, extendedHeader := { shbHeader := { srcPosVector := { gnAddr := { typeOfAddress := e_initial (0), stationType := e_unknown (0), reserved := 0, mid := '020000000001'O }, timestamp_ := 3495702949, latitude := 520000000, longitude := 130000000, pai := '0'B, speed := 0, heading := 0 }, reserved := 0 } }, payload := '07D1000002020000002A0000005A946F600E612ED01FFFFFFC23B7743E80'O }, securedMsg := { protocolVersion := 3, content := { signedData := { hashId := sha256 (0), tbsData := { payload := { data := { protocolVersion := 3, content := { unsecuredData := '20500080001E01000000020000000001D05C31A51EFE920007BFA480000000000000000007D1000002020000002A0000005A946F600E612ED01FFFFFFC23B7743E80'O } }, extDataHash := omit, omitted := omit }, headerInfo := { psid := 36, generationTime := 716460274085570, expiryTime := omit, generationLocation := omit, p2pcdLearningRequest := omit, missingCrlIdentifier := omit, encryptionKey := omit, inlineP2pcdRequest := omit, requestedCertificate := omit, pduFunctionalType := omit, contributedExtensions := omit } }, signer := { certificate := { { version := 3, type_ := explicit (0), issuer := { sha256AndDigest := '370736BDE47BC124'O }, toBeSigned := { id := { none_ := NULL }, cracaId := '000000'O, crlSeries := 0, validityPeriod := { start_ := 716459852, duration := { hours := 24 } }, region := omit, assuranceLevel := omit, appPermissions := { { psid := 36, ssp := { bitmapSsp := '01FFFC'O } }, { psid := 37, ssp := { bitmapSsp := '01FFFFFF'O } }, { psid := 141, ssp := omit }, { psid := 638, ssp := { bitmapSsp := '01'O } } }, certIssuePermissions := omit, certRequestPermissions := omit, canRequestRollover := omit, encryptionKey := omit, verifyKeyIndicator := { verificationKey := { ecdsaNistP256 := { compressed_y_0 := 'DC31EC3F453DEDBF1D9181E92DA016F8C48427BFE943F5D1456E022A64CE4FFC'O } } }, flags := omit, appExtensions := omit, certIssueExtensions := omit, certRequestExtension := omit }, signature_ := { ecdsaNistP256Signature := { rSig := { x_only := 'A3906D86FEF33B41694D011EA969415736896F12D1E9EA145D6DCA95F6549BFE'O }, sSig := '49DA542D6438732069C85F1D95B0D8A4636F5AD28EF8515408EE308C4CB1EC50'O } } } } }, signature_ := { ecdsaNistP256Signature := { rSig := { x_only := '45EA7E67DAA0ABF170F1E73435912105A5D82D851FC18CE7CF7A42619A95F2BB'O }, sSig := 'A9C41B0DC19BE22882A81F7FD074137FE92A1C2120D55AABD2E92042024FB289'O } } } } } } }, macDestinationAddress := 'FFFFFFFFFFFF'O, ssp := '000000011111111111111100'B, its_aid := 36 } id 3
10:44:29.092520 Receive operation on port geoNetworkingPort succeeded, message from system(): @LibItsGeoNetworking_TypesAndValues.GeoNetworkingInd: { msgIn := { basicHeader := { version := 1, nextHeader := e_securedPacket (2), reserved := 0, lifeTime := { multiplier := 6, ltBase := e_10s (2) }, routerHopLimit := 1 }, gnPacket := { packet := { commonHeader := { nextHeader := e_btpB (2), reserved := 0, headerTST := { tsbHdr := { headerType := e_topologicallyScopedBroadcast (5), headerSubType := e_singleHop (0) } }, trafficClass := { scf := e_scfDisabled (0), channelOffload := e_choffDisabled (0), tcId := 0 }, flags := '10000000'B, plLength := 30, maxHopLimit := 1, reserved2 := 0 }, extendedHeader := { shbHeader := { srcPosVector := { gnAddr := { typeOfAddress := e_initial (0), stationType := e_unknown (0), reserved := 0, mid := '020000000001'O }, timestamp_ := 3495702949, latitude := 520000000, longitude := 130000000, pai := '0'B, speed := 0, heading := 0 }, reserved := 0 } }, payload := '07D1000002020000002A0000005A946F600E612ED01FFFFFFC23B7743E80'O }, securedMsg := { protocolVersion := 3, content := { signedData := { hashId := sha256 (0), tbsData := { payload := { data := { protocolVersion := 3, content := { unsecuredData := '20500080001E01000000020000000001D05C31A51EFE920007BFA480000000000000000007D1000002020000002A0000005A946F600E612ED01FFFFFFC23B7743E80'O } }, extDataHash := omit, omitted := omit }, headerInfo := { psid := 36, generationTime := 716460274085570, expiryTime := omit, generationLocation := omit, p2pcdLearningRequest := omit, missingCrlIdentifier := omit, encryptionKey := omit, inlineP2pcdRequest := omit, requestedCertificate := omit, pduFunctionalType := omit, contributedExtensions := omit } }, signer := { certificate := { { version := 3, type_ := explicit (0), issuer := { sha256AndDigest := '370736BDE47BC124'O }, toBeSigned := { id := { none_ := NULL }, cracaId := '000000'O, crlSeries := 0, validityPeriod := { start_ := 716459852, duration := { hours := 24 } }, region := omit, assuranceLevel := omit, appPermissions := { { psid := 36, ssp := { bitmapSsp := '01FFFC'O } }, { psid := 37, ssp := { bitmapSsp := '01FFFFFF'O } }, { psid := 141, ssp := omit }, { psid := 638, ssp := { bitmapSsp := '01'O } } }, certIssuePermissions := omit, certRequestPermissions := omit, canRequestRollover := omit, encryptionKey := omit, verifyKeyIndicator := { verificationKey := { ecdsaNistP256 := { compressed_y_0 := 'DC31EC3F453DEDBF1D9181E92DA016F8C48427BFE943F5D1456E022A64CE4FFC'O } } }, flags := omit, appExtensions := omit, certIssueExtensions := omit, certRequestExtension := omit }, signature_ := { ecdsaNistP256Signature := { rSig := { x_only := 'A3906D86FEF33B41694D011EA969415736896F12D1E9EA145D6DCA95F6549BFE'O }, sSig := '49DA542D6438732069C85F1D95B0D8A4636F5AD28EF8515408EE308C4CB1EC50'O } } } } }, signature_ := { ecdsaNistP256Signature := { rSig := { x_only := '45EA7E67DAA0ABF170F1E73435912105A5D82D851FC18CE7CF7A42619A95F2BB'O }, sSig := 'A9C41B0DC19BE22882A81F7FD074137FE92A1C2120D55AABD2E92042024FB289'O } } } } } } }, macDestinationAddress := 'FFFFFFFFFFFF'O, ssp := '000000011111111111111100'B, its_aid := 36 } id 3
10:44:29.092628 Message with id 3 was extracted from the queue of geoNetworkingPort.
10:44:29.092640 *** a_default: WARNING: Received an unexpected message ***
10:44:29.092646 Default with id 4 (altstep a_neighbourDefault) has reached a break statement. Skipping current alt statement or receiving operation.
10:44:29.392611 Timeout t: 0.5 s
10:44:29.392719 Creating new alive PTC with component type LibItsDenm_TestSystem.ItsDenm, component name: DENM Trigger.
10:44:29.395309 PTC was created. Component reference: 5, alive: yes, type: LibItsDenm_TestSystem.ItsDenm, component name: DENM Trigger.
10:44:29.395383 Starting function fb_secTriggerDenmEvent() on component DENM Trigger(5).
10:44:29.395656 Function was started.
10:44:29.400184 PTC with component reference 5 is done.
10:44:29.400276 **** f_selfSync: Successfully passed PREAMBLE synchronization point. ****
10:44:29.400290 Start timer tc_ac: 30 s
10:44:29.489972 security_services_its::process_ieee_1609_dot2_signed_data: generation time check 716460274485337 / 716460269489968, delta = 4995369.000000, comp = 0
10:44:29.493269 Message enqueued on geoNetworkingPort from system @LibItsGeoNetworking_TypesAndValues.GeoNetworkingInd : { msgIn := { basicHeader := { version := 1, nextHeader := e_securedPacket (2), reserved := 0, lifeTime := { multiplier := 6, ltBase := e_10s (2) }, routerHopLimit := 10 }, gnPacket := { packet := { commonHeader := { nextHeader := e_btpB (2), reserved := 0, headerTST := { geoBroadcastHdr := { headerType := e_geoBroadcast (4), headerSubType := e_geoBroadcastCircle (0) } }, trafficClass := { scf := e_scfDisabled (0), channelOffload := e_choffDisabled (0), tcId := 0 }, flags := '10000000'B, plLength := 44, maxHopLimit := 10, reserved2 := 0 }, extendedHeader := { geoBroadcastHeader := { seqNumber := 0, reserved := 0, srcPosVector := { gnAddr := { typeOfAddress := e_initial (0), stationType := e_unknown (0), reserved := 0, mid := '020000000001'O }, timestamp_ := 3495703349, latitude := 520000000, longitude := 130000000, pai := '0'B, speed := 0, heading := 0 }, geoAreaPosLatitude := 520000000, geoAreaPosLongitude := 130000000, distanceA := 500, distanceB := 0, angle := 0, reserved2 := 0 } }, payload := '07D2000002010000002A0000000015000094DA0B8666A53682E199AD4A37B0073097680FFFFFFE11DBBA1F00'O }, securedMsg := { protocolVersion := 3, content := { signedData := { hashId := sha256 (0), tbsData := { payload := { data := { protocolVersion := 3, content := { unsecuredData := '20400080002C0A00000000000000020000000001D05C33351EFE920007BFA480000000001EFE920007BFA48001F400000000000007D2000002010000002A0000000015000094DA0B8666A53682E199AD4A37B0073097680FFFFFFE11DBBA1F00'O } }, extDataHash := omit, omitted := omit }, headerInfo := { psid := 37, generationTime := 716460274485337, expiryTime := omit, generationLocation := { latitude := 520000000, longitude := 130000000, elevation := 4096 }, p2pcdLearningRequest := omit, missingCrlIdentifier := omit, encryptionKey := omit, inlineP2pcdRequest := omit, requestedCertificate := omit, pduFunctionalType := omit, contributedExtensions := omit } }, signer := { certificate := { { version := 3, type_ := explicit (0), issuer := { sha256AndDigest := '370736BDE47BC124'O }, toBeSigned := { id := { none_ := NULL }, cracaId := '000000'O, crlSeries := 0, validityPeriod := { start_ := 716459852, duration := { hours := 24 } }, region := omit, assuranceLevel := omit, appPermissions := { { psid := 36, ssp := { bitmapSsp := '01FFFC'O } }, { psid := 37, ssp := { bitmapSsp := '01FFFFFF'O } }, { psid := 141, ssp := omit }, { psid := 638, ssp := { bitmapSsp := '01'O } } }, certIssuePermissions := omit, certRequestPermissions := omit, canRequestRollover := omit, encryptionKey := omit, verifyKeyIndicator := { verificationKey := { ecdsaNistP256 := { compressed_y_0 := 'DC31EC3F453DEDBF1D9181E92DA016F8C48427BFE943F5D1456E022A64CE4FFC'O } } }, flags := omit, appExtensions := omit, certIssueExtensions := omit, certRequestExtension := omit }, signature_ := { ecdsaNistP256Signature := { rSig := { x_only := 'A3906D86FEF33B41694D011EA969415736896F12D1E9EA145D6DCA95F6549BFE'O }, sSig := '49DA542D6438732069C85F1D95B0D8A4636F5AD28EF8515408EE308C4CB1EC50'O } } } } }, signature_ := { ecdsaNistP256Signature := { rSig := { x_only := 'C982DBBB70084A0279EA06C496553F4B153798A32DB8B650D841D36E7D66F53B'O }, sSig := '613E58B3AED89AC40BDF4E1A811E1C6933A212FE00CFA41065AA569DF99B2878'O } } } } } } }, macDestinationAddress := 'FFFFFFFFFFFF'O, ssp := '00000001111111111111111111111111'B, its_aid := 37 } id 4
10:44:29.493876 Receive operation on port geoNetworkingPort succeeded, message from system(): @LibItsGeoNetworking_TypesAndValues.GeoNetworkingInd : { msgIn := { basicHeader := { version := 1, nextHeader := e_securedPacket (2), reserved := 0, lifeTime := { multiplier := 6, ltBase := e_10s (2) }, routerHopLimit := 10 }, gnPacket := { packet := { commonHeader := { nextHeader := e_btpB (2), reserved := 0, headerTST := { geoBroadcastHdr := { headerType := e_geoBroadcast (4), headerSubType := e_geoBroadcastCircle (0) } }, trafficClass := { scf := e_scfDisabled (0), channelOffload := e_choffDisabled (0), tcId := 0 }, flags := '10000000'B, plLength := 44, maxHopLimit := 10, reserved2 := 0 }, extendedHeader := { geoBroadcastHeader := { seqNumber := 0, reserved := 0, srcPosVector := { gnAddr := { typeOfAddress := e_initial (0), stationType := e_unknown (0), reserved := 0, mid := '020000000001'O }, timestamp_ := 3495703349, latitude := 520000000, longitude := 130000000, pai := '0'B, speed := 0, heading := 0 }, geoAreaPosLatitude := 520000000, geoAreaPosLongitude := 130000000, distanceA := 500, distanceB := 0, angle := 0, reserved2 := 0 } }, payload := '07D2000002010000002A0000000015000094DA0B8666A53682E199AD4A37B0073097680FFFFFFE11DBBA1F00'O }, securedMsg := { protocolVersion := 3, content := { signedData := { hashId := sha256 (0), tbsData := { payload := { data := { protocolVersion := 3, content := { unsecuredData := '20400080002C0A00000000000000020000000001D05C33351EFE920007BFA480000000001EFE920007BFA48001F400000000000007D2000002010000002A0000000015000094DA0B8666A53682E199AD4A37B0073097680FFFFFFE11DBBA1F00'O } }, extDataHash := omit, omitted := omit }, headerInfo := { psid := 37, generationTime := 716460274485337, expiryTime := omit, generationLocation := { latitude := 520000000, longitude := 130000000, elevation := 4096 }, p2pcdLearningRequest := omit, missingCrlIdentifier := omit, encryptionKey := omit, inlineP2pcdRequest := omit, requestedCertificate := omit, pduFunctionalType := omit, contributedExtensions := omit } }, signer := { certificate := { { version := 3, type_ := explicit (0), issuer := { sha256AndDigest := '370736BDE47BC124'O }, toBeSigned := { id := { none_ := NULL }, cracaId := '000000'O, crlSeries := 0, validityPeriod := { start_ := 716459852, duration := { hours := 24 } }, region := omit, assuranceLevel := omit, appPermissions := { { psid := 36, ssp := { bitmapSsp := '01FFFC'O } }, { psid := 37, ssp := { bitmapSsp := '01FFFFFF'O } }, { psid := 141, ssp := omit }, { psid := 638, ssp := { bitmapSsp := '01'O } } }, certIssuePermissions := omit, certRequestPermissions := omit, canRequestRollover := omit, encryptionKey := omit, verifyKeyIndicator := { verificationKey := { ecdsaNistP256 := { compressed_y_0 := 'DC31EC3F453DEDBF1D9181E92DA016F8C48427BFE943F5D1456E022A64CE4FFC'O } } }, flags := omit, appExtensions := omit, certIssueExtensions := omit, certRequestExtension := omit }, signature_ := { ecdsaNistP256Signature := { rSig := { x_only := 'A3906D86FEF33B41694D011EA969415736896F12D1E9EA145D6DCA95F6549BFE'O }, sSig := '49DA542D6438732069C85F1D95B0D8A4636F5AD28EF8515408EE308C4CB1EC50'O } } } } }, signature_ := { ecdsaNistP256Signature := { rSig := { x_only := 'C982DBBB70084A0279EA06C496553F4B153798A32DB8B650D841D36E7D66F53B'O }, sSig := '613E58B3AED89AC40BDF4E1A811E1C6933A212FE00CFA41065AA569DF99B2878'O } } } } } } }, macDestinationAddress := 'FFFFFFFFFFFF'O, ssp := '00000001111111111111111111111111'B, its_aid := 37 } id 4
10:44:29.494067 Message with id 4 was extracted from the queue of geoNetworkingPort.
10:44:29.494112 Stop timer tc_ac: 30 s
10:44:29.494132 *** TC_SEC_ITSS_SND_DENM_03_BV: PASS: Correct secured packet received
10:44:29.494144 setverdict(pass): none -> pass
10:44:29.494251 **** f_selfSync: Successfully passed TEST BODY synchronization point. ****
10:44:29.494265 Starting function fb_secCancelDenmEvent() on component DENM Trigger(5).
10:44:29.495060 Function was started.
10:44:29.496573 PTC with component reference 5 is done.
10:44:29.496604 Killing PTC with component reference 5.
10:44:29.497471 PTC with component reference 5 is killed.
10:44:29.497547 Sent on acPort to system @LibItsGeoNetworking_TypesAndValues.AcGnPrimitive : { stopBeaconing := { } }
10:44:29.497571 Default with id 4 (altstep a_neighbourDefault) was deactivated.
10:44:29.497603 Sent on acPort to system @LibItsCommon_TypesAndValues.AcSecPrimitive : { acDisableSecurity := { disable := true } }
10:44:29.497615 Message enqueued on acPort from system @LibItsCommon_TypesAndValues.AdapterControlResults : { acSecResponse := true } id 2
10:44:29.497633 Start timer tc_ac: 30 s
10:44:29.497659 Receive operation on port acPort succeeded, message from system(): @LibItsCommon_TypesAndValues.AdapterControlResults : { acSecResponse := true } id 2
10:44:29.497672 Message with id 2 was extracted from the queue of acPort.
10:44:29.497680 Stop timer tc_ac: 30 s
10:44:29.497691 Unmapping port mtc:acPort from system:acPort.
10:44:29.498152 Port acPort was unmapped from system:acPort.
10:44:29.498499 Unmap operation of mtc:acPort from system:acPort finished.
10:44:29.498536 Unmapping port mtc:utPort from system:utPort.
10:44:29.498820 Port utPort was unmapped from system:utPort.
10:44:29.499215 Unmap operation of mtc:utPort from system:utPort finished.
10:44:29.499271 Unmapping port mtc:geoNetworkingPort from system:geoNetworkingPort.
10:44:29.499768 Port geoNetworkingPort was unmapped from system:geoNetworkingPort.
10:44:29.500202 Unmap operation of mtc:geoNetworkingPort from system:geoNetworkingPort finished.
10:44:29.500268 Disconnecting ports mtc:syncSendPort and mtc:syncPort.
10:44:29.500632 Port syncSendPort has terminated the connection with local port syncPort.
10:44:29.500682 Port syncPort has terminated the connection with local port syncSendPort.
10:44:29.501043 Disconnect operation on mtc:syncSendPort and mtc:syncPort finished.
10:44:29.501159 Terminating component type LibItsGeoNetworking_TestSystem.ItsGeoNetworking.
10:44:29.501200 Default with id 1 (altstep a_cf01Down) was deactivated.
10:44:29.501227 Default with id 2 (altstep a_default) was deactivated.
10:44:29.501246 Default with id 3 (altstep a_utDefault) was deactivated.
10:44:29.501266 Port syncSendPort was stopped.
10:44:29.501338 Port syncPort was stopped.
10:44:29.501363 Port utPort was stopped.
10:44:29.501386 Port acPort was stopped.
10:44:29.501404 Port geoNetworkingPort was stopped.
10:44:29.501423 Component type LibItsGeoNetworking_TestSystem.ItsGeoNetworking was shut down inside testcase TC_SEC_ITSS_SND_DENM_03_BV.
10:44:29.501452 Waiting for PTCs to finish.
10:44:29.501963 Setting final verdict of the test case.
10:44:29.502129 Local verdict of MTC: pass
10:44:29.502168 Local verdict of PTC DENM Trigger(5): none (pass -> pass)
10:44:29.502200 Test case TC_SEC_ITSS_SND_DENM_03_BV finished. Verdict: pass
10:44:29.503446 Verdict statistics: 0 none (0.00 %), 7 pass (100.00 %), 0 inconc (0.00 %), 0 fail (0.00 %), 0 error (0.00 %).
10:44:29.503554 Test execution summary: 7 test cases were executed. Overall verdict: pass
10:44:29.503570 Exit was requested from MC. Terminating MTC.
