15:59:32.610912 TTCN-3 Main Test Component started on framework-dathe. Version: 10.1.2.
15:59:32.610970 TTCN Logger v2.2 options: TimeStampFormat:=Time; LogEntityName:=No; LogEventTypes:=No; SourceInfoFormat:=None; LogSensitiveData:=No; *.FileMask:=LOG_ALL; *.ConsoleMask:=ERROR | EXECUTOR | VERDICTOP | WARNING; LogFileSize:=0; LogFileNumber:=1; DiskFullAction:=Error
15:59:32.611074 Connected to MC.
15:59:32.611561 Executing test case TC_SEC_ITSS_SND_GENMSG_01_BV in module ItsSecurity_TestCases.
15:59:32.611640 Test case TC_SEC_ITSS_SND_GENMSG_01_BV started.
15:59:32.611653 Initializing variables, timers and ports of component type LibItsGeoNetworking_TestSystem.ItsGeoNetworking inside testcase TC_SEC_ITSS_SND_GENMSG_01_BV.
15:59:32.611769 Port syncSendPort was started.
15:59:32.611781 Port syncPort was started.
15:59:32.611784 Port utPort was started.
15:59:32.611787 Port acPort was started.
15:59:32.611789 Port geoNetworkingPort was started.
15:59:32.611792 Component type LibItsGeoNetworking_TestSystem.ItsGeoNetworking was initialized.
15:59:32.611813 Mapping port mtc:acPort to system:acPort.
15:59:32.611897 Port acPort was mapped to system:acPort.
15:59:32.611979 Map operation of mtc:acPort to system:acPort finished.
15:59:32.611994 Mapping port mtc:utPort to system:utPort.
15:59:32.612335 Port utPort was mapped to system:utPort.
15:59:32.612411 Map operation of mtc:utPort to system:utPort finished.
15:59:32.612419 Mapping port mtc:geoNetworkingPort to system:geoNetworkingPort.
15:59:32.613297 Port geoNetworkingPort was mapped to system:geoNetworkingPort.
15:59:32.613404 Map operation of mtc:geoNetworkingPort to system:geoNetworkingPort finished.
15:59:32.613418 Connecting ports mtc:syncSendPort and mtc:syncPort.
15:59:32.613489 Port syncPort has established the connection with local port syncSendPort.
15:59:32.613511 Port syncSendPort has established the connection with local port syncPort.
15:59:32.613587 Connect operation on mtc:syncSendPort and mtc:syncPort finished.
15:59:32.613602 Altstep a_cf01Down was activated as default, id 1
15:59:32.613618 security_services_its::setup: Already done
15:59:32.613696 certificates_loader::load_certificate: Failed to open Private encryption key file
15:59:32.613901 Selected issuer: '639472907C14E87E'O
15:59:32.613944 certificates_loader::load_certificate: Failed to open Private encryption key file
15:59:32.614203 Sent on utPort to system @LibItsGeoNetworking_TypesAndValues.UtGnInitialize : { hashedId8 := 'BA1862D0E89FE341'O }
15:59:32.616638 Message enqueued on utPort from system @LibItsGeoNetworking_TypesAndValues.UtGnResults : { utGnInitializeResult := true } id 1
15:59:32.616659 Start timer tc_wait: 120 s
15:59:32.616673 Receive operation on port utPort succeeded, message from system(): @LibItsGeoNetworking_TypesAndValues.UtGnResults : { utGnInitializeResult := true } id 1
15:59:32.616678 Message with id 1 was extracted from the queue of utPort.
15:59:32.616682 Stop timer tc_wait: 120 s
15:59:32.616685 *** f_utInitializeIut: INFO: IUT initialized ***
15:59:32.616690 Start timer t: 1 s
15:59:33.616700 Timeout t: 1 s
15:59:33.616929 Sent on acPort to system @LibItsGeoNetworking_TypesAndValues.AcGnPrimitive : { getLongPosVector := { gnAddress := { typeOfAddress := e_initial (0), stationType := e_unknown (0), reserved := 0, mid := '020000000001'O } } }
15:59:33.617000 Message enqueued on acPort from system @LibItsGeoNetworking_TypesAndValues.AcGnResponse : { getLongPosVector := { gnAddr := { typeOfAddress := e_initial (0), stationType := e_unknown (0), reserved := 0, mid := '020000000001'O }, timestamp_ := 0, latitude := 520000000, longitude := 130000000, pai := '0'B, speed := 0, heading := 0 } } id 1
15:59:33.617033 Start timer tc_ac: 30 s
15:59:33.617086 Receive operation on port acPort succeeded, message from system(): @LibItsGeoNetworking_TypesAndValues.AcGnResponse : { getLongPosVector := { gnAddr := { typeOfAddress := e_initial (0), stationType := e_unknown (0), reserved := 0, mid := '020000000001'O }, timestamp_ := 0, latitude := 520000000, longitude := 130000000, pai := '0'B, speed := 0, heading := 0 } } id 1
15:59:33.617130 Message with id 1 was extracted from the queue of acPort.
15:59:33.617144 Stop timer tc_ac: 30 s
15:59:33.617408 Altstep a_default was activated as default, id 2
15:59:33.617428 Altstep a_utDefault was activated as default, id 3
15:59:33.617437 Altstep a_neighbourDefault was activated as default, id 4
15:59:33.617811 Sent on acPort to system @LibItsGeoNetworking_TypesAndValues.AcGnPrimitive : { startBeaconing := { beaconPacket := { basicHeader := { version := 1, nextHeader := e_commonHeader (1), reserved := 0, lifeTime := { multiplier := 10, ltBase := e_100s (3) }, routerHopLimit := 1 }, gnPacket := { packet := { commonHeader := { nextHeader := e_any (0), reserved := 0, headerTST := { beaconHdr := { headerType := e_beacon (1), headerSubType := 0 } }, trafficClass := { scf := e_scfEnabled (1), channelOffload := e_choffDisabled (0), tcId := 0 }, flags := '00000000'B, plLength := 0, maxHopLimit := 1, reserved2 := 0 }, extendedHeader := { beaconHeader := { srcPosVector := { gnAddr := { typeOfAddress := e_manual (1), stationType := e_passengerCar (5), reserved := 0, mid := '00000000000B'O }, timestamp_ := 3514601481, latitude := 520020000, longitude := 130000000, pai := '1'B, speed := 0, heading := 0 } } }, payload := omit }, securedMsg := omit } } } }
15:59:33.618285 Start timer t: 1 s
15:59:33.618311 Warning: An [else] branch of an alt construct has been reached. Re-configuring the snapshot manager to call the event handlers even when taking the first snapshot.
15:59:34.618314 Timeout t: 1 s
15:59:34.618389 Start timer t: 0.5 s
15:59:35.118402 Timeout t: 0.5 s
15:59:35.118593 Sent on acPort to system @LibItsGeoNetworking_TypesAndValues.AcGnPrimitive : { startPassBeaconing := { beaconHeader := { srcPosVector := { gnAddr := { typeOfAddress := e_initial (0), stationType := e_unknown (0), reserved := 0, mid := '020000000001'O }, timestamp_ := 0, latitude := 520000000, longitude := 130000000, pai := '0'B, speed := 0, heading := 0 } } } }
15:59:35.118623 **** f_selfSync: Successfully passed PREAMBLE synchronization point. ****
15:59:35.118633 Start timer tc_ac: 30 s
15:59:36.414887 security_services_its::process_ieee_1609_dot2_signed_data: generation time check 716479181413524 / 716479176414886, delta = 4998638.000000, comp = 0
15:59:36.415253 certificates_loader::load_certificate: Failed to open Private encryption key file
15:59:36.415867 Message enqueued on geoNetworkingPort from system @LibItsGeoNetworking_TypesAndValues.GeoNetworkingInd : { msgIn := { basicHeader := { version := 1, nextHeader := e_securedPacket (2), reserved := 0, lifeTime := { multiplier := 6, ltBase := e_10s (2) }, routerHopLimit := 1 }, gnPacket := { packet := { commonHeader := { nextHeader := e_any (0), reserved := 0, headerTST := { beaconHdr := { headerType := e_beacon (1), headerSubType := 0 } }, trafficClass := { scf := e_scfDisabled (0), channelOffload := e_choffDisabled (0), tcId := 0 }, flags := '10000000'B, plLength := 0, maxHopLimit := 1, reserved2 := 0 }, extendedHeader := { beaconHeader := { srcPosVector := { gnAddr := { typeOfAddress := e_initial (0), stationType := e_unknown (0), reserved := 0, mid := '020000000001'O }, timestamp_ := 3514610177, latitude := 520000000, longitude := 130000000, pai := '0'B, speed := 0, heading := 0 } } }, payload := omit }, securedMsg := { protocolVersion := 3, content := { signedData := { hashId := sha256 (0), tbsData := { payload := { data := { protocolVersion := 3, content := { unsecuredData := '00100080000001000000020000000001D17CB2011EFE920007BFA48000000000'O } }, extDataHash := omit, omitted := omit }, headerInfo := { psid := 141, generationTime := 716479181413524, expiryTime := omit, generationLocation := omit, p2pcdLearningRequest := omit, missingCrlIdentifier := omit, encryptionKey := omit, inlineP2pcdRequest := omit, requestedCertificate := omit, pduFunctionalType := omit, contributedExtensions := omit } }, signer := { certificate := { { version := 3, type_ := explicit (0), issuer := { sha256AndDigest := '87E5D18581E8DBD7'O }, toBeSigned := { id := { none_ := NULL }, cracaId := '000000'O, crlSeries := 0, validityPeriod := { start_ := 716478811, duration := { hours := 24 } }, region := omit, assuranceLevel := omit, appPermissions := { { psid := 36, ssp := { bitmapSsp := '01FFFC'O } }, { psid := 37, ssp := { bitmapSsp := '01FFFFFF'O } }, { psid := 141, ssp := omit }, { psid := 638, ssp := { bitmapSsp := '01'O } } }, certIssuePermissions := omit, certRequestPermissions := omit, canRequestRollover := omit, encryptionKey := omit, verifyKeyIndicator := { verificationKey := { ecdsaNistP256 := { compressed_y_0 := 'F5FC0A86649CFBEBB4EB74B606659D3EFEA74852C742F53FA32B136F29D7EE9A'O } } }, flags := omit, appExtensions := omit, certIssueExtensions := omit, certRequestExtension := omit }, signature_ := { ecdsaNistP256Signature := { rSig := { x_only := 'BB6FEA25DF074C2DB2D36BCBBEBA665236668B645EFBB1BDF425569F7BF3A147'O }, sSig := '15EDAAD8E4B38C1D82368E435C861A48F146E3871CD804A56B0FF4E226D213FC'O } } } } }, signature_ := { ecdsaNistP256Signature := { rSig := { x_only := 'DAC80B673B0DA5428E98B76C0084480F0C429A60865B8AD086BD7EF569C7E6D6'O }, sSig := 'C74EE62F48C66EA2AF044C2872CF672DE4680709F7DA306114FBDAECF37CDFB4'O } } } } } } }, macDestinationAddress := 'FFFFFFFFFFFF'O, ssp := omit, its_aid := 141 } id 1
15:59:36.416038 Receive operation on port geoNetworkingPort succeeded, message from system(): @LibItsGeoNetworking_TypesAndValues.GeoNetworkingInd : { msgIn := { basicHeader := { version := 1, nextHeader := e_securedPacket (2), reserved := 0, lifeTime := { multiplier := 6, ltBase := e_10s (2) }, routerHopLimit := 1 }, gnPacket := { packet := { commonHeader := { nextHeader := e_any (0), reserved := 0, headerTST := { beaconHdr := { headerType := e_beacon (1), headerSubType := 0 } }, trafficClass := { scf := e_scfDisabled (0), channelOffload := e_choffDisabled (0), tcId := 0 }, flags := '10000000'B, plLength := 0, maxHopLimit := 1, reserved2 := 0 }, extendedHeader := { beaconHeader := { srcPosVector := { gnAddr := { typeOfAddress := e_initial (0), stationType := e_unknown (0), reserved := 0, mid := '020000000001'O }, timestamp_ := 3514610177, latitude := 520000000, longitude := 130000000, pai := '0'B, speed := 0, heading := 0 } } }, payload := omit }, securedMsg := { protocolVersion := 3, content := { signedData := { hashId := sha256 (0), tbsData := { payload := { data := { protocolVersion := 3, content := { unsecuredData := '00100080000001000000020000000001D17CB2011EFE920007BFA48000000000'O } }, extDataHash := omit, omitted := omit }, headerInfo := { psid := 141, generationTime := 716479181413524, expiryTime := omit, generationLocation := omit, p2pcdLearningRequest := omit, missingCrlIdentifier := omit, encryptionKey := omit, inlineP2pcdRequest := omit, requestedCertificate := omit, pduFunctionalType := omit, contributedExtensions := omit } }, signer := { certificate := { { version := 3, type_ := explicit (0), issuer := { sha256AndDigest := '87E5D18581E8DBD7'O }, toBeSigned := { id := { none_ := NULL }, cracaId := '000000'O, crlSeries := 0, validityPeriod := { start_ := 716478811, duration := { hours := 24 } }, region := omit, assuranceLevel := omit, appPermissions := { { psid := 36, ssp := { bitmapSsp := '01FFFC'O } }, { psid := 37, ssp := { bitmapSsp := '01FFFFFF'O } }, { psid := 141, ssp := omit }, { psid := 638, ssp := { bitmapSsp := '01'O } } }, certIssuePermissions := omit, certRequestPermissions := omit, canRequestRollover := omit, encryptionKey := omit, verifyKeyIndicator := { verificationKey := { ecdsaNistP256 := { compressed_y_0 := 'F5FC0A86649CFBEBB4EB74B606659D3EFEA74852C742F53FA32B136F29D7EE9A'O } } }, flags := omit, appExtensions := omit, certIssueExtensions := omit, certRequestExtension := omit }, signature_ := { ecdsaNistP256Signature := { rSig := { x_only := 'BB6FEA25DF074C2DB2D36BCBBEBA665236668B645EFBB1BDF425569F7BF3A147'O }, sSig := '15EDAAD8E4B38C1D82368E435C861A48F146E3871CD804A56B0FF4E226D213FC'O } } } } }, signature_ := { ecdsaNistP256Signature := { rSig := { x_only := 'DAC80B673B0DA5428E98B76C0084480F0C429A60865B8AD086BD7EF569C7E6D6'O }, sSig := 'C74EE62F48C66EA2AF044C2872CF672DE4680709F7DA306114FBDAECF37CDFB4'O } } } } } } }, macDestinationAddress := 'FFFFFFFFFFFF'O, ssp := omit, its_aid := 141 } id 1
15:59:36.416066 Message with id 1 was extracted from the queue of geoNetworkingPort.
15:59:36.416086 Stop timer tc_ac: 30 s
15:59:36.416099 *** TC_SEC_ITSS_SND_GENMSG_01_BV: PASS: The GN message is secured ***
15:59:36.416107 setverdict(pass): none -> pass
15:59:36.416200 **** f_selfSync: Successfully passed TEST BODY synchronization point. ****
15:59:36.416219 Sent on acPort to system @LibItsGeoNetworking_TypesAndValues.AcGnPrimitive : { stopPassBeaconing := { } }
15:59:36.416230 Sent on acPort to system @LibItsGeoNetworking_TypesAndValues.AcGnPrimitive : { stopBeaconing := { } }
15:59:36.416237 Default with id 4 (altstep a_neighbourDefault) was deactivated.
15:59:36.416271 Sent on acPort to system @LibItsCommon_TypesAndValues.AcSecPrimitive : { acDisableSecurity := { disable := true } }
15:59:36.416288 Message enqueued on acPort from system @LibItsCommon_TypesAndValues.AdapterControlResults : { acSecResponse := true } id 2
15:59:36.416302 Start timer tc_ac: 30 s
15:59:36.416315 Receive operation on port acPort succeeded, message from system(): @LibItsCommon_TypesAndValues.AdapterControlResults : { acSecResponse := true } id 2
15:59:36.416323 Message with id 2 was extracted from the queue of acPort.
15:59:36.416329 Stop timer tc_ac: 30 s
15:59:36.416337 Unmapping port mtc:acPort from system:acPort.
15:59:36.416498 Port acPort was unmapped from system:acPort.
15:59:36.416736 Unmap operation of mtc:acPort from system:acPort finished.
15:59:36.416774 Unmapping port mtc:utPort from system:utPort.
15:59:36.416952 Port utPort was unmapped from system:utPort.
15:59:36.417120 Unmap operation of mtc:utPort from system:utPort finished.
15:59:36.417160 Unmapping port mtc:geoNetworkingPort from system:geoNetworkingPort.
15:59:36.417359 Port geoNetworkingPort was unmapped from system:geoNetworkingPort.
15:59:36.417468 Unmap operation of mtc:geoNetworkingPort from system:geoNetworkingPort finished.
15:59:36.417481 Disconnecting ports mtc:syncSendPort and mtc:syncPort.
15:59:36.417638 Port syncSendPort has terminated the connection with local port syncPort.
15:59:36.417676 Port syncPort has terminated the connection with local port syncSendPort.
15:59:36.417885 Disconnect operation on mtc:syncSendPort and mtc:syncPort finished.
15:59:36.417928 Terminating component type LibItsGeoNetworking_TestSystem.ItsGeoNetworking.
15:59:36.417938 Default with id 1 (altstep a_cf01Down) was deactivated.
15:59:36.417946 Default with id 2 (altstep a_default) was deactivated.
15:59:36.417950 Default with id 3 (altstep a_utDefault) was deactivated.
15:59:36.417956 Port syncSendPort was stopped.
15:59:36.417965 Port syncPort was stopped.
15:59:36.417970 Port utPort was stopped.
15:59:36.417975 Port acPort was stopped.
15:59:36.417979 Port geoNetworkingPort was stopped.
15:59:36.417984 Component type LibItsGeoNetworking_TestSystem.ItsGeoNetworking was shut down inside testcase TC_SEC_ITSS_SND_GENMSG_01_BV.
15:59:36.417992 Waiting for PTCs to finish.
15:59:36.418294 Setting final verdict of the test case.
15:59:36.418405 Local verdict of MTC: pass
15:59:36.418426 No PTCs were created.
15:59:36.418436 Test case TC_SEC_ITSS_SND_GENMSG_01_BV finished. Verdict: pass
15:59:36.418640 Executing test case TC_SEC_ITSS_SND_GENMSG_02_BV in module ItsSecurity_TestCases.
15:59:36.418762 Test case TC_SEC_ITSS_SND_GENMSG_02_BV started.
15:59:36.418774 Initializing variables, timers and ports of component type LibItsGeoNetworking_TestSystem.ItsGeoNetworking inside testcase TC_SEC_ITSS_SND_GENMSG_02_BV.
15:59:36.418838 Port syncSendPort was started.
15:59:36.418846 Port syncPort was started.
15:59:36.418851 Port utPort was started.
15:59:36.418856 Port acPort was started.
15:59:36.418860 Port geoNetworkingPort was started.
15:59:36.418865 Component type LibItsGeoNetworking_TestSystem.ItsGeoNetworking was initialized.
15:59:36.418875 Mapping port mtc:acPort to system:acPort.
15:59:36.418999 Port acPort was mapped to system:acPort.
15:59:36.419150 Map operation of mtc:acPort to system:acPort finished.
15:59:36.419167 Mapping port mtc:utPort to system:utPort.
15:59:36.419518 Port utPort was mapped to system:utPort.
15:59:36.419662 Map operation of mtc:utPort to system:utPort finished.
15:59:36.419703 Mapping port mtc:geoNetworkingPort to system:geoNetworkingPort.
15:59:36.420129 security_services_its::setup: Already done
15:59:36.420258 Port geoNetworkingPort was mapped to system:geoNetworkingPort.
15:59:36.420425 Map operation of mtc:geoNetworkingPort to system:geoNetworkingPort finished.
15:59:36.420459 Connecting ports mtc:syncSendPort and mtc:syncPort.
15:59:36.420576 Port syncPort has established the connection with local port syncSendPort.
15:59:36.420589 Port syncSendPort has established the connection with local port syncPort.
15:59:36.420730 Connect operation on mtc:syncSendPort and mtc:syncPort finished.
15:59:36.420751 Altstep a_cf01Down was activated as default, id 1
15:59:36.420774 security_services_its::setup: Already done
15:59:36.420916 Selected issuer: '639472907C14E87E'O
15:59:36.421075 Sent on utPort to system @LibItsGeoNetworking_TypesAndValues.UtGnInitialize : { hashedId8 := 'BA1862D0E89FE341'O }
15:59:36.422402 Message enqueued on utPort from system @LibItsGeoNetworking_TypesAndValues.UtGnResults : { utGnInitializeResult := true } id 1
15:59:36.422433 Start timer tc_wait: 120 s
15:59:36.422450 Receive operation on port utPort succeeded, message from system(): @LibItsGeoNetworking_TypesAndValues.UtGnResults : { utGnInitializeResult := true } id 1
15:59:36.422456 Message with id 1 was extracted from the queue of utPort.
15:59:36.422460 Stop timer tc_wait: 120 s
15:59:36.422464 *** f_utInitializeIut: INFO: IUT initialized ***
15:59:36.422468 Start timer t: 1 s
15:59:37.422478 Timeout t: 1 s
15:59:37.422619 Sent on acPort to system @LibItsGeoNetworking_TypesAndValues.AcGnPrimitive : { getLongPosVector := { gnAddress := { typeOfAddress := e_initial (0), stationType := e_unknown (0), reserved := 0, mid := '020000000001'O } } }
15:59:37.422646 Message enqueued on acPort from system @LibItsGeoNetworking_TypesAndValues.AcGnResponse : { getLongPosVector := { gnAddr := { typeOfAddress := e_initial (0), stationType := e_unknown (0), reserved := 0, mid := '020000000001'O }, timestamp_ := 0, latitude := 520000000, longitude := 130000000, pai := '0'B, speed := 0, heading := 0 } } id 1
15:59:37.422661 Start timer tc_ac: 30 s
15:59:37.422697 Receive operation on port acPort succeeded, message from system(): @LibItsGeoNetworking_TypesAndValues.AcGnResponse : { getLongPosVector := { gnAddr := { typeOfAddress := e_initial (0), stationType := e_unknown (0), reserved := 0, mid := '020000000001'O }, timestamp_ := 0, latitude := 520000000, longitude := 130000000, pai := '0'B, speed := 0, heading := 0 } } id 1
15:59:37.422706 Message with id 1 was extracted from the queue of acPort.
15:59:37.422714 Stop timer tc_ac: 30 s
15:59:37.422923 Altstep a_default was activated as default, id 2
15:59:37.422938 Altstep a_utDefault was activated as default, id 3
15:59:37.422946 Altstep a_neighbourDefault was activated as default, id 4
15:59:37.423156 Sent on acPort to system @LibItsGeoNetworking_TypesAndValues.AcGnPrimitive : { startBeaconing := { beaconPacket := { basicHeader := { version := 1, nextHeader := e_commonHeader (1), reserved := 0, lifeTime := { multiplier := 10, ltBase := e_100s (3) }, routerHopLimit := 1 }, gnPacket := { packet := { commonHeader := { nextHeader := e_any (0), reserved := 0, headerTST := { beaconHdr := { headerType := e_beacon (1), headerSubType := 0 } }, trafficClass := { scf := e_scfEnabled (1), channelOffload := e_choffDisabled (0), tcId := 0 }, flags := '00000000'B, plLength := 0, maxHopLimit := 1, reserved2 := 0 }, extendedHeader := { beaconHeader := { srcPosVector := { gnAddr := { typeOfAddress := e_manual (1), stationType := e_passengerCar (5), reserved := 0, mid := '00000000000B'O }, timestamp_ := 3514605286, latitude := 520020000, longitude := 130000000, pai := '1'B, speed := 0, heading := 0 } } }, payload := omit }, securedMsg := omit } } } }
15:59:37.423580 Start timer t: 1 s
15:59:38.423608 Timeout t: 1 s
15:59:38.423684 Start timer t: 0.5 s
15:59:38.923695 Timeout t: 0.5 s
15:59:38.923814 Sent on acPort to system @LibItsGeoNetworking_TypesAndValues.AcGnPrimitive : { startPassBeaconing := { beaconHeader := { srcPosVector := { gnAddr := { typeOfAddress := e_initial (0), stationType := e_unknown (0), reserved := 0, mid := '020000000001'O }, timestamp_ := 0, latitude := 520000000, longitude := 130000000, pai := '0'B, speed := 0, heading := 0 } } } }
15:59:38.923833 **** f_selfSync: Successfully passed PREAMBLE synchronization point. ****
15:59:38.923838 Start timer tc_ac: 30 s
15:59:40.221512 security_services_its::process_ieee_1609_dot2_signed_data: generation time check 716479185220547 / 716479180221512, delta = 4999035.000000, comp = 0
15:59:40.222021 Message enqueued on geoNetworkingPort from system @LibItsGeoNetworking_TypesAndValues.GeoNetworkingInd : { msgIn := { basicHeader := { version := 1, nextHeader := e_securedPacket (2), reserved := 0, lifeTime := { multiplier := 6, ltBase := e_10s (2) }, routerHopLimit := 1 }, gnPacket := { packet := { commonHeader := { nextHeader := e_any (0), reserved := 0, headerTST := { beaconHdr := { headerType := e_beacon (1), headerSubType := 0 } }, trafficClass := { scf := e_scfDisabled (0), channelOffload := e_choffDisabled (0), tcId := 0 }, flags := '10000000'B, plLength := 0, maxHopLimit := 1, reserved2 := 0 }, extendedHeader := { beaconHeader := { srcPosVector := { gnAddr := { typeOfAddress := e_initial (0), stationType := e_unknown (0), reserved := 0, mid := '020000000001'O }, timestamp_ := 3514613984, latitude := 520000000, longitude := 130000000, pai := '0'B, speed := 0, heading := 0 } } }, payload := omit }, securedMsg := { protocolVersion := 3, content := { signedData := { hashId := sha256 (0), tbsData := { payload := { data := { protocolVersion := 3, content := { unsecuredData := '00100080000001000000020000000001D17CC0E01EFE920007BFA48000000000'O } }, extDataHash := omit, omitted := omit }, headerInfo := { psid := 141, generationTime := 716479185220547, expiryTime := omit, generationLocation := omit, p2pcdLearningRequest := omit, missingCrlIdentifier := omit, encryptionKey := omit, inlineP2pcdRequest := omit, requestedCertificate := omit, pduFunctionalType := omit, contributedExtensions := omit } }, signer := { certificate := { { version := 3, type_ := explicit (0), issuer := { sha256AndDigest := '87E5D18581E8DBD7'O }, toBeSigned := { id := { none_ := NULL }, cracaId := '000000'O, crlSeries := 0, validityPeriod := { start_ := 716478811, duration := { hours := 24 } }, region := omit, assuranceLevel := omit, appPermissions := { { psid := 36, ssp := { bitmapSsp := '01FFFC'O } }, { psid := 37, ssp := { bitmapSsp := '01FFFFFF'O } }, { psid := 141, ssp := omit }, { psid := 638, ssp := { bitmapSsp := '01'O } } }, certIssuePermissions := omit, certRequestPermissions := omit, canRequestRollover := omit, encryptionKey := omit, verifyKeyIndicator := { verificationKey := { ecdsaNistP256 := { compressed_y_0 := 'F5FC0A86649CFBEBB4EB74B606659D3EFEA74852C742F53FA32B136F29D7EE9A'O } } }, flags := omit, appExtensions := omit, certIssueExtensions := omit, certRequestExtension := omit }, signature_ := { ecdsaNistP256Signature := { rSig := { x_only := 'BB6FEA25DF074C2DB2D36BCBBEBA665236668B645EFBB1BDF425569F7BF3A147'O }, sSig := '15EDAAD8E4B38C1D82368E435C861A48F146E3871CD804A56B0FF4E226D213FC'O } } } } }, signature_ := { ecdsaNistP256Signature := { rSig := { x_only := '12C700CB95F03E0E144873BE4B024CBBC5203CA1EBFF4BF8586DCB3ACEC7FA6C'O }, sSig := '50AF73DAE01C56B80EFE8ECCC9D76EDCA77FBC28A9B8215DC0AF2404D7490B84'O } } } } } } }, macDestinationAddress := 'FFFFFFFFFFFF'O, ssp := omit, its_aid := 141 } id 1
15:59:40.223383 Receive operation on port geoNetworkingPort succeeded, message from system(): @LibItsGeoNetworking_TypesAndValues.GeoNetworkingInd : { msgIn := { basicHeader := { version := 1, nextHeader := e_securedPacket (2), reserved := 0, lifeTime := { multiplier := 6, ltBase := e_10s (2) }, routerHopLimit := 1 }, gnPacket := { packet := { commonHeader := { nextHeader := e_any (0), reserved := 0, headerTST := { beaconHdr := { headerType := e_beacon (1), headerSubType := 0 } }, trafficClass := { scf := e_scfDisabled (0), channelOffload := e_choffDisabled (0), tcId := 0 }, flags := '10000000'B, plLength := 0, maxHopLimit := 1, reserved2 := 0 }, extendedHeader := { beaconHeader := { srcPosVector := { gnAddr := { typeOfAddress := e_initial (0), stationType := e_unknown (0), reserved := 0, mid := '020000000001'O }, timestamp_ := 3514613984, latitude := 520000000, longitude := 130000000, pai := '0'B, speed := 0, heading := 0 } } }, payload := omit }, securedMsg := { protocolVersion := 3, content := { signedData := { hashId := sha256 (0), tbsData := { payload := { data := { protocolVersion := 3, content := { unsecuredData := '00100080000001000000020000000001D17CC0E01EFE920007BFA48000000000'O } }, extDataHash := omit, omitted := omit }, headerInfo := { psid := 141, generationTime := 716479185220547, expiryTime := omit, generationLocation := omit, p2pcdLearningRequest := omit, missingCrlIdentifier := omit, encryptionKey := omit, inlineP2pcdRequest := omit, requestedCertificate := omit, pduFunctionalType := omit, contributedExtensions := omit } }, signer := { certificate := { { version := 3, type_ := explicit (0), issuer := { sha256AndDigest := '87E5D18581E8DBD7'O }, toBeSigned := { id := { none_ := NULL }, cracaId := '000000'O, crlSeries := 0, validityPeriod := { start_ := 716478811, duration := { hours := 24 } }, region := omit, assuranceLevel := omit, appPermissions := { { psid := 36, ssp := { bitmapSsp := '01FFFC'O } }, { psid := 37, ssp := { bitmapSsp := '01FFFFFF'O } }, { psid := 141, ssp := omit }, { psid := 638, ssp := { bitmapSsp := '01'O } } }, certIssuePermissions := omit, certRequestPermissions := omit, canRequestRollover := omit, encryptionKey := omit, verifyKeyIndicator := { verificationKey := { ecdsaNistP256 := { compressed_y_0 := 'F5FC0A86649CFBEBB4EB74B606659D3EFEA74852C742F53FA32B136F29D7EE9A'O } } }, flags := omit, appExtensions := omit, certIssueExtensions := omit, certRequestExtension := omit }, signature_ := { ecdsaNistP256Signature := { rSig := { x_only := 'BB6FEA25DF074C2DB2D36BCBBEBA665236668B645EFBB1BDF425569F7BF3A147'O }, sSig := '15EDAAD8E4B38C1D82368E435C861A48F146E3871CD804A56B0FF4E226D213FC'O } } } } }, signature_ := { ecdsaNistP256Signature := { rSig := { x_only := '12C700CB95F03E0E144873BE4B024CBBC5203CA1EBFF4BF8586DCB3ACEC7FA6C'O }, sSig := '50AF73DAE01C56B80EFE8ECCC9D76EDCA77FBC28A9B8215DC0AF2404D7490B84'O } } } } } } }, macDestinationAddress := 'FFFFFFFFFFFF'O, ssp := omit, its_aid := 141 } id 1
15:59:40.223466 Message with id 1 was extracted from the queue of geoNetworkingPort.
15:59:40.223492 Stop timer tc_ac: 30 s
15:59:40.223509 *** TC_SEC_ITSS_SND_GENMSG_02_BV: PASS: The GN message is secured ***
15:59:40.223526 setverdict(pass): none -> pass
15:59:40.223626 **** f_selfSync: Successfully passed TEST BODY synchronization point. ****
15:59:40.223718 Sent on acPort to system @LibItsGeoNetworking_TypesAndValues.AcGnPrimitive : { stopPassBeaconing := { } }
15:59:40.223736 Sent on acPort to system @LibItsGeoNetworking_TypesAndValues.AcGnPrimitive : { stopBeaconing := { } }
15:59:40.223745 Default with id 4 (altstep a_neighbourDefault) was deactivated.
15:59:40.223767 Sent on acPort to system @LibItsCommon_TypesAndValues.AcSecPrimitive : { acDisableSecurity := { disable := true } }
15:59:40.223777 Message enqueued on acPort from system @LibItsCommon_TypesAndValues.AdapterControlResults : { acSecResponse := true } id 2
15:59:40.223788 Start timer tc_ac: 30 s
15:59:40.223803 Receive operation on port acPort succeeded, message from system(): @LibItsCommon_TypesAndValues.AdapterControlResults : { acSecResponse := true } id 2
15:59:40.223812 Message with id 2 was extracted from the queue of acPort.
15:59:40.223818 Stop timer tc_ac: 30 s
15:59:40.223826 Unmapping port mtc:acPort from system:acPort.
15:59:40.224180 Port acPort was unmapped from system:acPort.
15:59:40.224454 Unmap operation of mtc:acPort from system:acPort finished.
15:59:40.224566 Unmapping port mtc:utPort from system:utPort.
15:59:40.224867 Port utPort was unmapped from system:utPort.
15:59:40.225367 Unmap operation of mtc:utPort from system:utPort finished.
15:59:40.225428 Unmapping port mtc:geoNetworkingPort from system:geoNetworkingPort.
15:59:40.225701 Port geoNetworkingPort was unmapped from system:geoNetworkingPort.
15:59:40.226041 Unmap operation of mtc:geoNetworkingPort from system:geoNetworkingPort finished.
15:59:40.226087 Disconnecting ports mtc:syncSendPort and mtc:syncPort.
15:59:40.226301 Port syncSendPort has terminated the connection with local port syncPort.
15:59:40.226346 Port syncPort has terminated the connection with local port syncSendPort.
15:59:40.226534 Disconnect operation on mtc:syncSendPort and mtc:syncPort finished.
15:59:40.226595 Terminating component type LibItsGeoNetworking_TestSystem.ItsGeoNetworking.
15:59:40.226607 Default with id 1 (altstep a_cf01Down) was deactivated.
15:59:40.226617 Default with id 2 (altstep a_default) was deactivated.
15:59:40.226623 Default with id 3 (altstep a_utDefault) was deactivated.
15:59:40.226630 Port syncSendPort was stopped.
15:59:40.226641 Port syncPort was stopped.
15:59:40.226647 Port utPort was stopped.
15:59:40.226653 Port acPort was stopped.
15:59:40.226659 Port geoNetworkingPort was stopped.
15:59:40.226665 Component type LibItsGeoNetworking_TestSystem.ItsGeoNetworking was shut down inside testcase TC_SEC_ITSS_SND_GENMSG_02_BV.
15:59:40.226675 Waiting for PTCs to finish.
15:59:40.227266 Setting final verdict of the test case.
15:59:40.227367 Local verdict of MTC: pass
15:59:40.227389 No PTCs were created.
15:59:40.227401 Test case TC_SEC_ITSS_SND_GENMSG_02_BV finished. Verdict: pass
15:59:40.227689 Executing test case TC_SEC_ITSS_SND_GENMSG_03_BV in module ItsSecurity_TestCases.
15:59:40.227832 Test case TC_SEC_ITSS_SND_GENMSG_03_BV started.
15:59:40.227848 Initializing variables, timers and ports of component type LibItsGeoNetworking_TestSystem.ItsGeoNetworking inside testcase TC_SEC_ITSS_SND_GENMSG_03_BV.
15:59:40.227932 Port syncSendPort was started.
15:59:40.227943 Port syncPort was started.
15:59:40.227949 Port utPort was started.
15:59:40.227954 Port acPort was started.
15:59:40.227959 Port geoNetworkingPort was started.
15:59:40.227965 Component type LibItsGeoNetworking_TestSystem.ItsGeoNetworking was initialized.
15:59:40.227979 Mapping port mtc:acPort to system:acPort.
15:59:40.228172 Port acPort was mapped to system:acPort.
15:59:40.228458 Map operation of mtc:acPort to system:acPort finished.
15:59:40.228503 Mapping port mtc:utPort to system:utPort.
15:59:40.228956 Port utPort was mapped to system:utPort.
15:59:40.229189 Map operation of mtc:utPort to system:utPort finished.
15:59:40.229235 Mapping port mtc:geoNetworkingPort to system:geoNetworkingPort.
15:59:40.229715 security_services_its::setup: Already done
15:59:40.229898 Port geoNetworkingPort was mapped to system:geoNetworkingPort.
15:59:40.230070 Map operation of mtc:geoNetworkingPort to system:geoNetworkingPort finished.
15:59:40.230121 Connecting ports mtc:syncSendPort and mtc:syncPort.
15:59:40.230337 Port syncPort has established the connection with local port syncSendPort.
15:59:40.230385 Port syncSendPort has established the connection with local port syncPort.
15:59:40.230561 Connect operation on mtc:syncSendPort and mtc:syncPort finished.
15:59:40.230621 Altstep a_cf01Down was activated as default, id 1
15:59:40.230652 security_services_its::setup: Already done
15:59:40.230838 Selected issuer: '639472907C14E87E'O
15:59:40.231017 Sent on utPort to system @LibItsGeoNetworking_TypesAndValues.UtGnInitialize : { hashedId8 := 'BA1862D0E89FE341'O }
15:59:40.232790 Message enqueued on utPort from system @LibItsGeoNetworking_TypesAndValues.UtGnResults : { utGnInitializeResult := true } id 1
15:59:40.232824 Start timer tc_wait: 120 s
15:59:40.232888 Receive operation on port utPort succeeded, message from system(): @LibItsGeoNetworking_TypesAndValues.UtGnResults : { utGnInitializeResult := true } id 1
15:59:40.232897 Message with id 1 was extracted from the queue of utPort.
15:59:40.232914 Stop timer tc_wait: 120 s
15:59:40.232918 *** f_utInitializeIut: INFO: IUT initialized ***
15:59:40.232924 Start timer t: 1 s
15:59:41.232932 Timeout t: 1 s
15:59:41.233031 Sent on acPort to system @LibItsGeoNetworking_TypesAndValues.AcGnPrimitive : { getLongPosVector := { gnAddress := { typeOfAddress := e_initial (0), stationType := e_unknown (0), reserved := 0, mid := '020000000001'O } } }
15:59:41.233050 Message enqueued on acPort from system @LibItsGeoNetworking_TypesAndValues.AcGnResponse : { getLongPosVector := { gnAddr := { typeOfAddress := e_initial (0), stationType := e_unknown (0), reserved := 0, mid := '020000000001'O }, timestamp_ := 0, latitude := 520000000, longitude := 130000000, pai := '0'B, speed := 0, heading := 0 } } id 1
15:59:41.233061 Start timer tc_ac: 30 s
15:59:41.233083 Receive operation on port acPort succeeded, message from system(): @LibItsGeoNetworking_TypesAndValues.AcGnResponse : { getLongPosVector := { gnAddr := { typeOfAddress := e_initial (0), stationType := e_unknown (0), reserved := 0, mid := '020000000001'O }, timestamp_ := 0, latitude := 520000000, longitude := 130000000, pai := '0'B, speed := 0, heading := 0 } } id 1
15:59:41.233089 Message with id 1 was extracted from the queue of acPort.
15:59:41.233094 Stop timer tc_ac: 30 s
15:59:41.233153 Altstep a_default was activated as default, id 2
15:59:41.233159 Altstep a_utDefault was activated as default, id 3
15:59:41.233162 Altstep a_neighbourDefault was activated as default, id 4
15:59:41.233266 Sent on acPort to system @LibItsGeoNetworking_TypesAndValues.AcGnPrimitive : { startBeaconing := { beaconPacket := { basicHeader := { version := 1, nextHeader := e_commonHeader (1), reserved := 0, lifeTime := { multiplier := 10, ltBase := e_100s (3) }, routerHopLimit := 1 }, gnPacket := { packet := { commonHeader := { nextHeader := e_any (0), reserved := 0, headerTST := { beaconHdr := { headerType := e_beacon (1), headerSubType := 0 } }, trafficClass := { scf := e_scfEnabled (1), channelOffload := e_choffDisabled (0), tcId := 0 }, flags := '00000000'B, plLength := 0, maxHopLimit := 1, reserved2 := 0 }, extendedHeader := { beaconHeader := { srcPosVector := { gnAddr := { typeOfAddress := e_manual (1), stationType := e_passengerCar (5), reserved := 0, mid := '00000000000B'O }, timestamp_ := 3514609097, latitude := 520020000, longitude := 130000000, pai := '1'B, speed := 0, heading := 0 } } }, payload := omit }, securedMsg := omit } } } }
15:59:41.233465 Start timer t: 1 s
15:59:42.233477 Timeout t: 1 s
15:59:42.233535 Start timer t: 0.5 s
15:59:42.733544 Timeout t: 0.5 s
15:59:42.733675 Sent on acPort to system @LibItsGeoNetworking_TypesAndValues.AcGnPrimitive : { startPassBeaconing := { beaconHeader := { srcPosVector := { gnAddr := { typeOfAddress := e_initial (0), stationType := e_unknown (0), reserved := 0, mid := '020000000001'O }, timestamp_ := 0, latitude := 520000000, longitude := 130000000, pai := '0'B, speed := 0, heading := 0 } } } }
15:59:42.733697 **** f_selfSync: Successfully passed PREAMBLE synchronization point. ****
15:59:42.733704 Start timer tc_ac: 30 s
15:59:44.031730 security_services_its::process_ieee_1609_dot2_signed_data: generation time check 716479189030135 / 716479184031729, delta = 4998406.000000, comp = 0
15:59:44.032595 Message enqueued on geoNetworkingPort from system @LibItsGeoNetworking_TypesAndValues.GeoNetworkingInd : { msgIn := { basicHeader := { version := 1, nextHeader := e_securedPacket (2), reserved := 0, lifeTime := { multiplier := 6, ltBase := e_10s (2) }, routerHopLimit := 1 }, gnPacket := { packet := { commonHeader := { nextHeader := e_any (0), reserved := 0, headerTST := { beaconHdr := { headerType := e_beacon (1), headerSubType := 0 } }, trafficClass := { scf := e_scfDisabled (0), channelOffload := e_choffDisabled (0), tcId := 0 }, flags := '10000000'B, plLength := 0, maxHopLimit := 1, reserved2 := 0 }, extendedHeader := { beaconHeader := { srcPosVector := { gnAddr := { typeOfAddress := e_initial (0), stationType := e_unknown (0), reserved := 0, mid := '020000000001'O }, timestamp_ := 3514617794, latitude := 520000000, longitude := 130000000, pai := '0'B, speed := 0, heading := 0 } } }, payload := omit }, securedMsg := { protocolVersion := 3, content := { signedData := { hashId := sha256 (0), tbsData := { payload := { data := { protocolVersion := 3, content := { unsecuredData := '00100080000001000000020000000001D17CCFC21EFE920007BFA48000000000'O } }, extDataHash := omit, omitted := omit }, headerInfo := { psid := 141, generationTime := 716479189030135, expiryTime := omit, generationLocation := omit, p2pcdLearningRequest := omit, missingCrlIdentifier := omit, encryptionKey := omit, inlineP2pcdRequest := omit, requestedCertificate := omit, pduFunctionalType := omit, contributedExtensions := omit } }, signer := { certificate := { { version := 3, type_ := explicit (0), issuer := { sha256AndDigest := '87E5D18581E8DBD7'O }, toBeSigned := { id := { none_ := NULL }, cracaId := '000000'O, crlSeries := 0, validityPeriod := { start_ := 716478811, duration := { hours := 24 } }, region := omit, assuranceLevel := omit, appPermissions := { { psid := 36, ssp := { bitmapSsp := '01FFFC'O } }, { psid := 37, ssp := { bitmapSsp := '01FFFFFF'O } }, { psid := 141, ssp := omit }, { psid := 638, ssp := { bitmapSsp := '01'O } } }, certIssuePermissions := omit, certRequestPermissions := omit, canRequestRollover := omit, encryptionKey := omit, verifyKeyIndicator := { verificationKey := { ecdsaNistP256 := { compressed_y_0 := 'F5FC0A86649CFBEBB4EB74B606659D3EFEA74852C742F53FA32B136F29D7EE9A'O } } }, flags := omit, appExtensions := omit, certIssueExtensions := omit, certRequestExtension := omit }, signature_ := { ecdsaNistP256Signature := { rSig := { x_only := 'BB6FEA25DF074C2DB2D36BCBBEBA665236668B645EFBB1BDF425569F7BF3A147'O }, sSig := '15EDAAD8E4B38C1D82368E435C861A48F146E3871CD804A56B0FF4E226D213FC'O } } } } }, signature_ := { ecdsaNistP256Signature := { rSig := { x_only := '324196374B5853C291D5C70F1F297D5C6F93B2E20BB490A6BFA40D83E4C977BE'O }, sSig := 'A3F07388687C3ED5A0932C8363FD1D113C028825C75B6F791E11DD5D8E1A89E0'O } } } } } } }, macDestinationAddress := 'FFFFFFFFFFFF'O, ssp := omit, its_aid := 141 } id 1
15:59:44.032862 Receive operation on port geoNetworkingPort succeeded, message from system(): @LibItsGeoNetworking_TypesAndValues.GeoNetworkingInd : { msgIn := { basicHeader := { version := 1, nextHeader := e_securedPacket (2), reserved := 0, lifeTime := { multiplier := 6, ltBase := e_10s (2) }, routerHopLimit := 1 }, gnPacket := { packet := { commonHeader := { nextHeader := e_any (0), reserved := 0, headerTST := { beaconHdr := { headerType := e_beacon (1), headerSubType := 0 } }, trafficClass := { scf := e_scfDisabled (0), channelOffload := e_choffDisabled (0), tcId := 0 }, flags := '10000000'B, plLength := 0, maxHopLimit := 1, reserved2 := 0 }, extendedHeader := { beaconHeader := { srcPosVector := { gnAddr := { typeOfAddress := e_initial (0), stationType := e_unknown (0), reserved := 0, mid := '020000000001'O }, timestamp_ := 3514617794, latitude := 520000000, longitude := 130000000, pai := '0'B, speed := 0, heading := 0 } } }, payload := omit }, securedMsg := { protocolVersion := 3, content := { signedData := { hashId := sha256 (0), tbsData := { payload := { data := { protocolVersion := 3, content := { unsecuredData := '00100080000001000000020000000001D17CCFC21EFE920007BFA48000000000'O } }, extDataHash := omit, omitted := omit }, headerInfo := { psid := 141, generationTime := 716479189030135, expiryTime := omit, generationLocation := omit, p2pcdLearningRequest := omit, missingCrlIdentifier := omit, encryptionKey := omit, inlineP2pcdRequest := omit, requestedCertificate := omit, pduFunctionalType := omit, contributedExtensions := omit } }, signer := { certificate := { { version := 3, type_ := explicit (0), issuer := { sha256AndDigest := '87E5D18581E8DBD7'O }, toBeSigned := { id := { none_ := NULL }, cracaId := '000000'O, crlSeries := 0, validityPeriod := { start_ := 716478811, duration := { hours := 24 } }, region := omit, assuranceLevel := omit, appPermissions := { { psid := 36, ssp := { bitmapSsp := '01FFFC'O } }, { psid := 37, ssp := { bitmapSsp := '01FFFFFF'O } }, { psid := 141, ssp := omit }, { psid := 638, ssp := { bitmapSsp := '01'O } } }, certIssuePermissions := omit, certRequestPermissions := omit, canRequestRollover := omit, encryptionKey := omit, verifyKeyIndicator := { verificationKey := { ecdsaNistP256 := { compressed_y_0 := 'F5FC0A86649CFBEBB4EB74B606659D3EFEA74852C742F53FA32B136F29D7EE9A'O } } }, flags := omit, appExtensions := omit, certIssueExtensions := omit, certRequestExtension := omit }, signature_ := { ecdsaNistP256Signature := { rSig := { x_only := 'BB6FEA25DF074C2DB2D36BCBBEBA665236668B645EFBB1BDF425569F7BF3A147'O }, sSig := '15EDAAD8E4B38C1D82368E435C861A48F146E3871CD804A56B0FF4E226D213FC'O } } } } }, signature_ := { ecdsaNistP256Signature := { rSig := { x_only := '324196374B5853C291D5C70F1F297D5C6F93B2E20BB490A6BFA40D83E4C977BE'O }, sSig := 'A3F07388687C3ED5A0932C8363FD1D113C028825C75B6F791E11DD5D8E1A89E0'O } } } } } } }, macDestinationAddress := 'FFFFFFFFFFFF'O, ssp := omit, its_aid := 141 } id 1
15:59:44.032902 Message with id 1 was extracted from the queue of geoNetworkingPort.
15:59:44.032925 Stop timer tc_ac: 30 s
15:59:44.032941 *** TC_SEC_ITSS_SND_GENMSG_03_BV: PASS: The GN message is secured ***
15:59:44.032950 setverdict(pass): none -> pass
15:59:44.033029 **** f_selfSync: Successfully passed TEST BODY synchronization point. ****
15:59:44.033050 Sent on acPort to system @LibItsGeoNetworking_TypesAndValues.AcGnPrimitive : { stopPassBeaconing := { } }
15:59:44.033063 Sent on acPort to system @LibItsGeoNetworking_TypesAndValues.AcGnPrimitive : { stopBeaconing := { } }
15:59:44.033071 Default with id 4 (altstep a_neighbourDefault) was deactivated.
15:59:44.033094 Sent on acPort to system @LibItsCommon_TypesAndValues.AcSecPrimitive : { acDisableSecurity := { disable := true } }
15:59:44.033110 Message enqueued on acPort from system @LibItsCommon_TypesAndValues.AdapterControlResults : { acSecResponse := true } id 2
15:59:44.033121 Start timer tc_ac: 30 s
15:59:44.033136 Receive operation on port acPort succeeded, message from system(): @LibItsCommon_TypesAndValues.AdapterControlResults : { acSecResponse := true } id 2
15:59:44.033144 Message with id 2 was extracted from the queue of acPort.
15:59:44.033151 Stop timer tc_ac: 30 s
15:59:44.033159 Unmapping port mtc:acPort from system:acPort.
15:59:44.033363 Port acPort was unmapped from system:acPort.
15:59:44.033618 Unmap operation of mtc:acPort from system:acPort finished.
15:59:44.033665 Unmapping port mtc:utPort from system:utPort.
15:59:44.033844 Port utPort was unmapped from system:utPort.
15:59:44.033998 Unmap operation of mtc:utPort from system:utPort finished.
15:59:44.034052 Unmapping port mtc:geoNetworkingPort from system:geoNetworkingPort.
15:59:44.034238 Port geoNetworkingPort was unmapped from system:geoNetworkingPort.
15:59:44.034505 Unmap operation of mtc:geoNetworkingPort from system:geoNetworkingPort finished.
15:59:44.034552 Disconnecting ports mtc:syncSendPort and mtc:syncPort.
15:59:44.034761 Port syncSendPort has terminated the connection with local port syncPort.
15:59:44.034778 Port syncPort has terminated the connection with local port syncSendPort.
15:59:44.034934 Disconnect operation on mtc:syncSendPort and mtc:syncPort finished.
15:59:44.034983 Terminating component type LibItsGeoNetworking_TestSystem.ItsGeoNetworking.
15:59:44.034994 Default with id 1 (altstep a_cf01Down) was deactivated.
15:59:44.035003 Default with id 2 (altstep a_default) was deactivated.
15:59:44.035008 Default with id 3 (altstep a_utDefault) was deactivated.
15:59:44.035015 Port syncSendPort was stopped.
15:59:44.035025 Port syncPort was stopped.
15:59:44.035030 Port utPort was stopped.
15:59:44.035036 Port acPort was stopped.
15:59:44.035041 Port geoNetworkingPort was stopped.
15:59:44.035047 Component type LibItsGeoNetworking_TestSystem.ItsGeoNetworking was shut down inside testcase TC_SEC_ITSS_SND_GENMSG_03_BV.
15:59:44.035056 Waiting for PTCs to finish.
15:59:44.035311 Setting final verdict of the test case.
15:59:44.035394 Local verdict of MTC: pass
15:59:44.035413 No PTCs were created.
15:59:44.035425 Test case TC_SEC_ITSS_SND_GENMSG_03_BV finished. Verdict: pass
15:59:44.035644 Executing test case TC_SEC_ITSS_SND_GENMSG_04_BV in module ItsSecurity_TestCases.
15:59:44.035744 Test case TC_SEC_ITSS_SND_GENMSG_04_BV started.
15:59:44.035758 Initializing variables, timers and ports of component type LibItsGeoNetworking_TestSystem.ItsGeoNetworking inside testcase TC_SEC_ITSS_SND_GENMSG_04_BV.
15:59:44.035831 Port syncSendPort was started.
15:59:44.035840 Port syncPort was started.
15:59:44.035845 Port utPort was started.
15:59:44.035851 Port acPort was started.
15:59:44.035856 Port geoNetworkingPort was started.
15:59:44.035861 Component type LibItsGeoNetworking_TestSystem.ItsGeoNetworking was initialized.
15:59:44.035872 Mapping port mtc:acPort to system:acPort.
15:59:44.036034 Port acPort was mapped to system:acPort.
15:59:44.036270 Map operation of mtc:acPort to system:acPort finished.
15:59:44.036294 Mapping port mtc:utPort to system:utPort.
15:59:44.036746 Port utPort was mapped to system:utPort.
15:59:44.037391 Map operation of mtc:utPort to system:utPort finished.
15:59:44.037440 Mapping port mtc:geoNetworkingPort to system:geoNetworkingPort.
15:59:44.037865 security_services_its::setup: Already done
15:59:44.038015 Port geoNetworkingPort was mapped to system:geoNetworkingPort.
15:59:44.038244 Map operation of mtc:geoNetworkingPort to system:geoNetworkingPort finished.
15:59:44.038265 Connecting ports mtc:syncSendPort and mtc:syncPort.
15:59:44.038522 Port syncPort has established the connection with local port syncSendPort.
15:59:44.038571 Port syncSendPort has established the connection with local port syncPort.
15:59:44.038793 Connect operation on mtc:syncSendPort and mtc:syncPort finished.
15:59:44.038815 Altstep a_cf01Down was activated as default, id 1
15:59:44.038843 security_services_its::setup: Already done
15:59:44.039046 Selected issuer: '639472907C14E87E'O
15:59:44.039226 Sent on utPort to system @LibItsGeoNetworking_TypesAndValues.UtGnInitialize : { hashedId8 := 'BA1862D0E89FE341'O }
15:59:44.040929 Message enqueued on utPort from system @LibItsGeoNetworking_TypesAndValues.UtGnResults : { utGnInitializeResult := true } id 1
15:59:44.040984 Start timer tc_wait: 120 s
15:59:44.041012 Receive operation on port utPort succeeded, message from system(): @LibItsGeoNetworking_TypesAndValues.UtGnResults : { utGnInitializeResult := true } id 1
15:59:44.041023 Message with id 1 was extracted from the queue of utPort.
15:59:44.041032 Stop timer tc_wait: 120 s
15:59:44.041041 *** f_utInitializeIut: INFO: IUT initialized ***
15:59:44.041051 Start timer t: 1 s
15:59:45.041165 Timeout t: 1 s
15:59:45.041310 Sent on acPort to system @LibItsGeoNetworking_TypesAndValues.AcGnPrimitive : { getLongPosVector := { gnAddress := { typeOfAddress := e_initial (0), stationType := e_unknown (0), reserved := 0, mid := '020000000001'O } } }
15:59:45.041339 Message enqueued on acPort from system @LibItsGeoNetworking_TypesAndValues.AcGnResponse : { getLongPosVector := { gnAddr := { typeOfAddress := e_initial (0), stationType := e_unknown (0), reserved := 0, mid := '020000000001'O }, timestamp_ := 0, latitude := 520000000, longitude := 130000000, pai := '0'B, speed := 0, heading := 0 } } id 1
15:59:45.041355 Start timer tc_ac: 30 s
15:59:45.041390 Receive operation on port acPort succeeded, message from system(): @LibItsGeoNetworking_TypesAndValues.AcGnResponse : { getLongPosVector := { gnAddr := { typeOfAddress := e_initial (0), stationType := e_unknown (0), reserved := 0, mid := '020000000001'O }, timestamp_ := 0, latitude := 520000000, longitude := 130000000, pai := '0'B, speed := 0, heading := 0 } } id 1
15:59:45.041400 Message with id 1 was extracted from the queue of acPort.
15:59:45.041408 Stop timer tc_ac: 30 s
15:59:45.041501 Altstep a_default was activated as default, id 2
15:59:45.041511 Altstep a_utDefault was activated as default, id 3
15:59:45.041516 Altstep a_neighbourDefault was activated as default, id 4
15:59:45.041675 Sent on acPort to system @LibItsGeoNetworking_TypesAndValues.AcGnPrimitive : { startBeaconing := { beaconPacket := { basicHeader := { version := 1, nextHeader := e_commonHeader (1), reserved := 0, lifeTime := { multiplier := 10, ltBase := e_100s (3) }, routerHopLimit := 1 }, gnPacket := { packet := { commonHeader := { nextHeader := e_any (0), reserved := 0, headerTST := { beaconHdr := { headerType := e_beacon (1), headerSubType := 0 } }, trafficClass := { scf := e_scfEnabled (1), channelOffload := e_choffDisabled (0), tcId := 0 }, flags := '00000000'B, plLength := 0, maxHopLimit := 1, reserved2 := 0 }, extendedHeader := { beaconHeader := { srcPosVector := { gnAddr := { typeOfAddress := e_manual (1), stationType := e_passengerCar (5), reserved := 0, mid := '00000000000B'O }, timestamp_ := 3514612905, latitude := 520020000, longitude := 130000000, pai := '1'B, speed := 0, heading := 0 } } }, payload := omit }, securedMsg := omit } } } }
15:59:45.042118 Start timer t: 1 s
15:59:46.042171 Timeout t: 1 s
15:59:46.042242 Start timer t: 0.5 s
15:59:46.542253 Timeout t: 0.5 s
15:59:46.542383 Sent on acPort to system @LibItsGeoNetworking_TypesAndValues.AcGnPrimitive : { startPassBeaconing := { beaconHeader := { srcPosVector := { gnAddr := { typeOfAddress := e_initial (0), stationType := e_unknown (0), reserved := 0, mid := '020000000001'O }, timestamp_ := 0, latitude := 520000000, longitude := 130000000, pai := '0'B, speed := 0, heading := 0 } } } }
15:59:46.542403 **** f_selfSync: Successfully passed PREAMBLE synchronization point. ****
15:59:46.542409 Start timer tc_ac: 30 s
15:59:47.840200 security_services_its::process_ieee_1609_dot2_signed_data: generation time check 716479192838878 / 716479187840199, delta = 4998679.000000, comp = 0
15:59:47.840753 Message enqueued on geoNetworkingPort from system @LibItsGeoNetworking_TypesAndValues.GeoNetworkingInd : { msgIn := { basicHeader := { version := 1, nextHeader := e_securedPacket (2), reserved := 0, lifeTime := { multiplier := 6, ltBase := e_10s (2) }, routerHopLimit := 1 }, gnPacket := { packet := { commonHeader := { nextHeader := e_any (0), reserved := 0, headerTST := { beaconHdr := { headerType := e_beacon (1), headerSubType := 0 } }, trafficClass := { scf := e_scfDisabled (0), channelOffload := e_choffDisabled (0), tcId := 0 }, flags := '10000000'B, plLength := 0, maxHopLimit := 1, reserved2 := 0 }, extendedHeader := { beaconHeader := { srcPosVector := { gnAddr := { typeOfAddress := e_initial (0), stationType := e_unknown (0), reserved := 0, mid := '020000000001'O }, timestamp_ := 3514621602, latitude := 520000000, longitude := 130000000, pai := '0'B, speed := 0, heading := 0 } } }, payload := omit }, securedMsg := { protocolVersion := 3, content := { signedData := { hashId := sha256 (0), tbsData := { payload := { data := { protocolVersion := 3, content := { unsecuredData := '00100080000001000000020000000001D17CDEA21EFE920007BFA48000000000'O } }, extDataHash := omit, omitted := omit }, headerInfo := { psid := 141, generationTime := 716479192838878, expiryTime := omit, generationLocation := omit, p2pcdLearningRequest := omit, missingCrlIdentifier := omit, encryptionKey := omit, inlineP2pcdRequest := omit, requestedCertificate := omit, pduFunctionalType := omit, contributedExtensions := omit } }, signer := { certificate := { { version := 3, type_ := explicit (0), issuer := { sha256AndDigest := '87E5D18581E8DBD7'O }, toBeSigned := { id := { none_ := NULL }, cracaId := '000000'O, crlSeries := 0, validityPeriod := { start_ := 716478811, duration := { hours := 24 } }, region := omit, assuranceLevel := omit, appPermissions := { { psid := 36, ssp := { bitmapSsp := '01FFFC'O } }, { psid := 37, ssp := { bitmapSsp := '01FFFFFF'O } }, { psid := 141, ssp := omit }, { psid := 638, ssp := { bitmapSsp := '01'O } } }, certIssuePermissions := omit, certRequestPermissions := omit, canRequestRollover := omit, encryptionKey := omit, verifyKeyIndicator := { verificationKey := { ecdsaNistP256 := { compressed_y_0 := 'F5FC0A86649CFBEBB4EB74B606659D3EFEA74852C742F53FA32B136F29D7EE9A'O } } }, flags := omit, appExtensions := omit, certIssueExtensions := omit, certRequestExtension := omit }, signature_ := { ecdsaNistP256Signature := { rSig := { x_only := 'BB6FEA25DF074C2DB2D36BCBBEBA665236668B645EFBB1BDF425569F7BF3A147'O }, sSig := '15EDAAD8E4B38C1D82368E435C861A48F146E3871CD804A56B0FF4E226D213FC'O } } } } }, signature_ := { ecdsaNistP256Signature := { rSig := { x_only := '0D0E923B8DAEF78588E346115FDCDE188C0A56165BBB5408C31B06F025BAA581'O }, sSig := 'C02D646FA3AA239D88403EEB55F8171333802D0F3C1BB14923FCEEC44B9EB24E'O } } } } } } }, macDestinationAddress := 'FFFFFFFFFFFF'O, ssp := omit, its_aid := 141 } id 1
15:59:47.841031 Receive operation on port geoNetworkingPort succeeded, message from system(): @LibItsGeoNetworking_TypesAndValues.GeoNetworkingInd : { msgIn := { basicHeader := { version := 1, nextHeader := e_securedPacket (2), reserved := 0, lifeTime := { multiplier := 6, ltBase := e_10s (2) }, routerHopLimit := 1 }, gnPacket := { packet := { commonHeader := { nextHeader := e_any (0), reserved := 0, headerTST := { beaconHdr := { headerType := e_beacon (1), headerSubType := 0 } }, trafficClass := { scf := e_scfDisabled (0), channelOffload := e_choffDisabled (0), tcId := 0 }, flags := '10000000'B, plLength := 0, maxHopLimit := 1, reserved2 := 0 }, extendedHeader := { beaconHeader := { srcPosVector := { gnAddr := { typeOfAddress := e_initial (0), stationType := e_unknown (0), reserved := 0, mid := '020000000001'O }, timestamp_ := 3514621602, latitude := 520000000, longitude := 130000000, pai := '0'B, speed := 0, heading := 0 } } }, payload := omit }, securedMsg := { protocolVersion := 3, content := { signedData := { hashId := sha256 (0), tbsData := { payload := { data := { protocolVersion := 3, content := { unsecuredData := '00100080000001000000020000000001D17CDEA21EFE920007BFA48000000000'O } }, extDataHash := omit, omitted := omit }, headerInfo := { psid := 141, generationTime := 716479192838878, expiryTime := omit, generationLocation := omit, p2pcdLearningRequest := omit, missingCrlIdentifier := omit, encryptionKey := omit, inlineP2pcdRequest := omit, requestedCertificate := omit, pduFunctionalType := omit, contributedExtensions := omit } }, signer := { certificate := { { version := 3, type_ := explicit (0), issuer := { sha256AndDigest := '87E5D18581E8DBD7'O }, toBeSigned := { id := { none_ := NULL }, cracaId := '000000'O, crlSeries := 0, validityPeriod := { start_ := 716478811, duration := { hours := 24 } }, region := omit, assuranceLevel := omit, appPermissions := { { psid := 36, ssp := { bitmapSsp := '01FFFC'O } }, { psid := 37, ssp := { bitmapSsp := '01FFFFFF'O } }, { psid := 141, ssp := omit }, { psid := 638, ssp := { bitmapSsp := '01'O } } }, certIssuePermissions := omit, certRequestPermissions := omit, canRequestRollover := omit, encryptionKey := omit, verifyKeyIndicator := { verificationKey := { ecdsaNistP256 := { compressed_y_0 := 'F5FC0A86649CFBEBB4EB74B606659D3EFEA74852C742F53FA32B136F29D7EE9A'O } } }, flags := omit, appExtensions := omit, certIssueExtensions := omit, certRequestExtension := omit }, signature_ := { ecdsaNistP256Signature := { rSig := { x_only := 'BB6FEA25DF074C2DB2D36BCBBEBA665236668B645EFBB1BDF425569F7BF3A147'O }, sSig := '15EDAAD8E4B38C1D82368E435C861A48F146E3871CD804A56B0FF4E226D213FC'O } } } } }, signature_ := { ecdsaNistP256Signature := { rSig := { x_only := '0D0E923B8DAEF78588E346115FDCDE188C0A56165BBB5408C31B06F025BAA581'O }, sSig := 'C02D646FA3AA239D88403EEB55F8171333802D0F3C1BB14923FCEEC44B9EB24E'O } } } } } } }, macDestinationAddress := 'FFFFFFFFFFFF'O, ssp := omit, its_aid := 141 } id 1
15:59:47.841052 Message with id 1 was extracted from the queue of geoNetworkingPort.
15:59:47.841072 Stop timer tc_ac: 30 s
15:59:47.841083 *** TC_SEC_ITSS_SND_GENMSG_04_BV: PASS: Correct secured packet received, containing digest ***
15:59:47.841089 setverdict(pass): none -> pass
15:59:47.841139 **** f_selfSync: Successfully passed TEST BODY synchronization point. ****
15:59:47.841153 Sent on acPort to system @LibItsGeoNetworking_TypesAndValues.AcGnPrimitive : { stopPassBeaconing := { } }
15:59:47.841166 Sent on acPort to system @LibItsGeoNetworking_TypesAndValues.AcGnPrimitive : { stopBeaconing := { } }
15:59:47.841171 Default with id 4 (altstep a_neighbourDefault) was deactivated.
15:59:47.841185 Sent on acPort to system @LibItsCommon_TypesAndValues.AcSecPrimitive : { acDisableSecurity := { disable := true } }
15:59:47.841190 Message enqueued on acPort from system @LibItsCommon_TypesAndValues.AdapterControlResults : { acSecResponse := true } id 2
15:59:47.841195 Start timer tc_ac: 30 s
15:59:47.841204 Receive operation on port acPort succeeded, message from system(): @LibItsCommon_TypesAndValues.AdapterControlResults : { acSecResponse := true } id 2
15:59:47.841209 Message with id 2 was extracted from the queue of acPort.
15:59:47.841212 Stop timer tc_ac: 30 s
15:59:47.841217 Unmapping port mtc:acPort from system:acPort.
15:59:47.841321 Port acPort was unmapped from system:acPort.
15:59:47.841412 Unmap operation of mtc:acPort from system:acPort finished.
15:59:47.841424 Unmapping port mtc:utPort from system:utPort.
15:59:47.841482 Port utPort was unmapped from system:utPort.
15:59:47.841540 Unmap operation of mtc:utPort from system:utPort finished.
15:59:47.841546 Unmapping port mtc:geoNetworkingPort from system:geoNetworkingPort.
15:59:47.841635 Port geoNetworkingPort was unmapped from system:geoNetworkingPort.
15:59:47.841762 Unmap operation of mtc:geoNetworkingPort from system:geoNetworkingPort finished.
15:59:47.841785 Disconnecting ports mtc:syncSendPort and mtc:syncPort.
15:59:47.841897 Port syncSendPort has terminated the connection with local port syncPort.
15:59:47.841919 Port syncPort has terminated the connection with local port syncSendPort.
15:59:47.842024 Disconnect operation on mtc:syncSendPort and mtc:syncPort finished.
15:59:47.842034 Terminating component type LibItsGeoNetworking_TestSystem.ItsGeoNetworking.
15:59:47.842039 Default with id 1 (altstep a_cf01Down) was deactivated.
15:59:47.842043 Default with id 2 (altstep a_default) was deactivated.
15:59:47.842046 Default with id 3 (altstep a_utDefault) was deactivated.
15:59:47.842049 Port syncSendPort was stopped.
15:59:47.842054 Port syncPort was stopped.
15:59:47.842057 Port utPort was stopped.
15:59:47.842060 Port acPort was stopped.
15:59:47.842063 Port geoNetworkingPort was stopped.
15:59:47.842065 Component type LibItsGeoNetworking_TestSystem.ItsGeoNetworking was shut down inside testcase TC_SEC_ITSS_SND_GENMSG_04_BV.
15:59:47.842070 Waiting for PTCs to finish.
15:59:47.842169 Setting final verdict of the test case.
15:59:47.842231 Local verdict of MTC: pass
15:59:47.842242 No PTCs were created.
15:59:47.842248 Test case TC_SEC_ITSS_SND_GENMSG_04_BV finished. Verdict: pass
15:59:47.842346 Executing test case TC_SEC_ITSS_SND_GENMSG_05_BV in module ItsSecurity_TestCases.
15:59:47.842382 Test case TC_SEC_ITSS_SND_GENMSG_05_BV started.
15:59:47.842391 Initializing variables, timers and ports of component type LibItsGeoNetworking_TestSystem.ItsGeoNetworking inside testcase TC_SEC_ITSS_SND_GENMSG_05_BV.
15:59:47.842449 Port syncSendPort was started.
15:59:47.842456 Port syncPort was started.
15:59:47.842460 Port utPort was started.
15:59:47.842463 Port acPort was started.
15:59:47.842466 Port geoNetworkingPort was started.
15:59:47.842470 Component type LibItsGeoNetworking_TestSystem.ItsGeoNetworking was initialized.
15:59:47.842487 Mapping port mtc:acPort to system:acPort.
15:59:47.842637 Port acPort was mapped to system:acPort.
15:59:47.842757 Map operation of mtc:acPort to system:acPort finished.
15:59:47.842786 Mapping port mtc:utPort to system:utPort.
15:59:47.843137 Port utPort was mapped to system:utPort.
15:59:47.843369 Map operation of mtc:utPort to system:utPort finished.
15:59:47.843408 Mapping port mtc:geoNetworkingPort to system:geoNetworkingPort.
15:59:47.843790 security_services_its::setup: Already done
15:59:47.843867 Port geoNetworkingPort was mapped to system:geoNetworkingPort.
15:59:47.843976 Map operation of mtc:geoNetworkingPort to system:geoNetworkingPort finished.
15:59:47.844002 Connecting ports mtc:syncSendPort and mtc:syncPort.
15:59:47.844157 Port syncPort has established the connection with local port syncSendPort.
15:59:47.844177 Port syncSendPort has established the connection with local port syncPort.
15:59:47.844326 Connect operation on mtc:syncSendPort and mtc:syncPort finished.
15:59:47.844354 Altstep a_cf01Down was activated as default, id 1
15:59:47.844371 security_services_its::setup: Already done
15:59:47.844502 Selected issuer: '639472907C14E87E'O
15:59:47.844604 Sent on utPort to system @LibItsGeoNetworking_TypesAndValues.UtGnInitialize : { hashedId8 := 'BA1862D0E89FE341'O }
15:59:47.845468 Message enqueued on utPort from system @LibItsGeoNetworking_TypesAndValues.UtGnResults : { utGnInitializeResult := true } id 1
15:59:47.845488 Start timer tc_wait: 120 s
15:59:47.845503 Receive operation on port utPort succeeded, message from system(): @LibItsGeoNetworking_TypesAndValues.UtGnResults : { utGnInitializeResult := true } id 1
15:59:47.845509 Message with id 1 was extracted from the queue of utPort.
15:59:47.845513 Stop timer tc_wait: 120 s
15:59:47.845517 *** f_utInitializeIut: INFO: IUT initialized ***
15:59:47.845522 Start timer t: 1 s
15:59:48.845530 Timeout t: 1 s
15:59:48.845665 Sent on acPort to system @LibItsGeoNetworking_TypesAndValues.AcGnPrimitive : { getLongPosVector := { gnAddress := { typeOfAddress := e_initial (0), stationType := e_unknown (0), reserved := 0, mid := '020000000001'O } } }
15:59:48.845698 Message enqueued on acPort from system @LibItsGeoNetworking_TypesAndValues.AcGnResponse : { getLongPosVector := { gnAddr := { typeOfAddress := e_initial (0), stationType := e_unknown (0), reserved := 0, mid := '020000000001'O }, timestamp_ := 0, latitude := 520000000, longitude := 130000000, pai := '0'B, speed := 0, heading := 0 } } id 1
15:59:48.845718 Start timer tc_ac: 30 s
15:59:48.845760 Receive operation on port acPort succeeded, message from system(): @LibItsGeoNetworking_TypesAndValues.AcGnResponse : { getLongPosVector := { gnAddr := { typeOfAddress := e_initial (0), stationType := e_unknown (0), reserved := 0, mid := '020000000001'O }, timestamp_ := 0, latitude := 520000000, longitude := 130000000, pai := '0'B, speed := 0, heading := 0 } } id 1
15:59:48.845772 Message with id 1 was extracted from the queue of acPort.
15:59:48.845783 Stop timer tc_ac: 30 s
15:59:48.845896 Altstep a_default was activated as default, id 2
15:59:48.845907 Altstep a_utDefault was activated as default, id 3
15:59:48.845914 Altstep a_neighbourDefault was activated as default, id 4
15:59:48.846117 Sent on acPort to system @LibItsGeoNetworking_TypesAndValues.AcGnPrimitive : { startBeaconing := { beaconPacket := { basicHeader := { version := 1, nextHeader := e_commonHeader (1), reserved := 0, lifeTime := { multiplier := 10, ltBase := e_100s (3) }, routerHopLimit := 1 }, gnPacket := { packet := { commonHeader := { nextHeader := e_any (0), reserved := 0, headerTST := { beaconHdr := { headerType := e_beacon (1), headerSubType := 0 } }, trafficClass := { scf := e_scfEnabled (1), channelOffload := e_choffDisabled (0), tcId := 0 }, flags := '00000000'B, plLength := 0, maxHopLimit := 1, reserved2 := 0 }, extendedHeader := { beaconHeader := { srcPosVector := { gnAddr := { typeOfAddress := e_manual (1), stationType := e_passengerCar (5), reserved := 0, mid := '00000000000B'O }, timestamp_ := 3514616709, latitude := 520020000, longitude := 130000000, pai := '1'B, speed := 0, heading := 0 } } }, payload := omit }, securedMsg := omit } } } }
15:59:48.846519 Start timer t: 1 s
15:59:49.846540 Timeout t: 1 s
15:59:49.846590 Start timer t: 0.5 s
15:59:50.346603 Timeout t: 0.5 s
15:59:50.346796 Sent on acPort to system @LibItsGeoNetworking_TypesAndValues.AcGnPrimitive : { startPassBeaconing := { beaconHeader := { srcPosVector := { gnAddr := { typeOfAddress := e_initial (0), stationType := e_unknown (0), reserved := 0, mid := '020000000001'O }, timestamp_ := 0, latitude := 520000000, longitude := 130000000, pai := '0'B, speed := 0, heading := 0 } } } }
15:59:51.645798 security_services_its::process_ieee_1609_dot2_signed_data: generation time check 716479196643995 / 716479191645797, delta = 4998198.000000, comp = 0
15:59:51.647589 Message enqueued on geoNetworkingPort from system @LibItsGeoNetworking_TypesAndValues.GeoNetworkingInd : { msgIn := { basicHeader := { version := 1, nextHeader := e_securedPacket (2), reserved := 0, lifeTime := { multiplier := 6, ltBase := e_10s (2) }, routerHopLimit := 1 }, gnPacket := { packet := { commonHeader := { nextHeader := e_any (0), reserved := 0, headerTST := { beaconHdr := { headerType := e_beacon (1), headerSubType := 0 } }, trafficClass := { scf := e_scfDisabled (0), channelOffload := e_choffDisabled (0), tcId := 0 }, flags := '10000000'B, plLength := 0, maxHopLimit := 1, reserved2 := 0 }, extendedHeader := { beaconHeader := { srcPosVector := { gnAddr := { typeOfAddress := e_initial (0), stationType := e_unknown (0), reserved := 0, mid := '020000000001'O }, timestamp_ := 3514625408, latitude := 520000000, longitude := 130000000, pai := '0'B, speed := 0, heading := 0 } } }, payload := omit }, securedMsg := { protocolVersion := 3, content := { signedData := { hashId := sha256 (0), tbsData := { payload := { data := { protocolVersion := 3, content := { unsecuredData := '00100080000001000000020000000001D17CED801EFE920007BFA48000000000'O } }, extDataHash := omit, omitted := omit }, headerInfo := { psid := 141, generationTime := 716479196643995, expiryTime := omit, generationLocation := omit, p2pcdLearningRequest := omit, missingCrlIdentifier := omit, encryptionKey := omit, inlineP2pcdRequest := omit, requestedCertificate := omit, pduFunctionalType := omit, contributedExtensions := omit } }, signer := { certificate := { { version := 3, type_ := explicit (0), issuer := { sha256AndDigest := '87E5D18581E8DBD7'O }, toBeSigned := { id := { none_ := NULL }, cracaId := '000000'O, crlSeries := 0, validityPeriod := { start_ := 716478811, duration := { hours := 24 } }, region := omit, assuranceLevel := omit, appPermissions := { { psid := 36, ssp := { bitmapSsp := '01FFFC'O } }, { psid := 37, ssp := { bitmapSsp := '01FFFFFF'O } }, { psid := 141, ssp := omit }, { psid := 638, ssp := { bitmapSsp := '01'O } } }, certIssuePermissions := omit, certRequestPermissions := omit, canRequestRollover := omit, encryptionKey := omit, verifyKeyIndicator := { verificationKey := { ecdsaNistP256 := { compressed_y_0 := 'F5FC0A86649CFBEBB4EB74B606659D3EFEA74852C742F53FA32B136F29D7EE9A'O } } }, flags := omit, appExtensions := omit, certIssueExtensions := omit, certRequestExtension := omit }, signature_ := { ecdsaNistP256Signature := { rSig := { x_only := 'BB6FEA25DF074C2DB2D36BCBBEBA665236668B645EFBB1BDF425569F7BF3A147'O }, sSig := '15EDAAD8E4B38C1D82368E435C861A48F146E3871CD804A56B0FF4E226D213FC'O } } } } }, signature_ := { ecdsaNistP256Signature := { rSig := { x_only := '2AA30437CE9419803A7B2BB93DE7EE26F143FB414496FEC3A00E04CC74B2E8AC'O }, sSig := '13420D5A28F899B71FFAE98FB86D37328C18A30866305582B3CE0A9760F717EB'O } } } } } } }, macDestinationAddress := 'FFFFFFFFFFFF'O, ssp := omit, its_aid := 141 } id 1
15:59:51.647887 Receive operation on port geoNetworkingPort succeeded, message from system(): @LibItsGeoNetworking_TypesAndValues.GeoNetworkingInd : { msgIn := { basicHeader := { version := 1, nextHeader := e_securedPacket (2), reserved := 0, lifeTime := { multiplier := 6, ltBase := e_10s (2) }, routerHopLimit := 1 }, gnPacket := { packet := { commonHeader := { nextHeader := e_any (0), reserved := 0, headerTST := { beaconHdr := { headerType := e_beacon (1), headerSubType := 0 } }, trafficClass := { scf := e_scfDisabled (0), channelOffload := e_choffDisabled (0), tcId := 0 }, flags := '10000000'B, plLength := 0, maxHopLimit := 1, reserved2 := 0 }, extendedHeader := { beaconHeader := { srcPosVector := { gnAddr := { typeOfAddress := e_initial (0), stationType := e_unknown (0), reserved := 0, mid := '020000000001'O }, timestamp_ := 3514625408, latitude := 520000000, longitude := 130000000, pai := '0'B, speed := 0, heading := 0 } } }, payload := omit }, securedMsg := { protocolVersion := 3, content := { signedData := { hashId := sha256 (0), tbsData := { payload := { data := { protocolVersion := 3, content := { unsecuredData := '00100080000001000000020000000001D17CED801EFE920007BFA48000000000'O } }, extDataHash := omit, omitted := omit }, headerInfo := { psid := 141, generationTime := 716479196643995, expiryTime := omit, generationLocation := omit, p2pcdLearningRequest := omit, missingCrlIdentifier := omit, encryptionKey := omit, inlineP2pcdRequest := omit, requestedCertificate := omit, pduFunctionalType := omit, contributedExtensions := omit } }, signer := { certificate := { { version := 3, type_ := explicit (0), issuer := { sha256AndDigest := '87E5D18581E8DBD7'O }, toBeSigned := { id := { none_ := NULL }, cracaId := '000000'O, crlSeries := 0, validityPeriod := { start_ := 716478811, duration := { hours := 24 } }, region := omit, assuranceLevel := omit, appPermissions := { { psid := 36, ssp := { bitmapSsp := '01FFFC'O } }, { psid := 37, ssp := { bitmapSsp := '01FFFFFF'O } }, { psid := 141, ssp := omit }, { psid := 638, ssp := { bitmapSsp := '01'O } } }, certIssuePermissions := omit, certRequestPermissions := omit, canRequestRollover := omit, encryptionKey := omit, verifyKeyIndicator := { verificationKey := { ecdsaNistP256 := { compressed_y_0 := 'F5FC0A86649CFBEBB4EB74B606659D3EFEA74852C742F53FA32B136F29D7EE9A'O } } }, flags := omit, appExtensions := omit, certIssueExtensions := omit, certRequestExtension := omit }, signature_ := { ecdsaNistP256Signature := { rSig := { x_only := 'BB6FEA25DF074C2DB2D36BCBBEBA665236668B645EFBB1BDF425569F7BF3A147'O }, sSig := '15EDAAD8E4B38C1D82368E435C861A48F146E3871CD804A56B0FF4E226D213FC'O } } } } }, signature_ := { ecdsaNistP256Signature := { rSig := { x_only := '2AA30437CE9419803A7B2BB93DE7EE26F143FB414496FEC3A00E04CC74B2E8AC'O }, sSig := '13420D5A28F899B71FFAE98FB86D37328C18A30866305582B3CE0A9760F717EB'O } } } } } } }, macDestinationAddress := 'FFFFFFFFFFFF'O, ssp := omit, its_aid := 141 } id 1
15:59:51.647942 Message with id 1 was extracted from the queue of geoNetworkingPort.
15:59:51.647970 Warning: Stopping inactive timer tc_ac.
15:59:51.648078 *** TC_SEC_ITSS_SND_GENMSG_05_BV: INFO: Initial conditions: First GN message with certificate received ***
15:59:51.648093 **** f_selfSync: Successfully passed PREAMBLE synchronization point. ****
15:59:51.648101 Start timer tc_ac: 30 s
15:59:55.445355 security_services_its::process_ieee_1609_dot2_signed_data: generation time check 716479200444089 / 716479195445354, delta = 4998735.000000, comp = 0
15:59:55.445853 Message enqueued on geoNetworkingPort from system @LibItsGeoNetworking_TypesAndValues.GeoNetworkingInd : { msgIn := { basicHeader := { version := 1, nextHeader := e_securedPacket (2), reserved := 0, lifeTime := { multiplier := 6, ltBase := e_10s (2) }, routerHopLimit := 1 }, gnPacket := { packet := { commonHeader := { nextHeader := e_any (0), reserved := 0, headerTST := { beaconHdr := { headerType := e_beacon (1), headerSubType := 0 } }, trafficClass := { scf := e_scfDisabled (0), channelOffload := e_choffDisabled (0), tcId := 0 }, flags := '10000000'B, plLength := 0, maxHopLimit := 1, reserved2 := 0 }, extendedHeader := { beaconHeader := { srcPosVector := { gnAddr := { typeOfAddress := e_initial (0), stationType := e_unknown (0), reserved := 0, mid := '020000000001'O }, timestamp_ := 3514629208, latitude := 520000000, longitude := 130000000, pai := '0'B, speed := 0, heading := 0 } } }, payload := omit }, securedMsg := { protocolVersion := 3, content := { signedData := { hashId := sha256 (0), tbsData := { payload := { data := { protocolVersion := 3, content := { unsecuredData := '00100080000001000000020000000001D17CFC581EFE920007BFA48000000000'O } }, extDataHash := omit, omitted := omit }, headerInfo := { psid := 141, generationTime := 716479200444089, expiryTime := omit, generationLocation := omit, p2pcdLearningRequest := omit, missingCrlIdentifier := omit, encryptionKey := omit, inlineP2pcdRequest := omit, requestedCertificate := omit, pduFunctionalType := omit, contributedExtensions := omit } }, signer := { certificate := { { version := 3, type_ := explicit (0), issuer := { sha256AndDigest := '87E5D18581E8DBD7'O }, toBeSigned := { id := { none_ := NULL }, cracaId := '000000'O, crlSeries := 0, validityPeriod := { start_ := 716478811, duration := { hours := 24 } }, region := omit, assuranceLevel := omit, appPermissions := { { psid := 36, ssp := { bitmapSsp := '01FFFC'O } }, { psid := 37, ssp := { bitmapSsp := '01FFFFFF'O } }, { psid := 141, ssp := omit }, { psid := 638, ssp := { bitmapSsp := '01'O } } }, certIssuePermissions := omit, certRequestPermissions := omit, canRequestRollover := omit, encryptionKey := omit, verifyKeyIndicator := { verificationKey := { ecdsaNistP256 := { compressed_y_0 := 'F5FC0A86649CFBEBB4EB74B606659D3EFEA74852C742F53FA32B136F29D7EE9A'O } } }, flags := omit, appExtensions := omit, certIssueExtensions := omit, certRequestExtension := omit }, signature_ := { ecdsaNistP256Signature := { rSig := { x_only := 'BB6FEA25DF074C2DB2D36BCBBEBA665236668B645EFBB1BDF425569F7BF3A147'O }, sSig := '15EDAAD8E4B38C1D82368E435C861A48F146E3871CD804A56B0FF4E226D213FC'O } } } } }, signature_ := { ecdsaNistP256Signature := { rSig := { x_only := 'DC065135F3F8D8F8E14503DAEFEC16E40E76BDEE6850DF625AEC12FF6EE338E5'O }, sSig := '8022BDB9110F2048A7A824622F805C5D2C532A0913BC285CC59CAF7A4D29FE3A'O } } } } } } }, macDestinationAddress := 'FFFFFFFFFFFF'O, ssp := omit, its_aid := 141 } id 2
15:59:55.446000 Receive operation on port geoNetworkingPort succeeded, message from system(): @LibItsGeoNetworking_TypesAndValues.GeoNetworkingInd : { msgIn := { basicHeader := { version := 1, nextHeader := e_securedPacket (2), reserved := 0, lifeTime := { multiplier := 6, ltBase := e_10s (2) }, routerHopLimit := 1 }, gnPacket := { packet := { commonHeader := { nextHeader := e_any (0), reserved := 0, headerTST := { beaconHdr := { headerType := e_beacon (1), headerSubType := 0 } }, trafficClass := { scf := e_scfDisabled (0), channelOffload := e_choffDisabled (0), tcId := 0 }, flags := '10000000'B, plLength := 0, maxHopLimit := 1, reserved2 := 0 }, extendedHeader := { beaconHeader := { srcPosVector := { gnAddr := { typeOfAddress := e_initial (0), stationType := e_unknown (0), reserved := 0, mid := '020000000001'O }, timestamp_ := 3514629208, latitude := 520000000, longitude := 130000000, pai := '0'B, speed := 0, heading := 0 } } }, payload := omit }, securedMsg := { protocolVersion := 3, content := { signedData := { hashId := sha256 (0), tbsData := { payload := { data := { protocolVersion := 3, content := { unsecuredData := '00100080000001000000020000000001D17CFC581EFE920007BFA48000000000'O } }, extDataHash := omit, omitted := omit }, headerInfo := { psid := 141, generationTime := 716479200444089, expiryTime := omit, generationLocation := omit, p2pcdLearningRequest := omit, missingCrlIdentifier := omit, encryptionKey := omit, inlineP2pcdRequest := omit, requestedCertificate := omit, pduFunctionalType := omit, contributedExtensions := omit } }, signer := { certificate := { { version := 3, type_ := explicit (0), issuer := { sha256AndDigest := '87E5D18581E8DBD7'O }, toBeSigned := { id := { none_ := NULL }, cracaId := '000000'O, crlSeries := 0, validityPeriod := { start_ := 716478811, duration := { hours := 24 } }, region := omit, assuranceLevel := omit, appPermissions := { { psid := 36, ssp := { bitmapSsp := '01FFFC'O } }, { psid := 37, ssp := { bitmapSsp := '01FFFFFF'O } }, { psid := 141, ssp := omit }, { psid := 638, ssp := { bitmapSsp := '01'O } } }, certIssuePermissions := omit, certRequestPermissions := omit, canRequestRollover := omit, encryptionKey := omit, verifyKeyIndicator := { verificationKey := { ecdsaNistP256 := { compressed_y_0 := 'F5FC0A86649CFBEBB4EB74B606659D3EFEA74852C742F53FA32B136F29D7EE9A'O } } }, flags := omit, appExtensions := omit, certIssueExtensions := omit, certRequestExtension := omit }, signature_ := { ecdsaNistP256Signature := { rSig := { x_only := 'BB6FEA25DF074C2DB2D36BCBBEBA665236668B645EFBB1BDF425569F7BF3A147'O }, sSig := '15EDAAD8E4B38C1D82368E435C861A48F146E3871CD804A56B0FF4E226D213FC'O } } } } }, signature_ := { ecdsaNistP256Signature := { rSig := { x_only := 'DC065135F3F8D8F8E14503DAEFEC16E40E76BDEE6850DF625AEC12FF6EE338E5'O }, sSig := '8022BDB9110F2048A7A824622F805C5D2C532A0913BC285CC59CAF7A4D29FE3A'O } } } } } } }, macDestinationAddress := 'FFFFFFFFFFFF'O, ssp := omit, its_aid := 141 } id 2
15:59:55.446015 Message with id 2 was extracted from the queue of geoNetworkingPort.
15:59:55.446027 Stop timer tc_ac: 30 s
15:59:55.446150 *** f_getCurrentTime: INFO: calling fx_getCurrentTime() ***
15:59:55.446162 v_curTime (us)=716479195446000
15:59:55.446194 *** TC_SEC_ITSS_SND_GENMSG_05_BV: FAIL: GN certificate validity period is not in 5 min range
15:59:55.446200 setverdict(fail): none -> fail
15:59:55.446242 **** f_selfSyncStop: MTC requests to stop test case (itself). ****
15:59:55.446253 Sent on syncSendPort to mtc @LibCommon_Sync.SyncCmd : { serverStop := { } }
15:59:55.446261 Message enqueued on syncPort from mtc @LibCommon_Sync.SyncCmd : { serverStop := { } } id 1
15:59:55.446266 Start timer tc_sync: 120 s
15:59:55.446351 Receive operation on port syncPort succeeded, message from mtc: @LibCommon_Sync.SyncCmd : { serverStop := { } } id 1
15:59:55.446356 Message with id 1 was extracted from the queue of syncPort.
15:59:55.446359 Stop timer tc_sync: 120 s
15:59:55.446366 **** a_shutdown: Test component received STOP signal from MTC **** 
15:59:55.446371 *** a_default: INFO: TEST COMPONENT NOW STOPPING ITSELF! ***
15:59:55.446376 Stopping test component execution.
15:59:55.446697 Test case TC_SEC_ITSS_SND_GENMSG_05_BV was stopped.
15:59:55.446716 Terminating component type LibItsGeoNetworking_TestSystem.ItsGeoNetworking.
15:59:55.446728 Default with id 1 (altstep a_cf01Down) was deactivated.
15:59:55.446737 Default with id 2 (altstep a_default) was deactivated.
15:59:55.446742 Default with id 3 (altstep a_utDefault) was deactivated.
15:59:55.446746 Default with id 4 (altstep a_neighbourDefault) was deactivated.
15:59:55.446751 Removing unterminated connection between port syncSendPort and mtc:syncPort.
15:59:55.446808 Port syncSendPort was stopped.
15:59:55.446820 Removing unterminated connection between port syncPort and mtc:syncSendPort.
15:59:55.446834 Port syncPort was stopped.
15:59:55.446840 Removing unterminated mapping between port utPort and system:utPort.
15:59:55.446848 Port utPort was unmapped from system:utPort.
15:59:55.446859 Port utPort was stopped.
15:59:55.446865 Removing unterminated mapping between port acPort and system:acPort.
15:59:55.446870 Port acPort was unmapped from system:acPort.
15:59:55.446878 Port acPort was stopped.
15:59:55.446883 Removing unterminated mapping between port geoNetworkingPort and system:geoNetworkingPort.
15:59:55.446904 Port geoNetworkingPort was unmapped from system:geoNetworkingPort.
15:59:55.446914 Port geoNetworkingPort was stopped.
15:59:55.446920 Component type LibItsGeoNetworking_TestSystem.ItsGeoNetworking was shut down inside testcase TC_SEC_ITSS_SND_GENMSG_05_BV.
15:59:55.446929 Waiting for PTCs to finish.
15:59:55.447133 Setting final verdict of the test case.
15:59:55.447202 Local verdict of MTC: fail
15:59:55.447220 No PTCs were created.
15:59:55.447230 Test case TC_SEC_ITSS_SND_GENMSG_05_BV finished. Verdict: fail
15:59:55.447439 Executing test case TC_SEC_ITSS_SND_GENMSG_06_BV in module ItsSecurity_TestCases.
15:59:55.447564 Test case TC_SEC_ITSS_SND_GENMSG_06_BV started.
15:59:55.447577 Initializing variables, timers and ports of component type LibItsGeoNetworking_TestSystem.ItsGeoNetworking inside testcase TC_SEC_ITSS_SND_GENMSG_06_BV.
15:59:55.447714 Port syncSendPort was started.
15:59:55.447724 Port syncPort was started.
15:59:55.447729 Port utPort was started.
15:59:55.447734 Port acPort was started.
15:59:55.447739 Port geoNetworkingPort was started.
15:59:55.447743 Component type LibItsGeoNetworking_TestSystem.ItsGeoNetworking was initialized.
15:59:55.447755 Mapping port mtc:acPort to system:acPort.
15:59:55.447968 Port acPort was mapped to system:acPort.
15:59:55.448173 Map operation of mtc:acPort to system:acPort finished.
15:59:55.448195 Mapping port mtc:utPort to system:utPort.
15:59:55.448586 Port utPort was mapped to system:utPort.
15:59:55.448815 Map operation of mtc:utPort to system:utPort finished.
15:59:55.448834 Mapping port mtc:geoNetworkingPort to system:geoNetworkingPort.
15:59:55.449175 security_services_its::setup: Already done
15:59:55.449291 Port geoNetworkingPort was mapped to system:geoNetworkingPort.
15:59:55.449461 Map operation of mtc:geoNetworkingPort to system:geoNetworkingPort finished.
15:59:55.449478 Connecting ports mtc:syncSendPort and mtc:syncPort.
15:59:55.449579 Port syncPort has established the connection with local port syncSendPort.
15:59:55.449590 Port syncSendPort has established the connection with local port syncPort.
15:59:55.449696 Connect operation on mtc:syncSendPort and mtc:syncPort finished.
15:59:55.449735 Altstep a_cf01Down was activated as default, id 1
15:59:55.449759 security_services_its::setup: Already done
15:59:55.449914 Selected issuer: '639472907C14E87E'O
15:59:55.450050 Sent on utPort to system @LibItsGeoNetworking_TypesAndValues.UtGnInitialize : { hashedId8 := 'BA1862D0E89FE341'O }
15:59:55.451276 Message enqueued on utPort from system @LibItsGeoNetworking_TypesAndValues.UtGnResults : { utGnInitializeResult := true } id 1
15:59:55.451302 Start timer tc_wait: 120 s
15:59:55.451326 Receive operation on port utPort succeeded, message from system(): @LibItsGeoNetworking_TypesAndValues.UtGnResults : { utGnInitializeResult := true } id 1
15:59:55.451336 Message with id 1 was extracted from the queue of utPort.
15:59:55.451342 Stop timer tc_wait: 120 s
15:59:55.451348 *** f_utInitializeIut: INFO: IUT initialized ***
15:59:55.451356 Start timer t: 1 s
15:59:56.451366 Timeout t: 1 s
15:59:56.451565 Sent on acPort to system @LibItsGeoNetworking_TypesAndValues.AcGnPrimitive : { getLongPosVector := { gnAddress := { typeOfAddress := e_initial (0), stationType := e_unknown (0), reserved := 0, mid := '020000000001'O } } }
15:59:56.451609 Message enqueued on acPort from system @LibItsGeoNetworking_TypesAndValues.AcGnResponse : { getLongPosVector := { gnAddr := { typeOfAddress := e_initial (0), stationType := e_unknown (0), reserved := 0, mid := '020000000001'O }, timestamp_ := 0, latitude := 520000000, longitude := 130000000, pai := '0'B, speed := 0, heading := 0 } } id 1
15:59:56.451631 Start timer tc_ac: 30 s
15:59:56.451680 Receive operation on port acPort succeeded, message from system(): @LibItsGeoNetworking_TypesAndValues.AcGnResponse : { getLongPosVector := { gnAddr := { typeOfAddress := e_initial (0), stationType := e_unknown (0), reserved := 0, mid := '020000000001'O }, timestamp_ := 0, latitude := 520000000, longitude := 130000000, pai := '0'B, speed := 0, heading := 0 } } id 1
15:59:56.451694 Message with id 1 was extracted from the queue of acPort.
15:59:56.451705 Stop timer tc_ac: 30 s
15:59:56.451835 Altstep a_default was activated as default, id 2
15:59:56.451848 Altstep a_utDefault was activated as default, id 3
15:59:56.451856 Altstep a_neighbourDefault was activated as default, id 4
15:59:56.452095 Sent on acPort to system @LibItsGeoNetworking_TypesAndValues.AcGnPrimitive : { startBeaconing := { beaconPacket := { basicHeader := { version := 1, nextHeader := e_commonHeader (1), reserved := 0, lifeTime := { multiplier := 10, ltBase := e_100s (3) }, routerHopLimit := 1 }, gnPacket := { packet := { commonHeader := { nextHeader := e_any (0), reserved := 0, headerTST := { beaconHdr := { headerType := e_beacon (1), headerSubType := 0 } }, trafficClass := { scf := e_scfEnabled (1), channelOffload := e_choffDisabled (0), tcId := 0 }, flags := '00000000'B, plLength := 0, maxHopLimit := 1, reserved2 := 0 }, extendedHeader := { beaconHeader := { srcPosVector := { gnAddr := { typeOfAddress := e_manual (1), stationType := e_passengerCar (5), reserved := 0, mid := '00000000000B'O }, timestamp_ := 3514624315, latitude := 520020000, longitude := 130000000, pai := '1'B, speed := 0, heading := 0 } } }, payload := omit }, securedMsg := omit } } } }
15:59:56.452479 Start timer t: 1 s
15:59:57.452508 Timeout t: 1 s
15:59:57.452614 Start timer t: 0.5 s
15:59:57.952625 Timeout t: 0.5 s
15:59:57.952752 Sent on acPort to system @LibItsGeoNetworking_TypesAndValues.AcGnPrimitive : { startPassBeaconing := { beaconHeader := { srcPosVector := { gnAddr := { typeOfAddress := e_initial (0), stationType := e_unknown (0), reserved := 0, mid := '020000000001'O }, timestamp_ := 0, latitude := 520000000, longitude := 130000000, pai := '0'B, speed := 0, heading := 0 } } } }
15:59:57.952790 **** f_selfSync: Successfully passed PREAMBLE synchronization point. ****
15:59:57.952798 Start timer tc_ac: 30 s
15:59:59.250492 security_services_its::process_ieee_1609_dot2_signed_data: generation time check 716479204249496 / 716479199250491, delta = 4999005.000000, comp = 0
15:59:59.251062 Message enqueued on geoNetworkingPort from system @LibItsGeoNetworking_TypesAndValues.GeoNetworkingInd : { msgIn := { basicHeader := { version := 1, nextHeader := e_securedPacket (2), reserved := 0, lifeTime := { multiplier := 6, ltBase := e_10s (2) }, routerHopLimit := 1 }, gnPacket := { packet := { commonHeader := { nextHeader := e_any (0), reserved := 0, headerTST := { beaconHdr := { headerType := e_beacon (1), headerSubType := 0 } }, trafficClass := { scf := e_scfDisabled (0), channelOffload := e_choffDisabled (0), tcId := 0 }, flags := '10000000'B, plLength := 0, maxHopLimit := 1, reserved2 := 0 }, extendedHeader := { beaconHeader := { srcPosVector := { gnAddr := { typeOfAddress := e_initial (0), stationType := e_unknown (0), reserved := 0, mid := '020000000001'O }, timestamp_ := 3514633013, latitude := 520000000, longitude := 130000000, pai := '0'B, speed := 0, heading := 0 } } }, payload := omit }, securedMsg := { protocolVersion := 3, content := { signedData := { hashId := sha256 (0), tbsData := { payload := { data := { protocolVersion := 3, content := { unsecuredData := '00100080000001000000020000000001D17D0B351EFE920007BFA48000000000'O } }, extDataHash := omit, omitted := omit }, headerInfo := { psid := 141, generationTime := 716479204249496, expiryTime := omit, generationLocation := omit, p2pcdLearningRequest := omit, missingCrlIdentifier := omit, encryptionKey := omit, inlineP2pcdRequest := omit, requestedCertificate := omit, pduFunctionalType := omit, contributedExtensions := omit } }, signer := { certificate := { { version := 3, type_ := explicit (0), issuer := { sha256AndDigest := '87E5D18581E8DBD7'O }, toBeSigned := { id := { none_ := NULL }, cracaId := '000000'O, crlSeries := 0, validityPeriod := { start_ := 716478811, duration := { hours := 24 } }, region := omit, assuranceLevel := omit, appPermissions := { { psid := 36, ssp := { bitmapSsp := '01FFFC'O } }, { psid := 37, ssp := { bitmapSsp := '01FFFFFF'O } }, { psid := 141, ssp := omit }, { psid := 638, ssp := { bitmapSsp := '01'O } } }, certIssuePermissions := omit, certRequestPermissions := omit, canRequestRollover := omit, encryptionKey := omit, verifyKeyIndicator := { verificationKey := { ecdsaNistP256 := { compressed_y_0 := 'F5FC0A86649CFBEBB4EB74B606659D3EFEA74852C742F53FA32B136F29D7EE9A'O } } }, flags := omit, appExtensions := omit, certIssueExtensions := omit, certRequestExtension := omit }, signature_ := { ecdsaNistP256Signature := { rSig := { x_only := 'BB6FEA25DF074C2DB2D36BCBBEBA665236668B645EFBB1BDF425569F7BF3A147'O }, sSig := '15EDAAD8E4B38C1D82368E435C861A48F146E3871CD804A56B0FF4E226D213FC'O } } } } }, signature_ := { ecdsaNistP256Signature := { rSig := { x_only := '920BAE7CBCA8DAF10CB364486305CC89F8FF0239950748C960E787095696D455'O }, sSig := 'A6118B395F83EA9AA49CFD462C78504CCD8EBB390D347AF0A039D544CDA45FA0'O } } } } } } }, macDestinationAddress := 'FFFFFFFFFFFF'O, ssp := omit, its_aid := 141 } id 1
15:59:59.251188 Receive operation on port geoNetworkingPort succeeded, message from system(): @LibItsGeoNetworking_TypesAndValues.GeoNetworkingInd : { msgIn := { basicHeader := { version := 1, nextHeader := e_securedPacket (2), reserved := 0, lifeTime := { multiplier := 6, ltBase := e_10s (2) }, routerHopLimit := 1 }, gnPacket := { packet := { commonHeader := { nextHeader := e_any (0), reserved := 0, headerTST := { beaconHdr := { headerType := e_beacon (1), headerSubType := 0 } }, trafficClass := { scf := e_scfDisabled (0), channelOffload := e_choffDisabled (0), tcId := 0 }, flags := '10000000'B, plLength := 0, maxHopLimit := 1, reserved2 := 0 }, extendedHeader := { beaconHeader := { srcPosVector := { gnAddr := { typeOfAddress := e_initial (0), stationType := e_unknown (0), reserved := 0, mid := '020000000001'O }, timestamp_ := 3514633013, latitude := 520000000, longitude := 130000000, pai := '0'B, speed := 0, heading := 0 } } }, payload := omit }, securedMsg := { protocolVersion := 3, content := { signedData := { hashId := sha256 (0), tbsData := { payload := { data := { protocolVersion := 3, content := { unsecuredData := '00100080000001000000020000000001D17D0B351EFE920007BFA48000000000'O } }, extDataHash := omit, omitted := omit }, headerInfo := { psid := 141, generationTime := 716479204249496, expiryTime := omit, generationLocation := omit, p2pcdLearningRequest := omit, missingCrlIdentifier := omit, encryptionKey := omit, inlineP2pcdRequest := omit, requestedCertificate := omit, pduFunctionalType := omit, contributedExtensions := omit } }, signer := { certificate := { { version := 3, type_ := explicit (0), issuer := { sha256AndDigest := '87E5D18581E8DBD7'O }, toBeSigned := { id := { none_ := NULL }, cracaId := '000000'O, crlSeries := 0, validityPeriod := { start_ := 716478811, duration := { hours := 24 } }, region := omit, assuranceLevel := omit, appPermissions := { { psid := 36, ssp := { bitmapSsp := '01FFFC'O } }, { psid := 37, ssp := { bitmapSsp := '01FFFFFF'O } }, { psid := 141, ssp := omit }, { psid := 638, ssp := { bitmapSsp := '01'O } } }, certIssuePermissions := omit, certRequestPermissions := omit, canRequestRollover := omit, encryptionKey := omit, verifyKeyIndicator := { verificationKey := { ecdsaNistP256 := { compressed_y_0 := 'F5FC0A86649CFBEBB4EB74B606659D3EFEA74852C742F53FA32B136F29D7EE9A'O } } }, flags := omit, appExtensions := omit, certIssueExtensions := omit, certRequestExtension := omit }, signature_ := { ecdsaNistP256Signature := { rSig := { x_only := 'BB6FEA25DF074C2DB2D36BCBBEBA665236668B645EFBB1BDF425569F7BF3A147'O }, sSig := '15EDAAD8E4B38C1D82368E435C861A48F146E3871CD804A56B0FF4E226D213FC'O } } } } }, signature_ := { ecdsaNistP256Signature := { rSig := { x_only := '920BAE7CBCA8DAF10CB364486305CC89F8FF0239950748C960E787095696D455'O }, sSig := 'A6118B395F83EA9AA49CFD462C78504CCD8EBB390D347AF0A039D544CDA45FA0'O } } } } } } }, macDestinationAddress := 'FFFFFFFFFFFF'O, ssp := omit, its_aid := 141 } id 1
15:59:59.251213 Message with id 1 was extracted from the queue of geoNetworkingPort.
15:59:59.251225 Stop timer tc_ac: 30 s
15:59:59.251235 *** TC_SEC_ITSS_SND_GENMSG_06_BV: PASS: GN received with a well formated payload ***
15:59:59.251241 setverdict(pass): none -> pass
15:59:59.251291 **** f_selfSync: Successfully passed TEST BODY synchronization point. ****
15:59:59.251306 Sent on acPort to system @LibItsGeoNetworking_TypesAndValues.AcGnPrimitive : { stopPassBeaconing := { } }
15:59:59.251314 Sent on acPort to system @LibItsGeoNetworking_TypesAndValues.AcGnPrimitive : { stopBeaconing := { } }
15:59:59.251319 Default with id 4 (altstep a_neighbourDefault) was deactivated.
15:59:59.251337 Sent on acPort to system @LibItsCommon_TypesAndValues.AcSecPrimitive : { acDisableSecurity := { disable := true } }
15:59:59.251343 Message enqueued on acPort from system @LibItsCommon_TypesAndValues.AdapterControlResults : { acSecResponse := true } id 2
15:59:59.251348 Start timer tc_ac: 30 s
15:59:59.251357 Receive operation on port acPort succeeded, message from system(): @LibItsCommon_TypesAndValues.AdapterControlResults : { acSecResponse := true } id 2
15:59:59.251362 Message with id 2 was extracted from the queue of acPort.
15:59:59.251365 Stop timer tc_ac: 30 s
15:59:59.251369 Unmapping port mtc:acPort from system:acPort.
15:59:59.251451 Port acPort was unmapped from system:acPort.
15:59:59.251578 Unmap operation of mtc:acPort from system:acPort finished.
15:59:59.251609 Unmapping port mtc:utPort from system:utPort.
15:59:59.251739 Port utPort was unmapped from system:utPort.
15:59:59.251872 Unmap operation of mtc:utPort from system:utPort finished.
15:59:59.251904 Unmapping port mtc:geoNetworkingPort from system:geoNetworkingPort.
15:59:59.252045 Port geoNetworkingPort was unmapped from system:geoNetworkingPort.
15:59:59.252182 Unmap operation of mtc:geoNetworkingPort from system:geoNetworkingPort finished.
15:59:59.252204 Disconnecting ports mtc:syncSendPort and mtc:syncPort.
15:59:59.252320 Port syncSendPort has terminated the connection with local port syncPort.
15:59:59.252341 Port syncPort has terminated the connection with local port syncSendPort.
15:59:59.252490 Disconnect operation on mtc:syncSendPort and mtc:syncPort finished.
15:59:59.252514 Terminating component type LibItsGeoNetworking_TestSystem.ItsGeoNetworking.
15:59:59.252522 Default with id 1 (altstep a_cf01Down) was deactivated.
15:59:59.252528 Default with id 2 (altstep a_default) was deactivated.
15:59:59.252531 Default with id 3 (altstep a_utDefault) was deactivated.
15:59:59.252534 Port syncSendPort was stopped.
15:59:59.252540 Port syncPort was stopped.
15:59:59.252543 Port utPort was stopped.
15:59:59.252546 Port acPort was stopped.
15:59:59.252549 Port geoNetworkingPort was stopped.
15:59:59.252552 Component type LibItsGeoNetworking_TestSystem.ItsGeoNetworking was shut down inside testcase TC_SEC_ITSS_SND_GENMSG_06_BV.
15:59:59.252557 Waiting for PTCs to finish.
15:59:59.252723 Setting final verdict of the test case.
15:59:59.252785 Local verdict of MTC: pass
15:59:59.252798 No PTCs were created.
15:59:59.252895 Test case TC_SEC_ITSS_SND_GENMSG_06_BV finished. Verdict: pass
15:59:59.253048 Executing test case TC_SEC_ITSS_SND_GENMSG_07_BV in module ItsSecurity_TestCases.
15:59:59.253105 Test case TC_SEC_ITSS_SND_GENMSG_07_BV started.
15:59:59.253112 Initializing variables, timers and ports of component type LibItsGeoNetworking_TestSystem.ItsGeoNetworking inside testcase TC_SEC_ITSS_SND_GENMSG_07_BV.
15:59:59.253171 Port syncSendPort was started.
15:59:59.253177 Port syncPort was started.
15:59:59.253180 Port utPort was started.
15:59:59.253182 Port acPort was started.
15:59:59.253185 Port geoNetworkingPort was started.
15:59:59.253187 Component type LibItsGeoNetworking_TestSystem.ItsGeoNetworking was initialized.
15:59:59.253195 Mapping port mtc:acPort to system:acPort.
15:59:59.253294 Port acPort was mapped to system:acPort.
15:59:59.253383 Map operation of mtc:acPort to system:acPort finished.
15:59:59.253396 Mapping port mtc:utPort to system:utPort.
15:59:59.253623 Port utPort was mapped to system:utPort.
15:59:59.253734 Map operation of mtc:utPort to system:utPort finished.
15:59:59.253744 Mapping port mtc:geoNetworkingPort to system:geoNetworkingPort.
15:59:59.253944 security_services_its::setup: Already done
15:59:59.254021 Port geoNetworkingPort was mapped to system:geoNetworkingPort.
15:59:59.254073 Map operation of mtc:geoNetworkingPort to system:geoNetworkingPort finished.
15:59:59.254085 Connecting ports mtc:syncSendPort and mtc:syncPort.
15:59:59.254147 Port syncPort has established the connection with local port syncSendPort.
15:59:59.254154 Port syncSendPort has established the connection with local port syncPort.
15:59:59.254210 Connect operation on mtc:syncSendPort and mtc:syncPort finished.
15:59:59.254218 Altstep a_cf01Down was activated as default, id 1
15:59:59.254234 security_services_its::setup: Already done
15:59:59.254336 Selected issuer: '639472907C14E87E'O
15:59:59.254433 Sent on utPort to system @LibItsGeoNetworking_TypesAndValues.UtGnInitialize : { hashedId8 := 'BA1862D0E89FE341'O }
15:59:59.255247 Message enqueued on utPort from system @LibItsGeoNetworking_TypesAndValues.UtGnResults : { utGnInitializeResult := true } id 1
15:59:59.255269 Start timer tc_wait: 120 s
15:59:59.255287 Receive operation on port utPort succeeded, message from system(): @LibItsGeoNetworking_TypesAndValues.UtGnResults : { utGnInitializeResult := true } id 1
15:59:59.255294 Message with id 1 was extracted from the queue of utPort.
15:59:59.255297 Stop timer tc_wait: 120 s
15:59:59.255301 *** f_utInitializeIut: INFO: IUT initialized ***
15:59:59.255319 Start timer t: 1 s
16:00:00.255328 Timeout t: 1 s
16:00:00.255476 Sent on acPort to system @LibItsGeoNetworking_TypesAndValues.AcGnPrimitive : { getLongPosVector := { gnAddress := { typeOfAddress := e_initial (0), stationType := e_unknown (0), reserved := 0, mid := '020000000001'O } } }
16:00:00.255498 Message enqueued on acPort from system @LibItsGeoNetworking_TypesAndValues.AcGnResponse : { getLongPosVector := { gnAddr := { typeOfAddress := e_initial (0), stationType := e_unknown (0), reserved := 0, mid := '020000000001'O }, timestamp_ := 0, latitude := 520000000, longitude := 130000000, pai := '0'B, speed := 0, heading := 0 } } id 1
16:00:00.255511 Start timer tc_ac: 30 s
16:00:00.255538 Receive operation on port acPort succeeded, message from system(): @LibItsGeoNetworking_TypesAndValues.AcGnResponse : { getLongPosVector := { gnAddr := { typeOfAddress := e_initial (0), stationType := e_unknown (0), reserved := 0, mid := '020000000001'O }, timestamp_ := 0, latitude := 520000000, longitude := 130000000, pai := '0'B, speed := 0, heading := 0 } } id 1
16:00:00.255544 Message with id 1 was extracted from the queue of acPort.
16:00:00.255550 Stop timer tc_ac: 30 s
16:00:00.255643 Altstep a_default was activated as default, id 2
16:00:00.255651 Altstep a_utDefault was activated as default, id 3
16:00:00.255654 Altstep a_neighbourDefault was activated as default, id 4
16:00:00.255771 Sent on acPort to system @LibItsGeoNetworking_TypesAndValues.AcGnPrimitive : { startBeaconing := { beaconPacket := { basicHeader := { version := 1, nextHeader := e_commonHeader (1), reserved := 0, lifeTime := { multiplier := 10, ltBase := e_100s (3) }, routerHopLimit := 1 }, gnPacket := { packet := { commonHeader := { nextHeader := e_any (0), reserved := 0, headerTST := { beaconHdr := { headerType := e_beacon (1), headerSubType := 0 } }, trafficClass := { scf := e_scfEnabled (1), channelOffload := e_choffDisabled (0), tcId := 0 }, flags := '00000000'B, plLength := 0, maxHopLimit := 1, reserved2 := 0 }, extendedHeader := { beaconHeader := { srcPosVector := { gnAddr := { typeOfAddress := e_manual (1), stationType := e_passengerCar (5), reserved := 0, mid := '00000000000B'O }, timestamp_ := 3514628119, latitude := 520020000, longitude := 130000000, pai := '1'B, speed := 0, heading := 0 } } }, payload := omit }, securedMsg := omit } } } }
16:00:00.256056 Start timer t: 1 s
16:00:01.256086 Timeout t: 1 s
16:00:01.256150 Start timer t: 0.5 s
16:00:01.756161 Timeout t: 0.5 s
16:00:01.756304 Sent on acPort to system @LibItsGeoNetworking_TypesAndValues.AcGnPrimitive : { startPassBeaconing := { beaconHeader := { srcPosVector := { gnAddr := { typeOfAddress := e_initial (0), stationType := e_unknown (0), reserved := 0, mid := '020000000001'O }, timestamp_ := 0, latitude := 520000000, longitude := 130000000, pai := '0'B, speed := 0, heading := 0 } } } }
16:00:01.756327 **** f_selfSync: Successfully passed PREAMBLE synchronization point. ****
16:00:01.756334 Start timer tc_ac: 30 s
16:00:02.955289 security_services_its::process_ieee_1609_dot2_signed_data: generation time check 716479207954160 / 716479202955289, delta = 4998871.000000, comp = 0
16:00:02.955957 Message enqueued on geoNetworkingPort from system @LibItsGeoNetworking_TypesAndValues.GeoNetworkingInd : { msgIn := { basicHeader := { version := 1, nextHeader := e_securedPacket (2), reserved := 0, lifeTime := { multiplier := 6, ltBase := e_10s (2) }, routerHopLimit := 1 }, gnPacket := { packet := { commonHeader := { nextHeader := e_any (0), reserved := 0, headerTST := { beaconHdr := { headerType := e_beacon (1), headerSubType := 0 } }, trafficClass := { scf := e_scfDisabled (0), channelOffload := e_choffDisabled (0), tcId := 0 }, flags := '10000000'B, plLength := 0, maxHopLimit := 1, reserved2 := 0 }, extendedHeader := { beaconHeader := { srcPosVector := { gnAddr := { typeOfAddress := e_initial (0), stationType := e_unknown (0), reserved := 0, mid := '020000000001'O }, timestamp_ := 3514636718, latitude := 520000000, longitude := 130000000, pai := '0'B, speed := 0, heading := 0 } } }, payload := omit }, securedMsg := { protocolVersion := 3, content := { signedData := { hashId := sha256 (0), tbsData := { payload := { data := { protocolVersion := 3, content := { unsecuredData := '00100080000001000000020000000001D17D19AE1EFE920007BFA48000000000'O } }, extDataHash := omit, omitted := omit }, headerInfo := { psid := 141, generationTime := 716479207954160, expiryTime := omit, generationLocation := omit, p2pcdLearningRequest := omit, missingCrlIdentifier := omit, encryptionKey := omit, inlineP2pcdRequest := omit, requestedCertificate := omit, pduFunctionalType := omit, contributedExtensions := omit } }, signer := { certificate := { { version := 3, type_ := explicit (0), issuer := { sha256AndDigest := '87E5D18581E8DBD7'O }, toBeSigned := { id := { none_ := NULL }, cracaId := '000000'O, crlSeries := 0, validityPeriod := { start_ := 716478811, duration := { hours := 24 } }, region := omit, assuranceLevel := omit, appPermissions := { { psid := 36, ssp := { bitmapSsp := '01FFFC'O } }, { psid := 37, ssp := { bitmapSsp := '01FFFFFF'O } }, { psid := 141, ssp := omit }, { psid := 638, ssp := { bitmapSsp := '01'O } } }, certIssuePermissions := omit, certRequestPermissions := omit, canRequestRollover := omit, encryptionKey := omit, verifyKeyIndicator := { verificationKey := { ecdsaNistP256 := { compressed_y_0 := 'F5FC0A86649CFBEBB4EB74B606659D3EFEA74852C742F53FA32B136F29D7EE9A'O } } }, flags := omit, appExtensions := omit, certIssueExtensions := omit, certRequestExtension := omit }, signature_ := { ecdsaNistP256Signature := { rSig := { x_only := 'BB6FEA25DF074C2DB2D36BCBBEBA665236668B645EFBB1BDF425569F7BF3A147'O }, sSig := '15EDAAD8E4B38C1D82368E435C861A48F146E3871CD804A56B0FF4E226D213FC'O } } } } }, signature_ := { ecdsaNistP256Signature := { rSig := { x_only := '3565DB63BEE3B3409E755928AF5E9AB40461FDC55286F9B542FA8C65A8AA184A'O }, sSig := '47B38A0BC5DB76E0A9A0ABFC0BA8DE5C2504E7CE06EFD4BF6CAFB017FD4DBA8B'O } } } } } } }, macDestinationAddress := 'FFFFFFFFFFFF'O, ssp := omit, its_aid := 141 } id 1
16:00:02.956734 Receive operation on port geoNetworkingPort succeeded, message from system(): @LibItsGeoNetworking_TypesAndValues.GeoNetworkingInd : { msgIn := { basicHeader := { version := 1, nextHeader := e_securedPacket (2), reserved := 0, lifeTime := { multiplier := 6, ltBase := e_10s (2) }, routerHopLimit := 1 }, gnPacket := { packet := { commonHeader := { nextHeader := e_any (0), reserved := 0, headerTST := { beaconHdr := { headerType := e_beacon (1), headerSubType := 0 } }, trafficClass := { scf := e_scfDisabled (0), channelOffload := e_choffDisabled (0), tcId := 0 }, flags := '10000000'B, plLength := 0, maxHopLimit := 1, reserved2 := 0 }, extendedHeader := { beaconHeader := { srcPosVector := { gnAddr := { typeOfAddress := e_initial (0), stationType := e_unknown (0), reserved := 0, mid := '020000000001'O }, timestamp_ := 3514636718, latitude := 520000000, longitude := 130000000, pai := '0'B, speed := 0, heading := 0 } } }, payload := omit }, securedMsg := { protocolVersion := 3, content := { signedData := { hashId := sha256 (0), tbsData := { payload := { data := { protocolVersion := 3, content := { unsecuredData := '00100080000001000000020000000001D17D19AE1EFE920007BFA48000000000'O } }, extDataHash := omit, omitted := omit }, headerInfo := { psid := 141, generationTime := 716479207954160, expiryTime := omit, generationLocation := omit, p2pcdLearningRequest := omit, missingCrlIdentifier := omit, encryptionKey := omit, inlineP2pcdRequest := omit, requestedCertificate := omit, pduFunctionalType := omit, contributedExtensions := omit } }, signer := { certificate := { { version := 3, type_ := explicit (0), issuer := { sha256AndDigest := '87E5D18581E8DBD7'O }, toBeSigned := { id := { none_ := NULL }, cracaId := '000000'O, crlSeries := 0, validityPeriod := { start_ := 716478811, duration := { hours := 24 } }, region := omit, assuranceLevel := omit, appPermissions := { { psid := 36, ssp := { bitmapSsp := '01FFFC'O } }, { psid := 37, ssp := { bitmapSsp := '01FFFFFF'O } }, { psid := 141, ssp := omit }, { psid := 638, ssp := { bitmapSsp := '01'O } } }, certIssuePermissions := omit, certRequestPermissions := omit, canRequestRollover := omit, encryptionKey := omit, verifyKeyIndicator := { verificationKey := { ecdsaNistP256 := { compressed_y_0 := 'F5FC0A86649CFBEBB4EB74B606659D3EFEA74852C742F53FA32B136F29D7EE9A'O } } }, flags := omit, appExtensions := omit, certIssueExtensions := omit, certRequestExtension := omit }, signature_ := { ecdsaNistP256Signature := { rSig := { x_only := 'BB6FEA25DF074C2DB2D36BCBBEBA665236668B645EFBB1BDF425569F7BF3A147'O }, sSig := '15EDAAD8E4B38C1D82368E435C861A48F146E3871CD804A56B0FF4E226D213FC'O } } } } }, signature_ := { ecdsaNistP256Signature := { rSig := { x_only := '3565DB63BEE3B3409E755928AF5E9AB40461FDC55286F9B542FA8C65A8AA184A'O }, sSig := '47B38A0BC5DB76E0A9A0ABFC0BA8DE5C2504E7CE06EFD4BF6CAFB017FD4DBA8B'O } } } } } } }, macDestinationAddress := 'FFFFFFFFFFFF'O, ssp := omit, its_aid := 141 } id 1
16:00:02.956786 Message with id 1 was extracted from the queue of geoNetworkingPort.
16:00:02.956798 Stop timer tc_ac: 30 s
16:00:02.956810 *** TC_SEC_ITSS_SND_GENMSG_07_BV: PASS: received with a well formated payload ***
16:00:02.956817 setverdict(pass): none -> pass
16:00:02.956900 **** f_selfSync: Successfully passed TEST BODY synchronization point. ****
16:00:02.956916 Sent on acPort to system @LibItsGeoNetworking_TypesAndValues.AcGnPrimitive : { stopPassBeaconing := { } }
16:00:02.956927 Sent on acPort to system @LibItsGeoNetworking_TypesAndValues.AcGnPrimitive : { stopBeaconing := { } }
16:00:02.956934 Default with id 4 (altstep a_neighbourDefault) was deactivated.
16:00:02.956952 Sent on acPort to system @LibItsCommon_TypesAndValues.AcSecPrimitive : { acDisableSecurity := { disable := true } }
16:00:02.956957 Message enqueued on acPort from system @LibItsCommon_TypesAndValues.AdapterControlResults : { acSecResponse := true } id 2
16:00:02.956963 Start timer tc_ac: 30 s
16:00:02.956974 Receive operation on port acPort succeeded, message from system(): @LibItsCommon_TypesAndValues.AdapterControlResults : { acSecResponse := true } id 2
16:00:02.956979 Message with id 2 was extracted from the queue of acPort.
16:00:02.956982 Stop timer tc_ac: 30 s
16:00:02.956986 Unmapping port mtc:acPort from system:acPort.
16:00:02.957114 Port acPort was unmapped from system:acPort.
16:00:02.957257 Unmap operation of mtc:acPort from system:acPort finished.
16:00:02.957282 Unmapping port mtc:utPort from system:utPort.
16:00:02.957461 Port utPort was unmapped from system:utPort.
16:00:02.957578 Unmap operation of mtc:utPort from system:utPort finished.
16:00:02.957595 Unmapping port mtc:geoNetworkingPort from system:geoNetworkingPort.
16:00:02.957680 Port geoNetworkingPort was unmapped from system:geoNetworkingPort.
16:00:02.957768 Unmap operation of mtc:geoNetworkingPort from system:geoNetworkingPort finished.
16:00:02.957796 Disconnecting ports mtc:syncSendPort and mtc:syncPort.
16:00:02.957986 Port syncSendPort has terminated the connection with local port syncPort.
16:00:02.958008 Port syncPort has terminated the connection with local port syncSendPort.
16:00:02.958081 Disconnect operation on mtc:syncSendPort and mtc:syncPort finished.
16:00:02.958093 Terminating component type LibItsGeoNetworking_TestSystem.ItsGeoNetworking.
16:00:02.958100 Default with id 1 (altstep a_cf01Down) was deactivated.
16:00:02.958108 Default with id 2 (altstep a_default) was deactivated.
16:00:02.958111 Default with id 3 (altstep a_utDefault) was deactivated.
16:00:02.958115 Port syncSendPort was stopped.
16:00:02.958123 Port syncPort was stopped.
16:00:02.958127 Port utPort was stopped.
16:00:02.958130 Port acPort was stopped.
16:00:02.958133 Port geoNetworkingPort was stopped.
16:00:02.958137 Component type LibItsGeoNetworking_TestSystem.ItsGeoNetworking was shut down inside testcase TC_SEC_ITSS_SND_GENMSG_07_BV.
16:00:02.958143 Waiting for PTCs to finish.
16:00:02.958288 Setting final verdict of the test case.
16:00:02.958378 Local verdict of MTC: pass
16:00:02.958417 No PTCs were created.
16:00:02.958434 Test case TC_SEC_ITSS_SND_GENMSG_07_BV finished. Verdict: pass
16:00:02.958527 Executing test case TC_SEC_ITSS_SND_GENMSG_08_BV in module ItsSecurity_TestCases.
16:00:02.958580 Test case TC_SEC_ITSS_SND_GENMSG_08_BV started.
16:00:02.958587 Initializing variables, timers and ports of component type LibItsGeoNetworking_TestSystem.ItsGeoNetworking inside testcase TC_SEC_ITSS_SND_GENMSG_08_BV.
16:00:02.958653 Port syncSendPort was started.
16:00:02.958658 Port syncPort was started.
16:00:02.958661 Port utPort was started.
16:00:02.959085 Port acPort was started.
16:00:02.959102 Port geoNetworkingPort was started.
16:00:02.959108 Component type LibItsGeoNetworking_TestSystem.ItsGeoNetworking was initialized.
16:00:02.959148 Mapping port mtc:acPort to system:acPort.
16:00:02.959313 Port acPort was mapped to system:acPort.
16:00:02.959500 Map operation of mtc:acPort to system:acPort finished.
16:00:02.959522 Mapping port mtc:utPort to system:utPort.
16:00:02.959838 Port utPort was mapped to system:utPort.
16:00:02.959970 Map operation of mtc:utPort to system:utPort finished.
16:00:02.960019 Mapping port mtc:geoNetworkingPort to system:geoNetworkingPort.
16:00:02.960383 security_services_its::setup: Already done
16:00:02.960465 Port geoNetworkingPort was mapped to system:geoNetworkingPort.
16:00:02.960582 Map operation of mtc:geoNetworkingPort to system:geoNetworkingPort finished.
16:00:02.960608 Connecting ports mtc:syncSendPort and mtc:syncPort.
16:00:02.960703 Port syncPort has established the connection with local port syncSendPort.
16:00:02.960722 Port syncSendPort has established the connection with local port syncPort.
16:00:02.960782 Connect operation on mtc:syncSendPort and mtc:syncPort finished.
16:00:02.960793 Altstep a_cf01Down was activated as default, id 1
16:00:02.960815 security_services_its::setup: Already done
16:00:02.960955 Selected issuer: '639472907C14E87E'O
16:00:02.961078 Sent on utPort to system @LibItsGeoNetworking_TypesAndValues.UtGnInitialize : { hashedId8 := 'BA1862D0E89FE341'O }
16:00:02.961968 Message enqueued on utPort from system @LibItsGeoNetworking_TypesAndValues.UtGnResults : { utGnInitializeResult := true } id 1
16:00:02.961999 Start timer tc_wait: 120 s
16:00:02.962031 Receive operation on port utPort succeeded, message from system(): @LibItsGeoNetworking_TypesAndValues.UtGnResults : { utGnInitializeResult := true } id 1
16:00:02.962038 Message with id 1 was extracted from the queue of utPort.
16:00:02.962042 Stop timer tc_wait: 120 s
16:00:02.962047 *** f_utInitializeIut: INFO: IUT initialized ***
16:00:02.962054 Start timer t: 1 s
16:00:03.962063 Timeout t: 1 s
16:00:03.962246 Sent on acPort to system @LibItsGeoNetworking_TypesAndValues.AcGnPrimitive : { getLongPosVector := { gnAddress := { typeOfAddress := e_initial (0), stationType := e_unknown (0), reserved := 0, mid := '020000000001'O } } }
16:00:03.962279 Message enqueued on acPort from system @LibItsGeoNetworking_TypesAndValues.AcGnResponse : { getLongPosVector := { gnAddr := { typeOfAddress := e_initial (0), stationType := e_unknown (0), reserved := 0, mid := '020000000001'O }, timestamp_ := 0, latitude := 520000000, longitude := 130000000, pai := '0'B, speed := 0, heading := 0 } } id 1
16:00:03.962296 Start timer tc_ac: 30 s
16:00:03.962335 Receive operation on port acPort succeeded, message from system(): @LibItsGeoNetworking_TypesAndValues.AcGnResponse : { getLongPosVector := { gnAddr := { typeOfAddress := e_initial (0), stationType := e_unknown (0), reserved := 0, mid := '020000000001'O }, timestamp_ := 0, latitude := 520000000, longitude := 130000000, pai := '0'B, speed := 0, heading := 0 } } id 1
16:00:03.962346 Message with id 1 was extracted from the queue of acPort.
16:00:03.962354 Stop timer tc_ac: 30 s
16:00:03.962463 Altstep a_default was activated as default, id 2
16:00:03.962475 Altstep a_utDefault was activated as default, id 3
16:00:03.962480 Altstep a_neighbourDefault was activated as default, id 4
16:00:03.962657 Sent on acPort to system @LibItsGeoNetworking_TypesAndValues.AcGnPrimitive : { startBeaconing := { beaconPacket := { basicHeader := { version := 1, nextHeader := e_commonHeader (1), reserved := 0, lifeTime := { multiplier := 10, ltBase := e_100s (3) }, routerHopLimit := 1 }, gnPacket := { packet := { commonHeader := { nextHeader := e_any (0), reserved := 0, headerTST := { beaconHdr := { headerType := e_beacon (1), headerSubType := 0 } }, trafficClass := { scf := e_scfEnabled (1), channelOffload := e_choffDisabled (0), tcId := 0 }, flags := '00000000'B, plLength := 0, maxHopLimit := 1, reserved2 := 0 }, extendedHeader := { beaconHeader := { srcPosVector := { gnAddr := { typeOfAddress := e_manual (1), stationType := e_passengerCar (5), reserved := 0, mid := '00000000000B'O }, timestamp_ := 3514631826, latitude := 520020000, longitude := 130000000, pai := '1'B, speed := 0, heading := 0 } } }, payload := omit }, securedMsg := omit } } } }
16:00:03.963454 Start timer t: 1 s
16:00:04.963550 Timeout t: 1 s
16:00:04.963629 Start timer t: 0.5 s
16:00:05.463640 Timeout t: 0.5 s
16:00:05.463927 Sent on acPort to system @LibItsGeoNetworking_TypesAndValues.AcGnPrimitive : { startPassBeaconing := { beaconHeader := { srcPosVector := { gnAddr := { typeOfAddress := e_initial (0), stationType := e_unknown (0), reserved := 0, mid := '020000000001'O }, timestamp_ := 0, latitude := 520000000, longitude := 130000000, pai := '0'B, speed := 0, heading := 0 } } } }
16:00:05.463954 **** f_selfSync: Successfully passed PREAMBLE synchronization point. ****
16:00:05.463960 Start timer tc_ac: 30 s
16:00:06.761466 security_services_its::process_ieee_1609_dot2_signed_data: generation time check 716479211760606 / 716479206761465, delta = 4999141.000000, comp = 0
16:00:06.761956 Message enqueued on geoNetworkingPort from system @LibItsGeoNetworking_TypesAndValues.GeoNetworkingInd : { msgIn := { basicHeader := { version := 1, nextHeader := e_securedPacket (2), reserved := 0, lifeTime := { multiplier := 6, ltBase := e_10s (2) }, routerHopLimit := 1 }, gnPacket := { packet := { commonHeader := { nextHeader := e_any (0), reserved := 0, headerTST := { beaconHdr := { headerType := e_beacon (1), headerSubType := 0 } }, trafficClass := { scf := e_scfDisabled (0), channelOffload := e_choffDisabled (0), tcId := 0 }, flags := '10000000'B, plLength := 0, maxHopLimit := 1, reserved2 := 0 }, extendedHeader := { beaconHeader := { srcPosVector := { gnAddr := { typeOfAddress := e_initial (0), stationType := e_unknown (0), reserved := 0, mid := '020000000001'O }, timestamp_ := 3514640524, latitude := 520000000, longitude := 130000000, pai := '0'B, speed := 0, heading := 0 } } }, payload := omit }, securedMsg := { protocolVersion := 3, content := { signedData := { hashId := sha256 (0), tbsData := { payload := { data := { protocolVersion := 3, content := { unsecuredData := '00100080000001000000020000000001D17D288C1EFE920007BFA48000000000'O } }, extDataHash := omit, omitted := omit }, headerInfo := { psid := 141, generationTime := 716479211760606, expiryTime := omit, generationLocation := omit, p2pcdLearningRequest := omit, missingCrlIdentifier := omit, encryptionKey := omit, inlineP2pcdRequest := omit, requestedCertificate := omit, pduFunctionalType := omit, contributedExtensions := omit } }, signer := { certificate := { { version := 3, type_ := explicit (0), issuer := { sha256AndDigest := '87E5D18581E8DBD7'O }, toBeSigned := { id := { none_ := NULL }, cracaId := '000000'O, crlSeries := 0, validityPeriod := { start_ := 716478811, duration := { hours := 24 } }, region := omit, assuranceLevel := omit, appPermissions := { { psid := 36, ssp := { bitmapSsp := '01FFFC'O } }, { psid := 37, ssp := { bitmapSsp := '01FFFFFF'O } }, { psid := 141, ssp := omit }, { psid := 638, ssp := { bitmapSsp := '01'O } } }, certIssuePermissions := omit, certRequestPermissions := omit, canRequestRollover := omit, encryptionKey := omit, verifyKeyIndicator := { verificationKey := { ecdsaNistP256 := { compressed_y_0 := 'F5FC0A86649CFBEBB4EB74B606659D3EFEA74852C742F53FA32B136F29D7EE9A'O } } }, flags := omit, appExtensions := omit, certIssueExtensions := omit, certRequestExtension := omit }, signature_ := { ecdsaNistP256Signature := { rSig := { x_only := 'BB6FEA25DF074C2DB2D36BCBBEBA665236668B645EFBB1BDF425569F7BF3A147'O }, sSig := '15EDAAD8E4B38C1D82368E435C861A48F146E3871CD804A56B0FF4E226D213FC'O } } } } }, signature_ := { ecdsaNistP256Signature := { rSig := { x_only := '4D26E3526725D048735F34428E076723AA7E5DAEB10C89C5581D5AEA30B6DBF9'O }, sSig := '821A6CA27CF9F4424001F477FD581037555CB99FBCA91EF5D759BF5D0B2CB508'O } } } } } } }, macDestinationAddress := 'FFFFFFFFFFFF'O, ssp := omit, its_aid := 141 } id 1
16:00:06.762163 Receive operation on port geoNetworkingPort succeeded, message from system(): @LibItsGeoNetworking_TypesAndValues.GeoNetworkingInd : { msgIn := { basicHeader := { version := 1, nextHeader := e_securedPacket (2), reserved := 0, lifeTime := { multiplier := 6, ltBase := e_10s (2) }, routerHopLimit := 1 }, gnPacket := { packet := { commonHeader := { nextHeader := e_any (0), reserved := 0, headerTST := { beaconHdr := { headerType := e_beacon (1), headerSubType := 0 } }, trafficClass := { scf := e_scfDisabled (0), channelOffload := e_choffDisabled (0), tcId := 0 }, flags := '10000000'B, plLength := 0, maxHopLimit := 1, reserved2 := 0 }, extendedHeader := { beaconHeader := { srcPosVector := { gnAddr := { typeOfAddress := e_initial (0), stationType := e_unknown (0), reserved := 0, mid := '020000000001'O }, timestamp_ := 3514640524, latitude := 520000000, longitude := 130000000, pai := '0'B, speed := 0, heading := 0 } } }, payload := omit }, securedMsg := { protocolVersion := 3, content := { signedData := { hashId := sha256 (0), tbsData := { payload := { data := { protocolVersion := 3, content := { unsecuredData := '00100080000001000000020000000001D17D288C1EFE920007BFA48000000000'O } }, extDataHash := omit, omitted := omit }, headerInfo := { psid := 141, generationTime := 716479211760606, expiryTime := omit, generationLocation := omit, p2pcdLearningRequest := omit, missingCrlIdentifier := omit, encryptionKey := omit, inlineP2pcdRequest := omit, requestedCertificate := omit, pduFunctionalType := omit, contributedExtensions := omit } }, signer := { certificate := { { version := 3, type_ := explicit (0), issuer := { sha256AndDigest := '87E5D18581E8DBD7'O }, toBeSigned := { id := { none_ := NULL }, cracaId := '000000'O, crlSeries := 0, validityPeriod := { start_ := 716478811, duration := { hours := 24 } }, region := omit, assuranceLevel := omit, appPermissions := { { psid := 36, ssp := { bitmapSsp := '01FFFC'O } }, { psid := 37, ssp := { bitmapSsp := '01FFFFFF'O } }, { psid := 141, ssp := omit }, { psid := 638, ssp := { bitmapSsp := '01'O } } }, certIssuePermissions := omit, certRequestPermissions := omit, canRequestRollover := omit, encryptionKey := omit, verifyKeyIndicator := { verificationKey := { ecdsaNistP256 := { compressed_y_0 := 'F5FC0A86649CFBEBB4EB74B606659D3EFEA74852C742F53FA32B136F29D7EE9A'O } } }, flags := omit, appExtensions := omit, certIssueExtensions := omit, certRequestExtension := omit }, signature_ := { ecdsaNistP256Signature := { rSig := { x_only := 'BB6FEA25DF074C2DB2D36BCBBEBA665236668B645EFBB1BDF425569F7BF3A147'O }, sSig := '15EDAAD8E4B38C1D82368E435C861A48F146E3871CD804A56B0FF4E226D213FC'O } } } } }, signature_ := { ecdsaNistP256Signature := { rSig := { x_only := '4D26E3526725D048735F34428E076723AA7E5DAEB10C89C5581D5AEA30B6DBF9'O }, sSig := '821A6CA27CF9F4424001F477FD581037555CB99FBCA91EF5D759BF5D0B2CB508'O } } } } } } }, macDestinationAddress := 'FFFFFFFFFFFF'O, ssp := omit, its_aid := 141 } id 1
16:00:06.762177 Message with id 1 was extracted from the queue of geoNetworkingPort.
16:00:06.762196 Stop timer tc_ac: 30 s
16:00:06.762205 *** TC_SEC_ITSS_SND_GENMSG_08_BV: INFO: GN message with certificate received ***
16:00:06.762209 setverdict(pass): none -> pass
16:00:06.762274 **** f_selfSync: Successfully passed TEST BODY synchronization point. ****
16:00:06.762288 Sent on acPort to system @LibItsGeoNetworking_TypesAndValues.AcGnPrimitive : { stopPassBeaconing := { } }
16:00:06.762308 Sent on acPort to system @LibItsGeoNetworking_TypesAndValues.AcGnPrimitive : { stopBeaconing := { } }
16:00:06.762312 Default with id 4 (altstep a_neighbourDefault) was deactivated.
16:00:06.762331 Sent on acPort to system @LibItsCommon_TypesAndValues.AcSecPrimitive : { acDisableSecurity := { disable := true } }
16:00:06.762336 Message enqueued on acPort from system @LibItsCommon_TypesAndValues.AdapterControlResults : { acSecResponse := true } id 2
16:00:06.762341 Start timer tc_ac: 30 s
16:00:06.762349 Receive operation on port acPort succeeded, message from system(): @LibItsCommon_TypesAndValues.AdapterControlResults : { acSecResponse := true } id 2
16:00:06.762352 Message with id 2 was extracted from the queue of acPort.
16:00:06.762355 Stop timer tc_ac: 30 s
16:00:06.762359 Unmapping port mtc:acPort from system:acPort.
16:00:06.762437 Port acPort was unmapped from system:acPort.
16:00:06.762528 Unmap operation of mtc:acPort from system:acPort finished.
16:00:06.762544 Unmapping port mtc:utPort from system:utPort.
16:00:06.762600 Port utPort was unmapped from system:utPort.
16:00:06.762660 Unmap operation of mtc:utPort from system:utPort finished.
16:00:06.762682 Unmapping port mtc:geoNetworkingPort from system:geoNetworkingPort.
16:00:06.762794 Port geoNetworkingPort was unmapped from system:geoNetworkingPort.
16:00:06.762877 Unmap operation of mtc:geoNetworkingPort from system:geoNetworkingPort finished.
16:00:06.762886 Disconnecting ports mtc:syncSendPort and mtc:syncPort.
16:00:06.762946 Port syncSendPort has terminated the connection with local port syncPort.
16:00:06.762952 Port syncPort has terminated the connection with local port syncSendPort.
16:00:06.763009 Disconnect operation on mtc:syncSendPort and mtc:syncPort finished.
16:00:06.763035 Terminating component type LibItsGeoNetworking_TestSystem.ItsGeoNetworking.
16:00:06.763041 Default with id 1 (altstep a_cf01Down) was deactivated.
16:00:06.763045 Default with id 2 (altstep a_default) was deactivated.
16:00:06.763047 Default with id 3 (altstep a_utDefault) was deactivated.
16:00:06.763051 Port syncSendPort was stopped.
16:00:06.763055 Port syncPort was stopped.
16:00:06.763058 Port utPort was stopped.
16:00:06.763060 Port acPort was stopped.
16:00:06.763066 Port geoNetworkingPort was stopped.
16:00:06.763068 Component type LibItsGeoNetworking_TestSystem.ItsGeoNetworking was shut down inside testcase TC_SEC_ITSS_SND_GENMSG_08_BV.
16:00:06.763072 Waiting for PTCs to finish.
16:00:06.763158 Setting final verdict of the test case.
16:00:06.763177 Local verdict of MTC: pass
16:00:06.763185 No PTCs were created.
16:00:06.763190 Test case TC_SEC_ITSS_SND_GENMSG_08_BV finished. Verdict: pass
16:00:06.763667 Verdict statistics: 0 none (0.00 %), 7 pass (87.50 %), 0 inconc (0.00 %), 1 fail (12.50 %), 0 error (0.00 %).
16:00:06.763710 Test execution summary: 8 test cases were executed. Overall verdict: fail
16:00:06.763717 Exit was requested from MC. Terminating MTC.
