05:30:57.091299 TTCN-3 Main Test Component started on framework-dathe. Version: 10.1.2.
05:30:57.091416 TTCN Logger v2.2 options: TimeStampFormat:=Time; LogEntityName:=No; LogEventTypes:=No; SourceInfoFormat:=None; LogSensitiveData:=No; *.FileMask:=LOG_ALL; *.ConsoleMask:=ERROR | EXECUTOR | VERDICTOP | WARNING; LogFileSize:=0; LogFileNumber:=1; DiskFullAction:=Error
05:30:57.091651 Connected to MC.
05:30:57.093084 Executing test case TC_SEC_ITSS_SND_CAM_01_BV in module ItsSecurity_TestCases.
05:30:57.093280 Test case TC_SEC_ITSS_SND_CAM_01_BV started.
05:30:57.093298 Initializing variables, timers and ports of component type LibItsGeoNetworking_TestSystem.ItsGeoNetworking inside testcase TC_SEC_ITSS_SND_CAM_01_BV.
05:30:57.093484 Port syncSendPort was started.
05:30:57.093512 Port syncPort was started.
05:30:57.093519 Port utPort was started.
05:30:57.093523 Port acPort was started.
05:30:57.093526 Port geoNetworkingPort was started.
05:30:57.093528 Component type LibItsGeoNetworking_TestSystem.ItsGeoNetworking was initialized.
05:30:57.093546 Mapping port mtc:acPort to system:acPort.
05:30:57.093663 Port acPort was mapped to system:acPort.
05:30:57.093803 Map operation of mtc:acPort to system:acPort finished.
05:30:57.093816 Mapping port mtc:utPort to system:utPort.
05:30:57.094176 Port utPort was mapped to system:utPort.
05:30:57.094292 Map operation of mtc:utPort to system:utPort finished.
05:30:57.094308 Mapping port mtc:geoNetworkingPort to system:geoNetworkingPort.
05:30:57.095829 Port geoNetworkingPort was mapped to system:geoNetworkingPort.
05:30:57.096180 Map operation of mtc:geoNetworkingPort to system:geoNetworkingPort finished.
05:30:57.096236 Connecting ports mtc:syncSendPort and mtc:syncPort.
05:30:57.096385 Port syncPort has established the connection with local port syncSendPort.
05:30:57.096408 Port syncSendPort has established the connection with local port syncPort.
05:30:57.096529 Connect operation on mtc:syncSendPort and mtc:syncPort finished.
05:30:57.096580 Altstep a_cf01Down was activated as default, id 1
05:30:57.096623 security_services_its::setup: Already done
05:30:57.096835 certificates_loader::load_certificate: Failed to open Private encryption key file
05:30:57.097288 Selected issuer: 'E4B9D11A3802CDD1'O
05:30:57.097401 certificates_loader::load_certificate: Failed to open Private encryption key file
05:30:57.097844 Sent on utPort to system @LibItsGeoNetworking_TypesAndValues.UtGnInitialize : { hashedId8 := '115EA89063B17FFD'O }
05:30:57.102879 Message enqueued on utPort from system @LibItsGeoNetworking_TypesAndValues.UtGnResults : { utGnInitializeResult := true } id 1
05:30:57.102953 Start timer tc_wait: 120 s
05:30:57.102974 Receive operation on port utPort succeeded, message from system(): @LibItsGeoNetworking_TypesAndValues.UtGnResults : { utGnInitializeResult := true } id 1
05:30:57.102982 Message with id 1 was extracted from the queue of utPort.
05:30:57.102986 Stop timer tc_wait: 120 s
05:30:57.102990 *** f_utInitializeIut: INFO: IUT initialized ***
05:30:57.102997 Start timer t: 1 s
05:30:57.197305 security_services_its::process_ieee_1609_dot2_signed_data: generation time check 716441462196026 / 716441457197304, delta = 4998722.000000, comp = 0
05:30:57.197671 certificates_loader::load_certificate: Failed to open Private encryption key file
05:30:57.198181 Message enqueued on geoNetworkingPort from system @LibItsGeoNetworking_TypesAndValues.GeoNetworkingInd : { msgIn := { basicHeader := { version := 1, nextHeader := e_securedPacket (2), reserved := 0, lifeTime := { multiplier := 6, ltBase := e_10s (2) }, routerHopLimit := 1 }, gnPacket := { packet := { commonHeader := { nextHeader := e_btpB (2), reserved := 0, headerTST := { tsbHdr := { headerType := e_topologicallyScopedBroadcast (5), headerSubType := e_singleHop (0) } }, trafficClass := { scf := e_scfDisabled (0), channelOffload := e_choffDisabled (0), tcId := 0 }, flags := '10000000'B, plLength := 30, maxHopLimit := 1, reserved2 := 0 }, extendedHeader := { shbHeader := { srcPosVector := { gnAddr := { typeOfAddress := e_initial (0), stationType := e_unknown (0), reserved := 0, mid := '020000000001'O }, timestamp_ := 3476891060, latitude := 520000000, longitude := 130000000, pai := '0'B, speed := 0, heading := 0 }, reserved := 0 } }, payload := '07D1000002020000002A0000005A946F600E612ED01FFFFFFC23B7743E80'O }, securedMsg := { protocolVersion := 3, content := { signedData := { hashId := sha256 (0), tbsData := { payload := { data := { protocolVersion := 3, content := { unsecuredData := '20500080001E01000000020000000001CF3D25B41EFE920007BFA480000000000000000007D1000002020000002A0000005A946F600E612ED01FFFFFFC23B7743E80'O } }, extDataHash := omit, omitted := omit }, headerInfo := { psid := 36, generationTime := 716441462196026, expiryTime := omit, generationLocation := omit, p2pcdLearningRequest := omit, missingCrlIdentifier := omit, encryptionKey := omit, inlineP2pcdRequest := omit, requestedCertificate := omit, pduFunctionalType := omit, contributedExtensions := omit } }, signer := { certificate := { { version := 3, type_ := explicit (0), issuer := { sha256AndDigest := 'E5FA1B0F67D696EF'O }, toBeSigned := { id := { none_ := NULL }, cracaId := '000000'O, crlSeries := 0, validityPeriod := { start_ := 716440640, duration := { hours := 24 } }, region := omit, assuranceLevel := omit, appPermissions := { { psid := 36, ssp := { bitmapSsp := '01FFFC'O } }, { psid := 37, ssp := { bitmapSsp := '01FFFFFF'O } }, { psid := 141, ssp := omit }, { psid := 638, ssp := { bitmapSsp := '01'O } } }, certIssuePermissions := omit, certRequestPermissions := omit, canRequestRollover := omit, encryptionKey := omit, verifyKeyIndicator := { verificationKey := { ecdsaNistP256 := { compressed_y_0 := 'CE0D44FEB38EEC2A621802DF4AEDC4559C6362B922FC673076329142FB98B9BB'O } } }, flags := omit, appExtensions := omit, certIssueExtensions := omit, certRequestExtension := omit }, signature_ := { ecdsaNistP256Signature := { rSig := { x_only := '9A64157E524E023A54AB06957B37716AA503C45671C74E983FAB3191E9283F26'O }, sSig := 'C4B8A3ECBD3D5484A3AC9E76873F36ADCE244DE0B4DB8FD305B99558F6C94CD5'O } } } } }, signature_ := { ecdsaNistP256Signature := { rSig := { x_only := '379AAA1A6C239D9A7AC11F3D70CFA5DF9B4DA0D4F056F747C37A4A0CFD9D3E7C'O }, sSig := 'CC64E1621CB53451A15C5622B92158734B2EDA549B5CA05659AAD8489A22E1F2'O } } } } } } }, macDestinationAddress := 'FFFFFFFFFFFF'O, ssp := '000000011111111111111100'B, its_aid := 36 } id 1
05:30:58.103055 Timeout t: 1 s
05:30:58.103244 Sent on acPort to system @LibItsGeoNetworking_TypesAndValues.AcGnPrimitive : { getLongPosVector := { gnAddress := { typeOfAddress := e_initial (0), stationType := e_unknown (0), reserved := 0, mid := '020000000001'O } } }
05:30:58.103278 Message enqueued on acPort from system @LibItsGeoNetworking_TypesAndValues.AcGnResponse : { getLongPosVector := { gnAddr := { typeOfAddress := e_initial (0), stationType := e_unknown (0), reserved := 0, mid := '020000000001'O }, timestamp_ := 0, latitude := 520000000, longitude := 130000000, pai := '0'B, speed := 0, heading := 0 } } id 1
05:30:58.103302 Start timer tc_ac: 30 s
05:30:58.103340 Receive operation on port acPort succeeded, message from system(): @LibItsGeoNetworking_TypesAndValues.AcGnResponse : { getLongPosVector := { gnAddr := { typeOfAddress := e_initial (0), stationType := e_unknown (0), reserved := 0, mid := '020000000001'O }, timestamp_ := 0, latitude := 520000000, longitude := 130000000, pai := '0'B, speed := 0, heading := 0 } } id 1
05:30:58.103351 Message with id 1 was extracted from the queue of acPort.
05:30:58.103360 Stop timer tc_ac: 30 s
05:30:58.103581 Altstep a_default was activated as default, id 2
05:30:58.103599 Altstep a_utDefault was activated as default, id 3
05:30:58.103605 Altstep a_neighbourDefault was activated as default, id 4
05:30:58.103803 Sent on acPort to system @LibItsGeoNetworking_TypesAndValues.AcGnPrimitive : { startBeaconing := { beaconPacket := { basicHeader := { version := 1, nextHeader := e_commonHeader (1), reserved := 0, lifeTime := { multiplier := 10, ltBase := e_100s (3) }, routerHopLimit := 1 }, gnPacket := { packet := { commonHeader := { nextHeader := e_any (0), reserved := 0, headerTST := { beaconHdr := { headerType := e_beacon (1), headerSubType := 0 } }, trafficClass := { scf := e_scfEnabled (1), channelOffload := e_choffDisabled (0), tcId := 0 }, flags := '00000000'B, plLength := 0, maxHopLimit := 1, reserved2 := 0 }, extendedHeader := { beaconHeader := { srcPosVector := { gnAddr := { typeOfAddress := e_manual (1), stationType := e_passengerCar (5), reserved := 0, mid := '00000000000B'O }, timestamp_ := 3476885967, latitude := 520020000, longitude := 130000000, pai := '1'B, speed := 0, heading := 0 } } }, payload := omit }, securedMsg := omit } } } }
05:30:58.104260 Start timer t: 1 s
05:30:58.104284 Warning: An [else] branch of an alt construct has been reached. Re-configuring the snapshot manager to call the event handlers even when taking the first snapshot.
05:30:58.297323 security_services_its::process_ieee_1609_dot2_signed_data: generation time check 716441463295843 / 716441458297322, delta = 4998521.000000, comp = 0
05:30:58.298213 Message enqueued on geoNetworkingPort from system @LibItsGeoNetworking_TypesAndValues.GeoNetworkingInd : { msgIn := { basicHeader := { version := 1, nextHeader := e_securedPacket (2), reserved := 0, lifeTime := { multiplier := 6, ltBase := e_10s (2) }, routerHopLimit := 1 }, gnPacket := { packet := { commonHeader := { nextHeader := e_btpB (2), reserved := 0, headerTST := { tsbHdr := { headerType := e_topologicallyScopedBroadcast (5), headerSubType := e_singleHop (0) } }, trafficClass := { scf := e_scfDisabled (0), channelOffload := e_choffDisabled (0), tcId := 0 }, flags := '10000000'B, plLength := 30, maxHopLimit := 1, reserved2 := 0 }, extendedHeader := { shbHeader := { srcPosVector := { gnAddr := { typeOfAddress := e_initial (0), stationType := e_unknown (0), reserved := 0, mid := '020000000001'O }, timestamp_ := 3476892159, latitude := 520000000, longitude := 130000000, pai := '0'B, speed := 0, heading := 0 }, reserved := 0 } }, payload := '07D1000002020000002A0000005A946F600E612ED01FFFFFFC23B7743E80'O }, securedMsg := { protocolVersion := 3, content := { signedData := { hashId := sha256 (0), tbsData := { payload := { data := { protocolVersion := 3, content := { unsecuredData := '20500080001E01000000020000000001CF3D29FF1EFE920007BFA480000000000000000007D1000002020000002A0000005A946F600E612ED01FFFFFFC23B7743E80'O } }, extDataHash := omit, omitted := omit }, headerInfo := { psid := 36, generationTime := 716441463295843, expiryTime := omit, generationLocation := omit, p2pcdLearningRequest := omit, missingCrlIdentifier := omit, encryptionKey := omit, inlineP2pcdRequest := omit, requestedCertificate := omit, pduFunctionalType := omit, contributedExtensions := omit } }, signer := { certificate := { { version := 3, type_ := explicit (0), issuer := { sha256AndDigest := 'E5FA1B0F67D696EF'O }, toBeSigned := { id := { none_ := NULL }, cracaId := '000000'O, crlSeries := 0, validityPeriod := { start_ := 716440640, duration := { hours := 24 } }, region := omit, assuranceLevel := omit, appPermissions := { { psid := 36, ssp := { bitmapSsp := '01FFFC'O } }, { psid := 37, ssp := { bitmapSsp := '01FFFFFF'O } }, { psid := 141, ssp := omit }, { psid := 638, ssp := { bitmapSsp := '01'O } } }, certIssuePermissions := omit, certRequestPermissions := omit, canRequestRollover := omit, encryptionKey := omit, verifyKeyIndicator := { verificationKey := { ecdsaNistP256 := { compressed_y_0 := 'CE0D44FEB38EEC2A621802DF4AEDC4559C6362B922FC673076329142FB98B9BB'O } } }, flags := omit, appExtensions := omit, certIssueExtensions := omit, certRequestExtension := omit }, signature_ := { ecdsaNistP256Signature := { rSig := { x_only := '9A64157E524E023A54AB06957B37716AA503C45671C74E983FAB3191E9283F26'O }, sSig := 'C4B8A3ECBD3D5484A3AC9E76873F36ADCE244DE0B4DB8FD305B99558F6C94CD5'O } } } } }, signature_ := { ecdsaNistP256Signature := { rSig := { x_only := '94A4A7CFE0E8344B7998D1F24BB1CDFB94E0E306B61FD4CEA908C7807CAB3516'O }, sSig := 'C7D9FF74451B9C856960A1D2792029D0FE44496E6E994035E02EB6D1843A2B38'O } } } } } } }, macDestinationAddress := 'FFFFFFFFFFFF'O, ssp := '000000011111111111111100'B, its_aid := 36 } id 2
05:30:59.104288 Timeout t: 1 s
05:30:59.104403 Start timer t: 0.5 s
05:30:59.104785 Receive operation on port geoNetworkingPort succeeded, message from system(): @LibItsGeoNetworking_TypesAndValues.GeoNetworkingInd: { msgIn := { basicHeader := { version := 1, nextHeader := e_securedPacket (2), reserved := 0, lifeTime := { multiplier := 6, ltBase := e_10s (2) }, routerHopLimit := 1 }, gnPacket := { packet := { commonHeader := { nextHeader := e_btpB (2), reserved := 0, headerTST := { tsbHdr := { headerType := e_topologicallyScopedBroadcast (5), headerSubType := e_singleHop (0) } }, trafficClass := { scf := e_scfDisabled (0), channelOffload := e_choffDisabled (0), tcId := 0 }, flags := '10000000'B, plLength := 30, maxHopLimit := 1, reserved2 := 0 }, extendedHeader := { shbHeader := { srcPosVector := { gnAddr := { typeOfAddress := e_initial (0), stationType := e_unknown (0), reserved := 0, mid := '020000000001'O }, timestamp_ := 3476891060, latitude := 520000000, longitude := 130000000, pai := '0'B, speed := 0, heading := 0 }, reserved := 0 } }, payload := '07D1000002020000002A0000005A946F600E612ED01FFFFFFC23B7743E80'O }, securedMsg := { protocolVersion := 3, content := { signedData := { hashId := sha256 (0), tbsData := { payload := { data := { protocolVersion := 3, content := { unsecuredData := '20500080001E01000000020000000001CF3D25B41EFE920007BFA480000000000000000007D1000002020000002A0000005A946F600E612ED01FFFFFFC23B7743E80'O } }, extDataHash := omit, omitted := omit }, headerInfo := { psid := 36, generationTime := 716441462196026, expiryTime := omit, generationLocation := omit, p2pcdLearningRequest := omit, missingCrlIdentifier := omit, encryptionKey := omit, inlineP2pcdRequest := omit, requestedCertificate := omit, pduFunctionalType := omit, contributedExtensions := omit } }, signer := { certificate := { { version := 3, type_ := explicit (0), issuer := { sha256AndDigest := 'E5FA1B0F67D696EF'O }, toBeSigned := { id := { none_ := NULL }, cracaId := '000000'O, crlSeries := 0, validityPeriod := { start_ := 716440640, duration := { hours := 24 } }, region := omit, assuranceLevel := omit, appPermissions := { { psid := 36, ssp := { bitmapSsp := '01FFFC'O } }, { psid := 37, ssp := { bitmapSsp := '01FFFFFF'O } }, { psid := 141, ssp := omit }, { psid := 638, ssp := { bitmapSsp := '01'O } } }, certIssuePermissions := omit, certRequestPermissions := omit, canRequestRollover := omit, encryptionKey := omit, verifyKeyIndicator := { verificationKey := { ecdsaNistP256 := { compressed_y_0 := 'CE0D44FEB38EEC2A621802DF4AEDC4559C6362B922FC673076329142FB98B9BB'O } } }, flags := omit, appExtensions := omit, certIssueExtensions := omit, certRequestExtension := omit }, signature_ := { ecdsaNistP256Signature := { rSig := { x_only := '9A64157E524E023A54AB06957B37716AA503C45671C74E983FAB3191E9283F26'O }, sSig := 'C4B8A3ECBD3D5484A3AC9E76873F36ADCE244DE0B4DB8FD305B99558F6C94CD5'O } } } } }, signature_ := { ecdsaNistP256Signature := { rSig := { x_only := '379AAA1A6C239D9A7AC11F3D70CFA5DF9B4DA0D4F056F747C37A4A0CFD9D3E7C'O }, sSig := 'CC64E1621CB53451A15C5622B92158734B2EDA549B5CA05659AAD8489A22E1F2'O } } } } } } }, macDestinationAddress := 'FFFFFFFFFFFF'O, ssp := '000000011111111111111100'B, its_aid := 36 } id 1
05:30:59.104830 Message with id 1 was extracted from the queue of geoNetworkingPort.
05:30:59.104843 *** a_default: WARNING: Received an unexpected message ***
05:30:59.104851 Default with id 4 (altstep a_neighbourDefault) has reached a break statement. Skipping current alt statement or receiving operation.
05:30:59.105044 Receive operation on port geoNetworkingPort succeeded, message from system(): @LibItsGeoNetworking_TypesAndValues.GeoNetworkingInd: { msgIn := { basicHeader := { version := 1, nextHeader := e_securedPacket (2), reserved := 0, lifeTime := { multiplier := 6, ltBase := e_10s (2) }, routerHopLimit := 1 }, gnPacket := { packet := { commonHeader := { nextHeader := e_btpB (2), reserved := 0, headerTST := { tsbHdr := { headerType := e_topologicallyScopedBroadcast (5), headerSubType := e_singleHop (0) } }, trafficClass := { scf := e_scfDisabled (0), channelOffload := e_choffDisabled (0), tcId := 0 }, flags := '10000000'B, plLength := 30, maxHopLimit := 1, reserved2 := 0 }, extendedHeader := { shbHeader := { srcPosVector := { gnAddr := { typeOfAddress := e_initial (0), stationType := e_unknown (0), reserved := 0, mid := '020000000001'O }, timestamp_ := 3476892159, latitude := 520000000, longitude := 130000000, pai := '0'B, speed := 0, heading := 0 }, reserved := 0 } }, payload := '07D1000002020000002A0000005A946F600E612ED01FFFFFFC23B7743E80'O }, securedMsg := { protocolVersion := 3, content := { signedData := { hashId := sha256 (0), tbsData := { payload := { data := { protocolVersion := 3, content := { unsecuredData := '20500080001E01000000020000000001CF3D29FF1EFE920007BFA480000000000000000007D1000002020000002A0000005A946F600E612ED01FFFFFFC23B7743E80'O } }, extDataHash := omit, omitted := omit }, headerInfo := { psid := 36, generationTime := 716441463295843, expiryTime := omit, generationLocation := omit, p2pcdLearningRequest := omit, missingCrlIdentifier := omit, encryptionKey := omit, inlineP2pcdRequest := omit, requestedCertificate := omit, pduFunctionalType := omit, contributedExtensions := omit } }, signer := { certificate := { { version := 3, type_ := explicit (0), issuer := { sha256AndDigest := 'E5FA1B0F67D696EF'O }, toBeSigned := { id := { none_ := NULL }, cracaId := '000000'O, crlSeries := 0, validityPeriod := { start_ := 716440640, duration := { hours := 24 } }, region := omit, assuranceLevel := omit, appPermissions := { { psid := 36, ssp := { bitmapSsp := '01FFFC'O } }, { psid := 37, ssp := { bitmapSsp := '01FFFFFF'O } }, { psid := 141, ssp := omit }, { psid := 638, ssp := { bitmapSsp := '01'O } } }, certIssuePermissions := omit, certRequestPermissions := omit, canRequestRollover := omit, encryptionKey := omit, verifyKeyIndicator := { verificationKey := { ecdsaNistP256 := { compressed_y_0 := 'CE0D44FEB38EEC2A621802DF4AEDC4559C6362B922FC673076329142FB98B9BB'O } } }, flags := omit, appExtensions := omit, certIssueExtensions := omit, certRequestExtension := omit }, signature_ := { ecdsaNistP256Signature := { rSig := { x_only := '9A64157E524E023A54AB06957B37716AA503C45671C74E983FAB3191E9283F26'O }, sSig := 'C4B8A3ECBD3D5484A3AC9E76873F36ADCE244DE0B4DB8FD305B99558F6C94CD5'O } } } } }, signature_ := { ecdsaNistP256Signature := { rSig := { x_only := '94A4A7CFE0E8344B7998D1F24BB1CDFB94E0E306B61FD4CEA908C7807CAB3516'O }, sSig := 'C7D9FF74451B9C856960A1D2792029D0FE44496E6E994035E02EB6D1843A2B38'O } } } } } } }, macDestinationAddress := 'FFFFFFFFFFFF'O, ssp := '000000011111111111111100'B, its_aid := 36 } id 2
05:30:59.105083 Message with id 2 was extracted from the queue of geoNetworkingPort.
05:30:59.105091 *** a_default: WARNING: Received an unexpected message ***
05:30:59.105097 Default with id 4 (altstep a_neighbourDefault) has reached a break statement. Skipping current alt statement or receiving operation.
05:30:59.297802 security_services_its::process_ieee_1609_dot2_signed_data: generation time check 716441464295993 / 716441459297801, delta = 4998192.000000, comp = 0
05:30:59.298796 Message enqueued on geoNetworkingPort from system @LibItsGeoNetworking_TypesAndValues.GeoNetworkingInd : { msgIn := { basicHeader := { version := 1, nextHeader := e_securedPacket (2), reserved := 0, lifeTime := { multiplier := 6, ltBase := e_10s (2) }, routerHopLimit := 1 }, gnPacket := { packet := { commonHeader := { nextHeader := e_btpB (2), reserved := 0, headerTST := { tsbHdr := { headerType := e_topologicallyScopedBroadcast (5), headerSubType := e_singleHop (0) } }, trafficClass := { scf := e_scfDisabled (0), channelOffload := e_choffDisabled (0), tcId := 0 }, flags := '10000000'B, plLength := 30, maxHopLimit := 1, reserved2 := 0 }, extendedHeader := { shbHeader := { srcPosVector := { gnAddr := { typeOfAddress := e_initial (0), stationType := e_unknown (0), reserved := 0, mid := '020000000001'O }, timestamp_ := 3476893159, latitude := 520000000, longitude := 130000000, pai := '0'B, speed := 0, heading := 0 }, reserved := 0 } }, payload := '07D1000002020000002A0000005A946F600E612ED01FFFFFFC23B7743E80'O }, securedMsg := { protocolVersion := 3, content := { signedData := { hashId := sha256 (0), tbsData := { payload := { data := { protocolVersion := 3, content := { unsecuredData := '20500080001E01000000020000000001CF3D2DE71EFE920007BFA480000000000000000007D1000002020000002A0000005A946F600E612ED01FFFFFFC23B7743E80'O } }, extDataHash := omit, omitted := omit }, headerInfo := { psid := 36, generationTime := 716441464295993, expiryTime := omit, generationLocation := omit, p2pcdLearningRequest := omit, missingCrlIdentifier := omit, encryptionKey := omit, inlineP2pcdRequest := omit, requestedCertificate := omit, pduFunctionalType := omit, contributedExtensions := omit } }, signer := { certificate := { { version := 3, type_ := explicit (0), issuer := { sha256AndDigest := 'E5FA1B0F67D696EF'O }, toBeSigned := { id := { none_ := NULL }, cracaId := '000000'O, crlSeries := 0, validityPeriod := { start_ := 716440640, duration := { hours := 24 } }, region := omit, assuranceLevel := omit, appPermissions := { { psid := 36, ssp := { bitmapSsp := '01FFFC'O } }, { psid := 37, ssp := { bitmapSsp := '01FFFFFF'O } }, { psid := 141, ssp := omit }, { psid := 638, ssp := { bitmapSsp := '01'O } } }, certIssuePermissions := omit, certRequestPermissions := omit, canRequestRollover := omit, encryptionKey := omit, verifyKeyIndicator := { verificationKey := { ecdsaNistP256 := { compressed_y_0 := 'CE0D44FEB38EEC2A621802DF4AEDC4559C6362B922FC673076329142FB98B9BB'O } } }, flags := omit, appExtensions := omit, certIssueExtensions := omit, certRequestExtension := omit }, signature_ := { ecdsaNistP256Signature := { rSig := { x_only := '9A64157E524E023A54AB06957B37716AA503C45671C74E983FAB3191E9283F26'O }, sSig := 'C4B8A3ECBD3D5484A3AC9E76873F36ADCE244DE0B4DB8FD305B99558F6C94CD5'O } } } } }, signature_ := { ecdsaNistP256Signature := { rSig := { x_only := '4128F874D5D1397DDF2E7242B4FB798CECF23CC6FFD0608BA962E9C288506F86'O }, sSig := '6F1967928A485B6A1631A3F25E44ACF1457E3110A8C1794D9917EAF9AF068E80'O } } } } } } }, macDestinationAddress := 'FFFFFFFFFFFF'O, ssp := '000000011111111111111100'B, its_aid := 36 } id 3
05:30:59.299129 Receive operation on port geoNetworkingPort succeeded, message from system(): @LibItsGeoNetworking_TypesAndValues.GeoNetworkingInd: { msgIn := { basicHeader := { version := 1, nextHeader := e_securedPacket (2), reserved := 0, lifeTime := { multiplier := 6, ltBase := e_10s (2) }, routerHopLimit := 1 }, gnPacket := { packet := { commonHeader := { nextHeader := e_btpB (2), reserved := 0, headerTST := { tsbHdr := { headerType := e_topologicallyScopedBroadcast (5), headerSubType := e_singleHop (0) } }, trafficClass := { scf := e_scfDisabled (0), channelOffload := e_choffDisabled (0), tcId := 0 }, flags := '10000000'B, plLength := 30, maxHopLimit := 1, reserved2 := 0 }, extendedHeader := { shbHeader := { srcPosVector := { gnAddr := { typeOfAddress := e_initial (0), stationType := e_unknown (0), reserved := 0, mid := '020000000001'O }, timestamp_ := 3476893159, latitude := 520000000, longitude := 130000000, pai := '0'B, speed := 0, heading := 0 }, reserved := 0 } }, payload := '07D1000002020000002A0000005A946F600E612ED01FFFFFFC23B7743E80'O }, securedMsg := { protocolVersion := 3, content := { signedData := { hashId := sha256 (0), tbsData := { payload := { data := { protocolVersion := 3, content := { unsecuredData := '20500080001E01000000020000000001CF3D2DE71EFE920007BFA480000000000000000007D1000002020000002A0000005A946F600E612ED01FFFFFFC23B7743E80'O } }, extDataHash := omit, omitted := omit }, headerInfo := { psid := 36, generationTime := 716441464295993, expiryTime := omit, generationLocation := omit, p2pcdLearningRequest := omit, missingCrlIdentifier := omit, encryptionKey := omit, inlineP2pcdRequest := omit, requestedCertificate := omit, pduFunctionalType := omit, contributedExtensions := omit } }, signer := { certificate := { { version := 3, type_ := explicit (0), issuer := { sha256AndDigest := 'E5FA1B0F67D696EF'O }, toBeSigned := { id := { none_ := NULL }, cracaId := '000000'O, crlSeries := 0, validityPeriod := { start_ := 716440640, duration := { hours := 24 } }, region := omit, assuranceLevel := omit, appPermissions := { { psid := 36, ssp := { bitmapSsp := '01FFFC'O } }, { psid := 37, ssp := { bitmapSsp := '01FFFFFF'O } }, { psid := 141, ssp := omit }, { psid := 638, ssp := { bitmapSsp := '01'O } } }, certIssuePermissions := omit, certRequestPermissions := omit, canRequestRollover := omit, encryptionKey := omit, verifyKeyIndicator := { verificationKey := { ecdsaNistP256 := { compressed_y_0 := 'CE0D44FEB38EEC2A621802DF4AEDC4559C6362B922FC673076329142FB98B9BB'O } } }, flags := omit, appExtensions := omit, certIssueExtensions := omit, certRequestExtension := omit }, signature_ := { ecdsaNistP256Signature := { rSig := { x_only := '9A64157E524E023A54AB06957B37716AA503C45671C74E983FAB3191E9283F26'O }, sSig := 'C4B8A3ECBD3D5484A3AC9E76873F36ADCE244DE0B4DB8FD305B99558F6C94CD5'O } } } } }, signature_ := { ecdsaNistP256Signature := { rSig := { x_only := '4128F874D5D1397DDF2E7242B4FB798CECF23CC6FFD0608BA962E9C288506F86'O }, sSig := '6F1967928A485B6A1631A3F25E44ACF1457E3110A8C1794D9917EAF9AF068E80'O } } } } } } }, macDestinationAddress := 'FFFFFFFFFFFF'O, ssp := '000000011111111111111100'B, its_aid := 36 } id 3
05:30:59.299211 Message with id 3 was extracted from the queue of geoNetworkingPort.
05:30:59.299222 *** a_default: WARNING: Received an unexpected message ***
05:30:59.299231 Default with id 4 (altstep a_neighbourDefault) has reached a break statement. Skipping current alt statement or receiving operation.
05:30:59.604420 Timeout t: 0.5 s
05:30:59.604529 **** f_selfSync: Successfully passed PREAMBLE synchronization point. ****
05:30:59.604540 Start timer tc_ac: 30 s
05:31:00.397970 security_services_its::process_ieee_1609_dot2_signed_data: generation time check 716441465395945 / 716441460397969, delta = 4997976.000000, comp = 0
05:31:00.399062 Message enqueued on geoNetworkingPort from system @LibItsGeoNetworking_TypesAndValues.GeoNetworkingInd : { msgIn := { basicHeader := { version := 1, nextHeader := e_securedPacket (2), reserved := 0, lifeTime := { multiplier := 6, ltBase := e_10s (2) }, routerHopLimit := 1 }, gnPacket := { packet := { commonHeader := { nextHeader := e_btpB (2), reserved := 0, headerTST := { tsbHdr := { headerType := e_topologicallyScopedBroadcast (5), headerSubType := e_singleHop (0) } }, trafficClass := { scf := e_scfDisabled (0), channelOffload := e_choffDisabled (0), tcId := 0 }, flags := '10000000'B, plLength := 30, maxHopLimit := 1, reserved2 := 0 }, extendedHeader := { shbHeader := { srcPosVector := { gnAddr := { typeOfAddress := e_initial (0), stationType := e_unknown (0), reserved := 0, mid := '020000000001'O }, timestamp_ := 3476894259, latitude := 520000000, longitude := 130000000, pai := '0'B, speed := 0, heading := 0 }, reserved := 0 } }, payload := '07D1000002020000002A0000005A946F600E612ED01FFFFFFC23B7743E80'O }, securedMsg := { protocolVersion := 3, content := { signedData := { hashId := sha256 (0), tbsData := { payload := { data := { protocolVersion := 3, content := { unsecuredData := '20500080001E01000000020000000001CF3D32331EFE920007BFA480000000000000000007D1000002020000002A0000005A946F600E612ED01FFFFFFC23B7743E80'O } }, extDataHash := omit, omitted := omit }, headerInfo := { psid := 36, generationTime := 716441465395945, expiryTime := omit, generationLocation := omit, p2pcdLearningRequest := omit, missingCrlIdentifier := omit, encryptionKey := omit, inlineP2pcdRequest := omit, requestedCertificate := omit, pduFunctionalType := omit, contributedExtensions := omit } }, signer := { certificate := { { version := 3, type_ := explicit (0), issuer := { sha256AndDigest := 'E5FA1B0F67D696EF'O }, toBeSigned := { id := { none_ := NULL }, cracaId := '000000'O, crlSeries := 0, validityPeriod := { start_ := 716440640, duration := { hours := 24 } }, region := omit, assuranceLevel := omit, appPermissions := { { psid := 36, ssp := { bitmapSsp := '01FFFC'O } }, { psid := 37, ssp := { bitmapSsp := '01FFFFFF'O } }, { psid := 141, ssp := omit }, { psid := 638, ssp := { bitmapSsp := '01'O } } }, certIssuePermissions := omit, certRequestPermissions := omit, canRequestRollover := omit, encryptionKey := omit, verifyKeyIndicator := { verificationKey := { ecdsaNistP256 := { compressed_y_0 := 'CE0D44FEB38EEC2A621802DF4AEDC4559C6362B922FC673076329142FB98B9BB'O } } }, flags := omit, appExtensions := omit, certIssueExtensions := omit, certRequestExtension := omit }, signature_ := { ecdsaNistP256Signature := { rSig := { x_only := '9A64157E524E023A54AB06957B37716AA503C45671C74E983FAB3191E9283F26'O }, sSig := 'C4B8A3ECBD3D5484A3AC9E76873F36ADCE244DE0B4DB8FD305B99558F6C94CD5'O } } } } }, signature_ := { ecdsaNistP256Signature := { rSig := { x_only := '91E2E465D784FF3852B78155D811D010F7176C374D99B9A42D5B45408AE22205'O }, sSig := '631569B999261102D69439D09213FEA98C63C709E8C36CAA0CF6131333226012'O } } } } } } }, macDestinationAddress := 'FFFFFFFFFFFF'O, ssp := '000000011111111111111100'B, its_aid := 36 } id 4
05:31:00.399611 Receive operation on port geoNetworkingPort succeeded, message from system(): @LibItsGeoNetworking_TypesAndValues.GeoNetworkingInd : { msgIn := { basicHeader := { version := 1, nextHeader := e_securedPacket (2), reserved := 0, lifeTime := { multiplier := 6, ltBase := e_10s (2) }, routerHopLimit := 1 }, gnPacket := { packet := { commonHeader := { nextHeader := e_btpB (2), reserved := 0, headerTST := { tsbHdr := { headerType := e_topologicallyScopedBroadcast (5), headerSubType := e_singleHop (0) } }, trafficClass := { scf := e_scfDisabled (0), channelOffload := e_choffDisabled (0), tcId := 0 }, flags := '10000000'B, plLength := 30, maxHopLimit := 1, reserved2 := 0 }, extendedHeader := { shbHeader := { srcPosVector := { gnAddr := { typeOfAddress := e_initial (0), stationType := e_unknown (0), reserved := 0, mid := '020000000001'O }, timestamp_ := 3476894259, latitude := 520000000, longitude := 130000000, pai := '0'B, speed := 0, heading := 0 }, reserved := 0 } }, payload := '07D1000002020000002A0000005A946F600E612ED01FFFFFFC23B7743E80'O }, securedMsg := { protocolVersion := 3, content := { signedData := { hashId := sha256 (0), tbsData := { payload := { data := { protocolVersion := 3, content := { unsecuredData := '20500080001E01000000020000000001CF3D32331EFE920007BFA480000000000000000007D1000002020000002A0000005A946F600E612ED01FFFFFFC23B7743E80'O } }, extDataHash := omit, omitted := omit }, headerInfo := { psid := 36, generationTime := 716441465395945, expiryTime := omit, generationLocation := omit, p2pcdLearningRequest := omit, missingCrlIdentifier := omit, encryptionKey := omit, inlineP2pcdRequest := omit, requestedCertificate := omit, pduFunctionalType := omit, contributedExtensions := omit } }, signer := { certificate := { { version := 3, type_ := explicit (0), issuer := { sha256AndDigest := 'E5FA1B0F67D696EF'O }, toBeSigned := { id := { none_ := NULL }, cracaId := '000000'O, crlSeries := 0, validityPeriod := { start_ := 716440640, duration := { hours := 24 } }, region := omit, assuranceLevel := omit, appPermissions := { { psid := 36, ssp := { bitmapSsp := '01FFFC'O } }, { psid := 37, ssp := { bitmapSsp := '01FFFFFF'O } }, { psid := 141, ssp := omit }, { psid := 638, ssp := { bitmapSsp := '01'O } } }, certIssuePermissions := omit, certRequestPermissions := omit, canRequestRollover := omit, encryptionKey := omit, verifyKeyIndicator := { verificationKey := { ecdsaNistP256 := { compressed_y_0 := 'CE0D44FEB38EEC2A621802DF4AEDC4559C6362B922FC673076329142FB98B9BB'O } } }, flags := omit, appExtensions := omit, certIssueExtensions := omit, certRequestExtension := omit }, signature_ := { ecdsaNistP256Signature := { rSig := { x_only := '9A64157E524E023A54AB06957B37716AA503C45671C74E983FAB3191E9283F26'O }, sSig := 'C4B8A3ECBD3D5484A3AC9E76873F36ADCE244DE0B4DB8FD305B99558F6C94CD5'O } } } } }, signature_ := { ecdsaNistP256Signature := { rSig := { x_only := '91E2E465D784FF3852B78155D811D010F7176C374D99B9A42D5B45408AE22205'O }, sSig := '631569B999261102D69439D09213FEA98C63C709E8C36CAA0CF6131333226012'O } } } } } } }, macDestinationAddress := 'FFFFFFFFFFFF'O, ssp := '000000011111111111111100'B, its_aid := 36 } id 4
05:31:00.399681 Message with id 4 was extracted from the queue of geoNetworkingPort.
05:31:00.399722 Stop timer tc_ac: 30 s
05:31:00.399743 *** TC_SEC_ITSS_SND_CAM_01_BV: PASS: The CA message is secured
05:31:00.399758 setverdict(pass): none -> pass
05:31:00.399941 **** f_selfSync: Successfully passed TEST BODY synchronization point. ****
05:31:00.400011 Sent on acPort to system @LibItsGeoNetworking_TypesAndValues.AcGnPrimitive : { stopBeaconing := { } }
05:31:00.400042 Default with id 4 (altstep a_neighbourDefault) was deactivated.
05:31:00.400136 Sent on acPort to system @LibItsCommon_TypesAndValues.AcSecPrimitive : { acDisableSecurity := { disable := true } }
05:31:00.400159 Message enqueued on acPort from system @LibItsCommon_TypesAndValues.AdapterControlResults : { acSecResponse := true } id 2
05:31:00.400178 Start timer tc_ac: 30 s
05:31:00.400219 Receive operation on port acPort succeeded, message from system(): @LibItsCommon_TypesAndValues.AdapterControlResults : { acSecResponse := true } id 2
05:31:00.400237 Message with id 2 was extracted from the queue of acPort.
05:31:00.400244 Stop timer tc_ac: 30 s
05:31:00.400262 Unmapping port mtc:acPort from system:acPort.
05:31:00.400502 Port acPort was unmapped from system:acPort.
05:31:00.400724 Unmap operation of mtc:acPort from system:acPort finished.
05:31:00.400777 Unmapping port mtc:utPort from system:utPort.
05:31:00.401082 Port utPort was unmapped from system:utPort.
05:31:00.401267 Unmap operation of mtc:utPort from system:utPort finished.
05:31:00.401291 Unmapping port mtc:geoNetworkingPort from system:geoNetworkingPort.
05:31:00.401527 Port geoNetworkingPort was unmapped from system:geoNetworkingPort.
05:31:00.401667 Unmap operation of mtc:geoNetworkingPort from system:geoNetworkingPort finished.
05:31:00.401686 Disconnecting ports mtc:syncSendPort and mtc:syncPort.
05:31:00.401874 Port syncSendPort has terminated the connection with local port syncPort.
05:31:00.401927 Port syncPort has terminated the connection with local port syncSendPort.
05:31:00.402199 Disconnect operation on mtc:syncSendPort and mtc:syncPort finished.
05:31:00.402258 Terminating component type LibItsGeoNetworking_TestSystem.ItsGeoNetworking.
05:31:00.402275 Default with id 1 (altstep a_cf01Down) was deactivated.
05:31:00.402285 Default with id 2 (altstep a_default) was deactivated.
05:31:00.402291 Default with id 3 (altstep a_utDefault) was deactivated.
05:31:00.402299 Port syncSendPort was stopped.
05:31:00.402311 Port syncPort was stopped.
05:31:00.402318 Port utPort was stopped.
05:31:00.402325 Port acPort was stopped.
05:31:00.402330 Port geoNetworkingPort was stopped.
05:31:00.402336 Component type LibItsGeoNetworking_TestSystem.ItsGeoNetworking was shut down inside testcase TC_SEC_ITSS_SND_CAM_01_BV.
05:31:00.402346 Waiting for PTCs to finish.
05:31:00.402580 Setting final verdict of the test case.
05:31:00.402669 Local verdict of MTC: pass
05:31:00.402697 No PTCs were created.
05:31:00.402709 Test case TC_SEC_ITSS_SND_CAM_01_BV finished. Verdict: pass
05:31:00.402866 Executing test case TC_SEC_ITSS_SND_CAM_02_BV in module ItsSecurity_TestCases.
05:31:00.402958 Test case TC_SEC_ITSS_SND_CAM_02_BV started.
05:31:00.402973 Initializing variables, timers and ports of component type LibItsGeoNetworking_TestSystem.ItsGeoNetworking inside testcase TC_SEC_ITSS_SND_CAM_02_BV.
05:31:00.403077 Port syncSendPort was started.
05:31:00.403087 Port syncPort was started.
05:31:00.403093 Port utPort was started.
05:31:00.403098 Port acPort was started.
05:31:00.403103 Port geoNetworkingPort was started.
05:31:00.403109 Component type LibItsGeoNetworking_TestSystem.ItsGeoNetworking was initialized.
05:31:00.403118 Mapping port mtc:acPort to system:acPort.
05:31:00.403247 Port acPort was mapped to system:acPort.
05:31:00.403534 Map operation of mtc:acPort to system:acPort finished.
05:31:00.403642 Mapping port mtc:utPort to system:utPort.
05:31:00.404123 Port utPort was mapped to system:utPort.
05:31:00.404426 Map operation of mtc:utPort to system:utPort finished.
05:31:00.404483 Mapping port mtc:geoNetworkingPort to system:geoNetworkingPort.
05:31:00.404947 security_services_its::setup: Already done
05:31:00.405097 Port geoNetworkingPort was mapped to system:geoNetworkingPort.
05:31:00.405289 Map operation of mtc:geoNetworkingPort to system:geoNetworkingPort finished.
05:31:00.405310 Connecting ports mtc:syncSendPort and mtc:syncPort.
05:31:00.405468 Port syncPort has established the connection with local port syncSendPort.
05:31:00.405516 Port syncSendPort has established the connection with local port syncPort.
05:31:00.405721 Connect operation on mtc:syncSendPort and mtc:syncPort finished.
05:31:00.405763 Altstep a_cf01Down was activated as default, id 1
05:31:00.405792 security_services_its::setup: Already done
05:31:00.405962 Selected issuer: 'E4B9D11A3802CDD1'O
05:31:00.406139 Sent on utPort to system @LibItsGeoNetworking_TypesAndValues.UtGnInitialize : { hashedId8 := '115EA89063B17FFD'O }
05:31:00.408361 Message enqueued on utPort from system @LibItsGeoNetworking_TypesAndValues.UtGnResults : { utGnInitializeResult := true } id 1
05:31:00.408421 Start timer tc_wait: 120 s
05:31:00.408453 Receive operation on port utPort succeeded, message from system(): @LibItsGeoNetworking_TypesAndValues.UtGnResults : { utGnInitializeResult := true } id 1
05:31:00.408466 Message with id 1 was extracted from the queue of utPort.
05:31:00.408475 Stop timer tc_wait: 120 s
05:31:00.408484 *** f_utInitializeIut: INFO: IUT initialized ***
05:31:00.408494 Start timer t: 1 s
05:31:00.507177 security_services_its::process_ieee_1609_dot2_signed_data: generation time check 716441465505305 / 716441460507176, delta = 4998129.000000, comp = 0
05:31:00.508127 Message enqueued on geoNetworkingPort from system @LibItsGeoNetworking_TypesAndValues.GeoNetworkingInd : { msgIn := { basicHeader := { version := 1, nextHeader := e_securedPacket (2), reserved := 0, lifeTime := { multiplier := 6, ltBase := e_10s (2) }, routerHopLimit := 1 }, gnPacket := { packet := { commonHeader := { nextHeader := e_btpB (2), reserved := 0, headerTST := { tsbHdr := { headerType := e_topologicallyScopedBroadcast (5), headerSubType := e_singleHop (0) } }, trafficClass := { scf := e_scfDisabled (0), channelOffload := e_choffDisabled (0), tcId := 0 }, flags := '10000000'B, plLength := 30, maxHopLimit := 1, reserved2 := 0 }, extendedHeader := { shbHeader := { srcPosVector := { gnAddr := { typeOfAddress := e_initial (0), stationType := e_unknown (0), reserved := 0, mid := '020000000001'O }, timestamp_ := 3476894369, latitude := 520000000, longitude := 130000000, pai := '0'B, speed := 0, heading := 0 }, reserved := 0 } }, payload := '07D1000002020000002A0000005A946F600E612ED01FFFFFFC23B7743E80'O }, securedMsg := { protocolVersion := 3, content := { signedData := { hashId := sha256 (0), tbsData := { payload := { data := { protocolVersion := 3, content := { unsecuredData := '20500080001E01000000020000000001CF3D32A11EFE920007BFA480000000000000000007D1000002020000002A0000005A946F600E612ED01FFFFFFC23B7743E80'O } }, extDataHash := omit, omitted := omit }, headerInfo := { psid := 36, generationTime := 716441465505305, expiryTime := omit, generationLocation := omit, p2pcdLearningRequest := omit, missingCrlIdentifier := omit, encryptionKey := omit, inlineP2pcdRequest := omit, requestedCertificate := omit, pduFunctionalType := omit, contributedExtensions := omit } }, signer := { certificate := { { version := 3, type_ := explicit (0), issuer := { sha256AndDigest := 'E5FA1B0F67D696EF'O }, toBeSigned := { id := { none_ := NULL }, cracaId := '000000'O, crlSeries := 0, validityPeriod := { start_ := 716440640, duration := { hours := 24 } }, region := omit, assuranceLevel := omit, appPermissions := { { psid := 36, ssp := { bitmapSsp := '01FFFC'O } }, { psid := 37, ssp := { bitmapSsp := '01FFFFFF'O } }, { psid := 141, ssp := omit }, { psid := 638, ssp := { bitmapSsp := '01'O } } }, certIssuePermissions := omit, certRequestPermissions := omit, canRequestRollover := omit, encryptionKey := omit, verifyKeyIndicator := { verificationKey := { ecdsaNistP256 := { compressed_y_0 := 'CE0D44FEB38EEC2A621802DF4AEDC4559C6362B922FC673076329142FB98B9BB'O } } }, flags := omit, appExtensions := omit, certIssueExtensions := omit, certRequestExtension := omit }, signature_ := { ecdsaNistP256Signature := { rSig := { x_only := '9A64157E524E023A54AB06957B37716AA503C45671C74E983FAB3191E9283F26'O }, sSig := 'C4B8A3ECBD3D5484A3AC9E76873F36ADCE244DE0B4DB8FD305B99558F6C94CD5'O } } } } }, signature_ := { ecdsaNistP256Signature := { rSig := { x_only := '590FA7FB318CB20332EDA343E0504BA6B2CAA47C8AD1DD7C5D2EF36625E24599'O }, sSig := 'FAD27121580952396AE59F0313939A8A2458DD661FD87F7D8AA0B496505C49A1'O } } } } } } }, macDestinationAddress := 'FFFFFFFFFFFF'O, ssp := '000000011111111111111100'B, its_aid := 36 } id 1
05:31:01.408864 Timeout t: 1 s
05:31:01.409037 Sent on acPort to system @LibItsGeoNetworking_TypesAndValues.AcGnPrimitive : { getLongPosVector := { gnAddress := { typeOfAddress := e_initial (0), stationType := e_unknown (0), reserved := 0, mid := '020000000001'O } } }
05:31:01.409074 Message enqueued on acPort from system @LibItsGeoNetworking_TypesAndValues.AcGnResponse : { getLongPosVector := { gnAddr := { typeOfAddress := e_initial (0), stationType := e_unknown (0), reserved := 0, mid := '020000000001'O }, timestamp_ := 0, latitude := 520000000, longitude := 130000000, pai := '0'B, speed := 0, heading := 0 } } id 1
05:31:01.409095 Start timer tc_ac: 30 s
05:31:01.409140 Receive operation on port acPort succeeded, message from system(): @LibItsGeoNetworking_TypesAndValues.AcGnResponse : { getLongPosVector := { gnAddr := { typeOfAddress := e_initial (0), stationType := e_unknown (0), reserved := 0, mid := '020000000001'O }, timestamp_ := 0, latitude := 520000000, longitude := 130000000, pai := '0'B, speed := 0, heading := 0 } } id 1
05:31:01.409153 Message with id 1 was extracted from the queue of acPort.
05:31:01.409165 Stop timer tc_ac: 30 s
05:31:01.409339 Altstep a_default was activated as default, id 2
05:31:01.409356 Altstep a_utDefault was activated as default, id 3
05:31:01.409363 Altstep a_neighbourDefault was activated as default, id 4
05:31:01.409584 Sent on acPort to system @LibItsGeoNetworking_TypesAndValues.AcGnPrimitive : { startBeaconing := { beaconPacket := { basicHeader := { version := 1, nextHeader := e_commonHeader (1), reserved := 0, lifeTime := { multiplier := 10, ltBase := e_100s (3) }, routerHopLimit := 1 }, gnPacket := { packet := { commonHeader := { nextHeader := e_any (0), reserved := 0, headerTST := { beaconHdr := { headerType := e_beacon (1), headerSubType := 0 } }, trafficClass := { scf := e_scfEnabled (1), channelOffload := e_choffDisabled (0), tcId := 0 }, flags := '00000000'B, plLength := 0, maxHopLimit := 1, reserved2 := 0 }, extendedHeader := { beaconHeader := { srcPosVector := { gnAddr := { typeOfAddress := e_manual (1), stationType := e_passengerCar (5), reserved := 0, mid := '00000000000B'O }, timestamp_ := 3476889273, latitude := 520020000, longitude := 130000000, pai := '1'B, speed := 0, heading := 0 } } }, payload := omit }, securedMsg := omit } } } }
05:31:01.410076 Start timer t: 1 s
05:31:01.607961 security_services_its::process_ieee_1609_dot2_signed_data: generation time check 716441466605325 / 716441461607960, delta = 4997365.000000, comp = 0
05:31:01.610105 Message enqueued on geoNetworkingPort from system @LibItsGeoNetworking_TypesAndValues.GeoNetworkingInd : { msgIn := { basicHeader := { version := 1, nextHeader := e_securedPacket (2), reserved := 0, lifeTime := { multiplier := 6, ltBase := e_10s (2) }, routerHopLimit := 1 }, gnPacket := { packet := { commonHeader := { nextHeader := e_btpB (2), reserved := 0, headerTST := { tsbHdr := { headerType := e_topologicallyScopedBroadcast (5), headerSubType := e_singleHop (0) } }, trafficClass := { scf := e_scfDisabled (0), channelOffload := e_choffDisabled (0), tcId := 0 }, flags := '10000000'B, plLength := 30, maxHopLimit := 1, reserved2 := 0 }, extendedHeader := { shbHeader := { srcPosVector := { gnAddr := { typeOfAddress := e_initial (0), stationType := e_unknown (0), reserved := 0, mid := '020000000001'O }, timestamp_ := 3476895469, latitude := 520000000, longitude := 130000000, pai := '0'B, speed := 0, heading := 0 }, reserved := 0 } }, payload := '07D1000002020000002A0000005A946F600E612ED01FFFFFFC23B7743E80'O }, securedMsg := { protocolVersion := 3, content := { signedData := { hashId := sha256 (0), tbsData := { payload := { data := { protocolVersion := 3, content := { unsecuredData := '20500080001E01000000020000000001CF3D36ED1EFE920007BFA480000000000000000007D1000002020000002A0000005A946F600E612ED01FFFFFFC23B7743E80'O } }, extDataHash := omit, omitted := omit }, headerInfo := { psid := 36, generationTime := 716441466605325, expiryTime := omit, generationLocation := omit, p2pcdLearningRequest := omit, missingCrlIdentifier := omit, encryptionKey := omit, inlineP2pcdRequest := omit, requestedCertificate := omit, pduFunctionalType := omit, contributedExtensions := omit } }, signer := { certificate := { { version := 3, type_ := explicit (0), issuer := { sha256AndDigest := 'E5FA1B0F67D696EF'O }, toBeSigned := { id := { none_ := NULL }, cracaId := '000000'O, crlSeries := 0, validityPeriod := { start_ := 716440640, duration := { hours := 24 } }, region := omit, assuranceLevel := omit, appPermissions := { { psid := 36, ssp := { bitmapSsp := '01FFFC'O } }, { psid := 37, ssp := { bitmapSsp := '01FFFFFF'O } }, { psid := 141, ssp := omit }, { psid := 638, ssp := { bitmapSsp := '01'O } } }, certIssuePermissions := omit, certRequestPermissions := omit, canRequestRollover := omit, encryptionKey := omit, verifyKeyIndicator := { verificationKey := { ecdsaNistP256 := { compressed_y_0 := 'CE0D44FEB38EEC2A621802DF4AEDC4559C6362B922FC673076329142FB98B9BB'O } } }, flags := omit, appExtensions := omit, certIssueExtensions := omit, certRequestExtension := omit }, signature_ := { ecdsaNistP256Signature := { rSig := { x_only := '9A64157E524E023A54AB06957B37716AA503C45671C74E983FAB3191E9283F26'O }, sSig := 'C4B8A3ECBD3D5484A3AC9E76873F36ADCE244DE0B4DB8FD305B99558F6C94CD5'O } } } } }, signature_ := { ecdsaNistP256Signature := { rSig := { x_only := '891921BB606A442A839230F8A472A8D25A8E0584B6CFD3CE345501C193889799'O }, sSig := '1CDC7B7730BAA4C74E039DD0B1D37975564A78C9900FC571E34977918C1CE012'O } } } } } } }, macDestinationAddress := 'FFFFFFFFFFFF'O, ssp := '000000011111111111111100'B, its_aid := 36 } id 2
05:31:02.410103 Timeout t: 1 s
05:31:02.410169 Start timer t: 0.5 s
05:31:02.410361 Receive operation on port geoNetworkingPort succeeded, message from system(): @LibItsGeoNetworking_TypesAndValues.GeoNetworkingInd: { msgIn := { basicHeader := { version := 1, nextHeader := e_securedPacket (2), reserved := 0, lifeTime := { multiplier := 6, ltBase := e_10s (2) }, routerHopLimit := 1 }, gnPacket := { packet := { commonHeader := { nextHeader := e_btpB (2), reserved := 0, headerTST := { tsbHdr := { headerType := e_topologicallyScopedBroadcast (5), headerSubType := e_singleHop (0) } }, trafficClass := { scf := e_scfDisabled (0), channelOffload := e_choffDisabled (0), tcId := 0 }, flags := '10000000'B, plLength := 30, maxHopLimit := 1, reserved2 := 0 }, extendedHeader := { shbHeader := { srcPosVector := { gnAddr := { typeOfAddress := e_initial (0), stationType := e_unknown (0), reserved := 0, mid := '020000000001'O }, timestamp_ := 3476894369, latitude := 520000000, longitude := 130000000, pai := '0'B, speed := 0, heading := 0 }, reserved := 0 } }, payload := '07D1000002020000002A0000005A946F600E612ED01FFFFFFC23B7743E80'O }, securedMsg := { protocolVersion := 3, content := { signedData := { hashId := sha256 (0), tbsData := { payload := { data := { protocolVersion := 3, content := { unsecuredData := '20500080001E01000000020000000001CF3D32A11EFE920007BFA480000000000000000007D1000002020000002A0000005A946F600E612ED01FFFFFFC23B7743E80'O } }, extDataHash := omit, omitted := omit }, headerInfo := { psid := 36, generationTime := 716441465505305, expiryTime := omit, generationLocation := omit, p2pcdLearningRequest := omit, missingCrlIdentifier := omit, encryptionKey := omit, inlineP2pcdRequest := omit, requestedCertificate := omit, pduFunctionalType := omit, contributedExtensions := omit } }, signer := { certificate := { { version := 3, type_ := explicit (0), issuer := { sha256AndDigest := 'E5FA1B0F67D696EF'O }, toBeSigned := { id := { none_ := NULL }, cracaId := '000000'O, crlSeries := 0, validityPeriod := { start_ := 716440640, duration := { hours := 24 } }, region := omit, assuranceLevel := omit, appPermissions := { { psid := 36, ssp := { bitmapSsp := '01FFFC'O } }, { psid := 37, ssp := { bitmapSsp := '01FFFFFF'O } }, { psid := 141, ssp := omit }, { psid := 638, ssp := { bitmapSsp := '01'O } } }, certIssuePermissions := omit, certRequestPermissions := omit, canRequestRollover := omit, encryptionKey := omit, verifyKeyIndicator := { verificationKey := { ecdsaNistP256 := { compressed_y_0 := 'CE0D44FEB38EEC2A621802DF4AEDC4559C6362B922FC673076329142FB98B9BB'O } } }, flags := omit, appExtensions := omit, certIssueExtensions := omit, certRequestExtension := omit }, signature_ := { ecdsaNistP256Signature := { rSig := { x_only := '9A64157E524E023A54AB06957B37716AA503C45671C74E983FAB3191E9283F26'O }, sSig := 'C4B8A3ECBD3D5484A3AC9E76873F36ADCE244DE0B4DB8FD305B99558F6C94CD5'O } } } } }, signature_ := { ecdsaNistP256Signature := { rSig := { x_only := '590FA7FB318CB20332EDA343E0504BA6B2CAA47C8AD1DD7C5D2EF36625E24599'O }, sSig := 'FAD27121580952396AE59F0313939A8A2458DD661FD87F7D8AA0B496505C49A1'O } } } } } } }, macDestinationAddress := 'FFFFFFFFFFFF'O, ssp := '000000011111111111111100'B, its_aid := 36 } id 1
05:31:02.410396 Message with id 1 was extracted from the queue of geoNetworkingPort.
05:31:02.410402 *** a_default: WARNING: Received an unexpected message ***
05:31:02.410405 Default with id 4 (altstep a_neighbourDefault) has reached a break statement. Skipping current alt statement or receiving operation.
05:31:02.410487 Receive operation on port geoNetworkingPort succeeded, message from system(): @LibItsGeoNetworking_TypesAndValues.GeoNetworkingInd: { msgIn := { basicHeader := { version := 1, nextHeader := e_securedPacket (2), reserved := 0, lifeTime := { multiplier := 6, ltBase := e_10s (2) }, routerHopLimit := 1 }, gnPacket := { packet := { commonHeader := { nextHeader := e_btpB (2), reserved := 0, headerTST := { tsbHdr := { headerType := e_topologicallyScopedBroadcast (5), headerSubType := e_singleHop (0) } }, trafficClass := { scf := e_scfDisabled (0), channelOffload := e_choffDisabled (0), tcId := 0 }, flags := '10000000'B, plLength := 30, maxHopLimit := 1, reserved2 := 0 }, extendedHeader := { shbHeader := { srcPosVector := { gnAddr := { typeOfAddress := e_initial (0), stationType := e_unknown (0), reserved := 0, mid := '020000000001'O }, timestamp_ := 3476895469, latitude := 520000000, longitude := 130000000, pai := '0'B, speed := 0, heading := 0 }, reserved := 0 } }, payload := '07D1000002020000002A0000005A946F600E612ED01FFFFFFC23B7743E80'O }, securedMsg := { protocolVersion := 3, content := { signedData := { hashId := sha256 (0), tbsData := { payload := { data := { protocolVersion := 3, content := { unsecuredData := '20500080001E01000000020000000001CF3D36ED1EFE920007BFA480000000000000000007D1000002020000002A0000005A946F600E612ED01FFFFFFC23B7743E80'O } }, extDataHash := omit, omitted := omit }, headerInfo := { psid := 36, generationTime := 716441466605325, expiryTime := omit, generationLocation := omit, p2pcdLearningRequest := omit, missingCrlIdentifier := omit, encryptionKey := omit, inlineP2pcdRequest := omit, requestedCertificate := omit, pduFunctionalType := omit, contributedExtensions := omit } }, signer := { certificate := { { version := 3, type_ := explicit (0), issuer := { sha256AndDigest := 'E5FA1B0F67D696EF'O }, toBeSigned := { id := { none_ := NULL }, cracaId := '000000'O, crlSeries := 0, validityPeriod := { start_ := 716440640, duration := { hours := 24 } }, region := omit, assuranceLevel := omit, appPermissions := { { psid := 36, ssp := { bitmapSsp := '01FFFC'O } }, { psid := 37, ssp := { bitmapSsp := '01FFFFFF'O } }, { psid := 141, ssp := omit }, { psid := 638, ssp := { bitmapSsp := '01'O } } }, certIssuePermissions := omit, certRequestPermissions := omit, canRequestRollover := omit, encryptionKey := omit, verifyKeyIndicator := { verificationKey := { ecdsaNistP256 := { compressed_y_0 := 'CE0D44FEB38EEC2A621802DF4AEDC4559C6362B922FC673076329142FB98B9BB'O } } }, flags := omit, appExtensions := omit, certIssueExtensions := omit, certRequestExtension := omit }, signature_ := { ecdsaNistP256Signature := { rSig := { x_only := '9A64157E524E023A54AB06957B37716AA503C45671C74E983FAB3191E9283F26'O }, sSig := 'C4B8A3ECBD3D5484A3AC9E76873F36ADCE244DE0B4DB8FD305B99558F6C94CD5'O } } } } }, signature_ := { ecdsaNistP256Signature := { rSig := { x_only := '891921BB606A442A839230F8A472A8D25A8E0584B6CFD3CE345501C193889799'O }, sSig := '1CDC7B7730BAA4C74E039DD0B1D37975564A78C9900FC571E34977918C1CE012'O } } } } } } }, macDestinationAddress := 'FFFFFFFFFFFF'O, ssp := '000000011111111111111100'B, its_aid := 36 } id 2
05:31:02.410497 Message with id 2 was extracted from the queue of geoNetworkingPort.
05:31:02.410500 *** a_default: WARNING: Received an unexpected message ***
05:31:02.410503 Default with id 4 (altstep a_neighbourDefault) has reached a break statement. Skipping current alt statement or receiving operation.
05:31:02.707089 security_services_its::process_ieee_1609_dot2_signed_data: generation time check 716441467705201 / 716441462707087, delta = 4998114.000000, comp = 0
05:31:02.708143 Message enqueued on geoNetworkingPort from system @LibItsGeoNetworking_TypesAndValues.GeoNetworkingInd : { msgIn := { basicHeader := { version := 1, nextHeader := e_securedPacket (2), reserved := 0, lifeTime := { multiplier := 6, ltBase := e_10s (2) }, routerHopLimit := 1 }, gnPacket := { packet := { commonHeader := { nextHeader := e_btpB (2), reserved := 0, headerTST := { tsbHdr := { headerType := e_topologicallyScopedBroadcast (5), headerSubType := e_singleHop (0) } }, trafficClass := { scf := e_scfDisabled (0), channelOffload := e_choffDisabled (0), tcId := 0 }, flags := '10000000'B, plLength := 30, maxHopLimit := 1, reserved2 := 0 }, extendedHeader := { shbHeader := { srcPosVector := { gnAddr := { typeOfAddress := e_initial (0), stationType := e_unknown (0), reserved := 0, mid := '020000000001'O }, timestamp_ := 3476896569, latitude := 520000000, longitude := 130000000, pai := '0'B, speed := 0, heading := 0 }, reserved := 0 } }, payload := '07D1000002020000002A0000005A946F600E612ED01FFFFFFC23B7743E80'O }, securedMsg := { protocolVersion := 3, content := { signedData := { hashId := sha256 (0), tbsData := { payload := { data := { protocolVersion := 3, content := { unsecuredData := '20500080001E01000000020000000001CF3D3B391EFE920007BFA480000000000000000007D1000002020000002A0000005A946F600E612ED01FFFFFFC23B7743E80'O } }, extDataHash := omit, omitted := omit }, headerInfo := { psid := 36, generationTime := 716441467705201, expiryTime := omit, generationLocation := omit, p2pcdLearningRequest := omit, missingCrlIdentifier := omit, encryptionKey := omit, inlineP2pcdRequest := omit, requestedCertificate := omit, pduFunctionalType := omit, contributedExtensions := omit } }, signer := { certificate := { { version := 3, type_ := explicit (0), issuer := { sha256AndDigest := 'E5FA1B0F67D696EF'O }, toBeSigned := { id := { none_ := NULL }, cracaId := '000000'O, crlSeries := 0, validityPeriod := { start_ := 716440640, duration := { hours := 24 } }, region := omit, assuranceLevel := omit, appPermissions := { { psid := 36, ssp := { bitmapSsp := '01FFFC'O } }, { psid := 37, ssp := { bitmapSsp := '01FFFFFF'O } }, { psid := 141, ssp := omit }, { psid := 638, ssp := { bitmapSsp := '01'O } } }, certIssuePermissions := omit, certRequestPermissions := omit, canRequestRollover := omit, encryptionKey := omit, verifyKeyIndicator := { verificationKey := { ecdsaNistP256 := { compressed_y_0 := 'CE0D44FEB38EEC2A621802DF4AEDC4559C6362B922FC673076329142FB98B9BB'O } } }, flags := omit, appExtensions := omit, certIssueExtensions := omit, certRequestExtension := omit }, signature_ := { ecdsaNistP256Signature := { rSig := { x_only := '9A64157E524E023A54AB06957B37716AA503C45671C74E983FAB3191E9283F26'O }, sSig := 'C4B8A3ECBD3D5484A3AC9E76873F36ADCE244DE0B4DB8FD305B99558F6C94CD5'O } } } } }, signature_ := { ecdsaNistP256Signature := { rSig := { x_only := '812DC6BEE6EAA4EA47B8A87AEC5DC781AB3E7C106169C1380E4B8DE662E16266'O }, sSig := '796514FC3A4C4B5978ED148C5391094451415FC6B0B398F5935F2E45A78A490B'O } } } } } } }, macDestinationAddress := 'FFFFFFFFFFFF'O, ssp := '000000011111111111111100'B, its_aid := 36 } id 3
05:31:02.708440 Receive operation on port geoNetworkingPort succeeded, message from system(): @LibItsGeoNetworking_TypesAndValues.GeoNetworkingInd: { msgIn := { basicHeader := { version := 1, nextHeader := e_securedPacket (2), reserved := 0, lifeTime := { multiplier := 6, ltBase := e_10s (2) }, routerHopLimit := 1 }, gnPacket := { packet := { commonHeader := { nextHeader := e_btpB (2), reserved := 0, headerTST := { tsbHdr := { headerType := e_topologicallyScopedBroadcast (5), headerSubType := e_singleHop (0) } }, trafficClass := { scf := e_scfDisabled (0), channelOffload := e_choffDisabled (0), tcId := 0 }, flags := '10000000'B, plLength := 30, maxHopLimit := 1, reserved2 := 0 }, extendedHeader := { shbHeader := { srcPosVector := { gnAddr := { typeOfAddress := e_initial (0), stationType := e_unknown (0), reserved := 0, mid := '020000000001'O }, timestamp_ := 3476896569, latitude := 520000000, longitude := 130000000, pai := '0'B, speed := 0, heading := 0 }, reserved := 0 } }, payload := '07D1000002020000002A0000005A946F600E612ED01FFFFFFC23B7743E80'O }, securedMsg := { protocolVersion := 3, content := { signedData := { hashId := sha256 (0), tbsData := { payload := { data := { protocolVersion := 3, content := { unsecuredData := '20500080001E01000000020000000001CF3D3B391EFE920007BFA480000000000000000007D1000002020000002A0000005A946F600E612ED01FFFFFFC23B7743E80'O } }, extDataHash := omit, omitted := omit }, headerInfo := { psid := 36, generationTime := 716441467705201, expiryTime := omit, generationLocation := omit, p2pcdLearningRequest := omit, missingCrlIdentifier := omit, encryptionKey := omit, inlineP2pcdRequest := omit, requestedCertificate := omit, pduFunctionalType := omit, contributedExtensions := omit } }, signer := { certificate := { { version := 3, type_ := explicit (0), issuer := { sha256AndDigest := 'E5FA1B0F67D696EF'O }, toBeSigned := { id := { none_ := NULL }, cracaId := '000000'O, crlSeries := 0, validityPeriod := { start_ := 716440640, duration := { hours := 24 } }, region := omit, assuranceLevel := omit, appPermissions := { { psid := 36, ssp := { bitmapSsp := '01FFFC'O } }, { psid := 37, ssp := { bitmapSsp := '01FFFFFF'O } }, { psid := 141, ssp := omit }, { psid := 638, ssp := { bitmapSsp := '01'O } } }, certIssuePermissions := omit, certRequestPermissions := omit, canRequestRollover := omit, encryptionKey := omit, verifyKeyIndicator := { verificationKey := { ecdsaNistP256 := { compressed_y_0 := 'CE0D44FEB38EEC2A621802DF4AEDC4559C6362B922FC673076329142FB98B9BB'O } } }, flags := omit, appExtensions := omit, certIssueExtensions := omit, certRequestExtension := omit }, signature_ := { ecdsaNistP256Signature := { rSig := { x_only := '9A64157E524E023A54AB06957B37716AA503C45671C74E983FAB3191E9283F26'O }, sSig := 'C4B8A3ECBD3D5484A3AC9E76873F36ADCE244DE0B4DB8FD305B99558F6C94CD5'O } } } } }, signature_ := { ecdsaNistP256Signature := { rSig := { x_only := '812DC6BEE6EAA4EA47B8A87AEC5DC781AB3E7C106169C1380E4B8DE662E16266'O }, sSig := '796514FC3A4C4B5978ED148C5391094451415FC6B0B398F5935F2E45A78A490B'O } } } } } } }, macDestinationAddress := 'FFFFFFFFFFFF'O, ssp := '000000011111111111111100'B, its_aid := 36 } id 3
05:31:02.708467 Message with id 3 was extracted from the queue of geoNetworkingPort.
05:31:02.708476 *** a_default: WARNING: Received an unexpected message ***
05:31:02.708483 Default with id 4 (altstep a_neighbourDefault) has reached a break statement. Skipping current alt statement or receiving operation.
05:31:02.910181 Timeout t: 0.5 s
05:31:02.910282 **** f_selfSync: Successfully passed PREAMBLE synchronization point. ****
05:31:02.910292 Start timer tc_ac: 30 s
05:31:03.707935 security_services_its::process_ieee_1609_dot2_signed_data: generation time check 716441468706176 / 716441463707934, delta = 4998242.000000, comp = 0
05:31:03.708994 Message enqueued on geoNetworkingPort from system @LibItsGeoNetworking_TypesAndValues.GeoNetworkingInd : { msgIn := { basicHeader := { version := 1, nextHeader := e_securedPacket (2), reserved := 0, lifeTime := { multiplier := 6, ltBase := e_10s (2) }, routerHopLimit := 1 }, gnPacket := { packet := { commonHeader := { nextHeader := e_btpB (2), reserved := 0, headerTST := { tsbHdr := { headerType := e_topologicallyScopedBroadcast (5), headerSubType := e_singleHop (0) } }, trafficClass := { scf := e_scfDisabled (0), channelOffload := e_choffDisabled (0), tcId := 0 }, flags := '10000000'B, plLength := 30, maxHopLimit := 1, reserved2 := 0 }, extendedHeader := { shbHeader := { srcPosVector := { gnAddr := { typeOfAddress := e_initial (0), stationType := e_unknown (0), reserved := 0, mid := '020000000001'O }, timestamp_ := 3476897570, latitude := 520000000, longitude := 130000000, pai := '0'B, speed := 0, heading := 0 }, reserved := 0 } }, payload := '07D1000002020000002A0000005A946F600E612ED01FFFFFFC23B7743E80'O }, securedMsg := { protocolVersion := 3, content := { signedData := { hashId := sha256 (0), tbsData := { payload := { data := { protocolVersion := 3, content := { unsecuredData := '20500080001E01000000020000000001CF3D3F221EFE920007BFA480000000000000000007D1000002020000002A0000005A946F600E612ED01FFFFFFC23B7743E80'O } }, extDataHash := omit, omitted := omit }, headerInfo := { psid := 36, generationTime := 716441468706176, expiryTime := omit, generationLocation := omit, p2pcdLearningRequest := omit, missingCrlIdentifier := omit, encryptionKey := omit, inlineP2pcdRequest := omit, requestedCertificate := omit, pduFunctionalType := omit, contributedExtensions := omit } }, signer := { certificate := { { version := 3, type_ := explicit (0), issuer := { sha256AndDigest := 'E5FA1B0F67D696EF'O }, toBeSigned := { id := { none_ := NULL }, cracaId := '000000'O, crlSeries := 0, validityPeriod := { start_ := 716440640, duration := { hours := 24 } }, region := omit, assuranceLevel := omit, appPermissions := { { psid := 36, ssp := { bitmapSsp := '01FFFC'O } }, { psid := 37, ssp := { bitmapSsp := '01FFFFFF'O } }, { psid := 141, ssp := omit }, { psid := 638, ssp := { bitmapSsp := '01'O } } }, certIssuePermissions := omit, certRequestPermissions := omit, canRequestRollover := omit, encryptionKey := omit, verifyKeyIndicator := { verificationKey := { ecdsaNistP256 := { compressed_y_0 := 'CE0D44FEB38EEC2A621802DF4AEDC4559C6362B922FC673076329142FB98B9BB'O } } }, flags := omit, appExtensions := omit, certIssueExtensions := omit, certRequestExtension := omit }, signature_ := { ecdsaNistP256Signature := { rSig := { x_only := '9A64157E524E023A54AB06957B37716AA503C45671C74E983FAB3191E9283F26'O }, sSig := 'C4B8A3ECBD3D5484A3AC9E76873F36ADCE244DE0B4DB8FD305B99558F6C94CD5'O } } } } }, signature_ := { ecdsaNistP256Signature := { rSig := { x_only := '9B01E3613469D531A8704AF1D2DA6F747BA0CD88D6FFCC90C50D952E27E8B5B2'O }, sSig := 'B5FF809FA2EC940B5DCF727C46E6992EE10C6D095D314D5E7933DAD0C7CEDA73'O } } } } } } }, macDestinationAddress := 'FFFFFFFFFFFF'O, ssp := '000000011111111111111100'B, its_aid := 36 } id 4
05:31:03.709301 Receive operation on port geoNetworkingPort succeeded, message from system(): @LibItsGeoNetworking_TypesAndValues.GeoNetworkingInd : { msgIn := { basicHeader := { version := 1, nextHeader := e_securedPacket (2), reserved := 0, lifeTime := { multiplier := 6, ltBase := e_10s (2) }, routerHopLimit := 1 }, gnPacket := { packet := { commonHeader := { nextHeader := e_btpB (2), reserved := 0, headerTST := { tsbHdr := { headerType := e_topologicallyScopedBroadcast (5), headerSubType := e_singleHop (0) } }, trafficClass := { scf := e_scfDisabled (0), channelOffload := e_choffDisabled (0), tcId := 0 }, flags := '10000000'B, plLength := 30, maxHopLimit := 1, reserved2 := 0 }, extendedHeader := { shbHeader := { srcPosVector := { gnAddr := { typeOfAddress := e_initial (0), stationType := e_unknown (0), reserved := 0, mid := '020000000001'O }, timestamp_ := 3476897570, latitude := 520000000, longitude := 130000000, pai := '0'B, speed := 0, heading := 0 }, reserved := 0 } }, payload := '07D1000002020000002A0000005A946F600E612ED01FFFFFFC23B7743E80'O }, securedMsg := { protocolVersion := 3, content := { signedData := { hashId := sha256 (0), tbsData := { payload := { data := { protocolVersion := 3, content := { unsecuredData := '20500080001E01000000020000000001CF3D3F221EFE920007BFA480000000000000000007D1000002020000002A0000005A946F600E612ED01FFFFFFC23B7743E80'O } }, extDataHash := omit, omitted := omit }, headerInfo := { psid := 36, generationTime := 716441468706176, expiryTime := omit, generationLocation := omit, p2pcdLearningRequest := omit, missingCrlIdentifier := omit, encryptionKey := omit, inlineP2pcdRequest := omit, requestedCertificate := omit, pduFunctionalType := omit, contributedExtensions := omit } }, signer := { certificate := { { version := 3, type_ := explicit (0), issuer := { sha256AndDigest := 'E5FA1B0F67D696EF'O }, toBeSigned := { id := { none_ := NULL }, cracaId := '000000'O, crlSeries := 0, validityPeriod := { start_ := 716440640, duration := { hours := 24 } }, region := omit, assuranceLevel := omit, appPermissions := { { psid := 36, ssp := { bitmapSsp := '01FFFC'O } }, { psid := 37, ssp := { bitmapSsp := '01FFFFFF'O } }, { psid := 141, ssp := omit }, { psid := 638, ssp := { bitmapSsp := '01'O } } }, certIssuePermissions := omit, certRequestPermissions := omit, canRequestRollover := omit, encryptionKey := omit, verifyKeyIndicator := { verificationKey := { ecdsaNistP256 := { compressed_y_0 := 'CE0D44FEB38EEC2A621802DF4AEDC4559C6362B922FC673076329142FB98B9BB'O } } }, flags := omit, appExtensions := omit, certIssueExtensions := omit, certRequestExtension := omit }, signature_ := { ecdsaNistP256Signature := { rSig := { x_only := '9A64157E524E023A54AB06957B37716AA503C45671C74E983FAB3191E9283F26'O }, sSig := 'C4B8A3ECBD3D5484A3AC9E76873F36ADCE244DE0B4DB8FD305B99558F6C94CD5'O } } } } }, signature_ := { ecdsaNistP256Signature := { rSig := { x_only := '9B01E3613469D531A8704AF1D2DA6F747BA0CD88D6FFCC90C50D952E27E8B5B2'O }, sSig := 'B5FF809FA2EC940B5DCF727C46E6992EE10C6D095D314D5E7933DAD0C7CEDA73'O } } } } } } }, macDestinationAddress := 'FFFFFFFFFFFF'O, ssp := '000000011111111111111100'B, its_aid := 36 } id 4
05:31:03.709363 Message with id 4 was extracted from the queue of geoNetworkingPort.
05:31:03.709395 Stop timer tc_ac: 30 s
05:31:03.709415 *** TC_SEC_ITSS_SND_CAM_02_BV: PASS: Correct secured packet received
05:31:03.709425 setverdict(pass): none -> pass
05:31:03.709543 **** f_selfSync: Successfully passed TEST BODY synchronization point. ****
05:31:03.709573 Sent on acPort to system @LibItsGeoNetworking_TypesAndValues.AcGnPrimitive : { stopBeaconing := { } }
05:31:03.709592 Default with id 4 (altstep a_neighbourDefault) was deactivated.
05:31:03.709622 Sent on acPort to system @LibItsCommon_TypesAndValues.AcSecPrimitive : { acDisableSecurity := { disable := true } }
05:31:03.709635 Message enqueued on acPort from system @LibItsCommon_TypesAndValues.AdapterControlResults : { acSecResponse := true } id 2
05:31:03.709647 Start timer tc_ac: 30 s
05:31:03.709668 Receive operation on port acPort succeeded, message from system(): @LibItsCommon_TypesAndValues.AdapterControlResults : { acSecResponse := true } id 2
05:31:03.709679 Message with id 2 was extracted from the queue of acPort.
05:31:03.709688 Stop timer tc_ac: 30 s
05:31:03.709699 Unmapping port mtc:acPort from system:acPort.
05:31:03.709985 Port acPort was unmapped from system:acPort.
05:31:03.710420 Unmap operation of mtc:acPort from system:acPort finished.
05:31:03.710507 Unmapping port mtc:utPort from system:utPort.
05:31:03.710835 Port utPort was unmapped from system:utPort.
05:31:03.711169 Unmap operation of mtc:utPort from system:utPort finished.
05:31:03.711201 Unmapping port mtc:geoNetworkingPort from system:geoNetworkingPort.
05:31:03.711603 Port geoNetworkingPort was unmapped from system:geoNetworkingPort.
05:31:03.711971 Unmap operation of mtc:geoNetworkingPort from system:geoNetworkingPort finished.
05:31:03.712048 Disconnecting ports mtc:syncSendPort and mtc:syncPort.
05:31:03.712317 Port syncSendPort has terminated the connection with local port syncPort.
05:31:03.712375 Port syncPort has terminated the connection with local port syncSendPort.
05:31:03.712689 Disconnect operation on mtc:syncSendPort and mtc:syncPort finished.
05:31:03.712718 Terminating component type LibItsGeoNetworking_TestSystem.ItsGeoNetworking.
05:31:03.712734 Default with id 1 (altstep a_cf01Down) was deactivated.
05:31:03.712746 Default with id 2 (altstep a_default) was deactivated.
05:31:03.712753 Default with id 3 (altstep a_utDefault) was deactivated.
05:31:03.712762 Port syncSendPort was stopped.
05:31:03.712773 Port syncPort was stopped.
05:31:03.712782 Port utPort was stopped.
05:31:03.712789 Port acPort was stopped.
05:31:03.712796 Port geoNetworkingPort was stopped.
05:31:03.712803 Component type LibItsGeoNetworking_TestSystem.ItsGeoNetworking was shut down inside testcase TC_SEC_ITSS_SND_CAM_02_BV.
05:31:03.712815 Waiting for PTCs to finish.
05:31:03.713201 Setting final verdict of the test case.
05:31:03.713341 Local verdict of MTC: pass
05:31:03.713372 No PTCs were created.
05:31:03.713388 Test case TC_SEC_ITSS_SND_CAM_02_BV finished. Verdict: pass
05:31:03.713759 Executing test case TC_SEC_ITSS_SND_CAM_03_BV in module ItsSecurity_TestCases.
05:31:03.713859 Test case TC_SEC_ITSS_SND_CAM_03_BV started.
05:31:03.713877 Initializing variables, timers and ports of component type LibItsGeoNetworking_TestSystem.ItsGeoNetworking inside testcase TC_SEC_ITSS_SND_CAM_03_BV.
05:31:03.713979 Port syncSendPort was started.
05:31:03.713993 Port syncPort was started.
05:31:03.714000 Port utPort was started.
05:31:03.714007 Port acPort was started.
05:31:03.714013 Port geoNetworkingPort was started.
05:31:03.714020 Component type LibItsGeoNetworking_TestSystem.ItsGeoNetworking was initialized.
05:31:03.714033 Mapping port mtc:acPort to system:acPort.
05:31:03.714249 Port acPort was mapped to system:acPort.
05:31:03.714529 Map operation of mtc:acPort to system:acPort finished.
05:31:03.714582 Mapping port mtc:utPort to system:utPort.
05:31:03.715110 Port utPort was mapped to system:utPort.
05:31:03.715495 Map operation of mtc:utPort to system:utPort finished.
05:31:03.715554 Mapping port mtc:geoNetworkingPort to system:geoNetworkingPort.
05:31:03.716086 security_services_its::setup: Already done
05:31:03.716250 Port geoNetworkingPort was mapped to system:geoNetworkingPort.
05:31:03.716443 Map operation of mtc:geoNetworkingPort to system:geoNetworkingPort finished.
05:31:03.716454 Connecting ports mtc:syncSendPort and mtc:syncPort.
05:31:03.716582 Port syncPort has established the connection with local port syncSendPort.
05:31:03.716607 Port syncSendPort has established the connection with local port syncPort.
05:31:03.716766 Connect operation on mtc:syncSendPort and mtc:syncPort finished.
05:31:03.716791 Altstep a_cf01Down was activated as default, id 1
05:31:03.716810 security_services_its::setup: Already done
05:31:03.716936 Selected issuer: 'E4B9D11A3802CDD1'O
05:31:03.717046 Sent on utPort to system @LibItsGeoNetworking_TypesAndValues.UtGnInitialize : { hashedId8 := '115EA89063B17FFD'O }
05:31:03.717922 Message enqueued on utPort from system @LibItsGeoNetworking_TypesAndValues.UtGnResults : { utGnInitializeResult := true } id 1
05:31:03.717949 Start timer tc_wait: 120 s
05:31:03.717965 Receive operation on port utPort succeeded, message from system(): @LibItsGeoNetworking_TypesAndValues.UtGnResults : { utGnInitializeResult := true } id 1
05:31:03.717971 Message with id 1 was extracted from the queue of utPort.
05:31:03.717974 Stop timer tc_wait: 120 s
05:31:03.717978 *** f_utInitializeIut: INFO: IUT initialized ***
05:31:03.717983 Start timer t: 1 s
05:31:03.819096 security_services_its::process_ieee_1609_dot2_signed_data: generation time check 716441468816799 / 716441463819095, delta = 4997704.000000, comp = 0
05:31:03.820111 Message enqueued on geoNetworkingPort from system @LibItsGeoNetworking_TypesAndValues.GeoNetworkingInd : { msgIn := { basicHeader := { version := 1, nextHeader := e_securedPacket (2), reserved := 0, lifeTime := { multiplier := 6, ltBase := e_10s (2) }, routerHopLimit := 1 }, gnPacket := { packet := { commonHeader := { nextHeader := e_btpB (2), reserved := 0, headerTST := { tsbHdr := { headerType := e_topologicallyScopedBroadcast (5), headerSubType := e_singleHop (0) } }, trafficClass := { scf := e_scfDisabled (0), channelOffload := e_choffDisabled (0), tcId := 0 }, flags := '10000000'B, plLength := 30, maxHopLimit := 1, reserved2 := 0 }, extendedHeader := { shbHeader := { srcPosVector := { gnAddr := { typeOfAddress := e_initial (0), stationType := e_unknown (0), reserved := 0, mid := '020000000001'O }, timestamp_ := 3476897680, latitude := 520000000, longitude := 130000000, pai := '0'B, speed := 0, heading := 0 }, reserved := 0 } }, payload := '07D1000002020000002A0000005A946F600E612ED01FFFFFFC23B7743E80'O }, securedMsg := { protocolVersion := 3, content := { signedData := { hashId := sha256 (0), tbsData := { payload := { data := { protocolVersion := 3, content := { unsecuredData := '20500080001E01000000020000000001CF3D3F901EFE920007BFA480000000000000000007D1000002020000002A0000005A946F600E612ED01FFFFFFC23B7743E80'O } }, extDataHash := omit, omitted := omit }, headerInfo := { psid := 36, generationTime := 716441468816799, expiryTime := omit, generationLocation := omit, p2pcdLearningRequest := omit, missingCrlIdentifier := omit, encryptionKey := omit, inlineP2pcdRequest := omit, requestedCertificate := omit, pduFunctionalType := omit, contributedExtensions := omit } }, signer := { certificate := { { version := 3, type_ := explicit (0), issuer := { sha256AndDigest := 'E5FA1B0F67D696EF'O }, toBeSigned := { id := { none_ := NULL }, cracaId := '000000'O, crlSeries := 0, validityPeriod := { start_ := 716440640, duration := { hours := 24 } }, region := omit, assuranceLevel := omit, appPermissions := { { psid := 36, ssp := { bitmapSsp := '01FFFC'O } }, { psid := 37, ssp := { bitmapSsp := '01FFFFFF'O } }, { psid := 141, ssp := omit }, { psid := 638, ssp := { bitmapSsp := '01'O } } }, certIssuePermissions := omit, certRequestPermissions := omit, canRequestRollover := omit, encryptionKey := omit, verifyKeyIndicator := { verificationKey := { ecdsaNistP256 := { compressed_y_0 := 'CE0D44FEB38EEC2A621802DF4AEDC4559C6362B922FC673076329142FB98B9BB'O } } }, flags := omit, appExtensions := omit, certIssueExtensions := omit, certRequestExtension := omit }, signature_ := { ecdsaNistP256Signature := { rSig := { x_only := '9A64157E524E023A54AB06957B37716AA503C45671C74E983FAB3191E9283F26'O }, sSig := 'C4B8A3ECBD3D5484A3AC9E76873F36ADCE244DE0B4DB8FD305B99558F6C94CD5'O } } } } }, signature_ := { ecdsaNistP256Signature := { rSig := { x_only := '7CE59CFB360646BBC616453D42D1A6EFE8A99249004E6E1BB3BCB77635A7EDDD'O }, sSig := 'F4E619E8ED069E15BD590F94B9C387797D10846DC4721FBCB94C3F343FBEECA8'O } } } } } } }, macDestinationAddress := 'FFFFFFFFFFFF'O, ssp := '000000011111111111111100'B, its_aid := 36 } id 1
05:31:04.717990 Timeout t: 1 s
05:31:04.718141 Sent on acPort to system @LibItsGeoNetworking_TypesAndValues.AcGnPrimitive : { getLongPosVector := { gnAddress := { typeOfAddress := e_initial (0), stationType := e_unknown (0), reserved := 0, mid := '020000000001'O } } }
05:31:04.718176 Message enqueued on acPort from system @LibItsGeoNetworking_TypesAndValues.AcGnResponse : { getLongPosVector := { gnAddr := { typeOfAddress := e_initial (0), stationType := e_unknown (0), reserved := 0, mid := '020000000001'O }, timestamp_ := 0, latitude := 520000000, longitude := 130000000, pai := '0'B, speed := 0, heading := 0 } } id 1
05:31:04.718196 Start timer tc_ac: 30 s
05:31:04.718238 Receive operation on port acPort succeeded, message from system(): @LibItsGeoNetworking_TypesAndValues.AcGnResponse : { getLongPosVector := { gnAddr := { typeOfAddress := e_initial (0), stationType := e_unknown (0), reserved := 0, mid := '020000000001'O }, timestamp_ := 0, latitude := 520000000, longitude := 130000000, pai := '0'B, speed := 0, heading := 0 } } id 1
05:31:04.718251 Message with id 1 was extracted from the queue of acPort.
05:31:04.718282 Stop timer tc_ac: 30 s
05:31:04.718399 Altstep a_default was activated as default, id 2
05:31:04.718413 Altstep a_utDefault was activated as default, id 3
05:31:04.718420 Altstep a_neighbourDefault was activated as default, id 4
05:31:04.718635 Sent on acPort to system @LibItsGeoNetworking_TypesAndValues.AcGnPrimitive : { startBeaconing := { beaconPacket := { basicHeader := { version := 1, nextHeader := e_commonHeader (1), reserved := 0, lifeTime := { multiplier := 10, ltBase := e_100s (3) }, routerHopLimit := 1 }, gnPacket := { packet := { commonHeader := { nextHeader := e_any (0), reserved := 0, headerTST := { beaconHdr := { headerType := e_beacon (1), headerSubType := 0 } }, trafficClass := { scf := e_scfEnabled (1), channelOffload := e_choffDisabled (0), tcId := 0 }, flags := '00000000'B, plLength := 0, maxHopLimit := 1, reserved2 := 0 }, extendedHeader := { beaconHeader := { srcPosVector := { gnAddr := { typeOfAddress := e_manual (1), stationType := e_passengerCar (5), reserved := 0, mid := '00000000000B'O }, timestamp_ := 3476892582, latitude := 520020000, longitude := 130000000, pai := '1'B, speed := 0, heading := 0 } } }, payload := omit }, securedMsg := omit } } } }
05:31:04.719143 Start timer t: 1 s
05:31:04.917294 security_services_its::process_ieee_1609_dot2_signed_data: generation time check 716441469916294 / 716441464917293, delta = 4999001.000000, comp = 0
05:31:04.917794 Message enqueued on geoNetworkingPort from system @LibItsGeoNetworking_TypesAndValues.GeoNetworkingInd : { msgIn := { basicHeader := { version := 1, nextHeader := e_securedPacket (2), reserved := 0, lifeTime := { multiplier := 6, ltBase := e_10s (2) }, routerHopLimit := 1 }, gnPacket := { packet := { commonHeader := { nextHeader := e_btpB (2), reserved := 0, headerTST := { tsbHdr := { headerType := e_topologicallyScopedBroadcast (5), headerSubType := e_singleHop (0) } }, trafficClass := { scf := e_scfDisabled (0), channelOffload := e_choffDisabled (0), tcId := 0 }, flags := '10000000'B, plLength := 30, maxHopLimit := 1, reserved2 := 0 }, extendedHeader := { shbHeader := { srcPosVector := { gnAddr := { typeOfAddress := e_initial (0), stationType := e_unknown (0), reserved := 0, mid := '020000000001'O }, timestamp_ := 3476898780, latitude := 520000000, longitude := 130000000, pai := '0'B, speed := 0, heading := 0 }, reserved := 0 } }, payload := '07D1000002020000002A0000005A946F600E612ED01FFFFFFC23B7743E80'O }, securedMsg := { protocolVersion := 3, content := { signedData := { hashId := sha256 (0), tbsData := { payload := { data := { protocolVersion := 3, content := { unsecuredData := '20500080001E01000000020000000001CF3D43DC1EFE920007BFA480000000000000000007D1000002020000002A0000005A946F600E612ED01FFFFFFC23B7743E80'O } }, extDataHash := omit, omitted := omit }, headerInfo := { psid := 36, generationTime := 716441469916294, expiryTime := omit, generationLocation := omit, p2pcdLearningRequest := omit, missingCrlIdentifier := omit, encryptionKey := omit, inlineP2pcdRequest := omit, requestedCertificate := omit, pduFunctionalType := omit, contributedExtensions := omit } }, signer := { certificate := { { version := 3, type_ := explicit (0), issuer := { sha256AndDigest := 'E5FA1B0F67D696EF'O }, toBeSigned := { id := { none_ := NULL }, cracaId := '000000'O, crlSeries := 0, validityPeriod := { start_ := 716440640, duration := { hours := 24 } }, region := omit, assuranceLevel := omit, appPermissions := { { psid := 36, ssp := { bitmapSsp := '01FFFC'O } }, { psid := 37, ssp := { bitmapSsp := '01FFFFFF'O } }, { psid := 141, ssp := omit }, { psid := 638, ssp := { bitmapSsp := '01'O } } }, certIssuePermissions := omit, certRequestPermissions := omit, canRequestRollover := omit, encryptionKey := omit, verifyKeyIndicator := { verificationKey := { ecdsaNistP256 := { compressed_y_0 := 'CE0D44FEB38EEC2A621802DF4AEDC4559C6362B922FC673076329142FB98B9BB'O } } }, flags := omit, appExtensions := omit, certIssueExtensions := omit, certRequestExtension := omit }, signature_ := { ecdsaNistP256Signature := { rSig := { x_only := '9A64157E524E023A54AB06957B37716AA503C45671C74E983FAB3191E9283F26'O }, sSig := 'C4B8A3ECBD3D5484A3AC9E76873F36ADCE244DE0B4DB8FD305B99558F6C94CD5'O } } } } }, signature_ := { ecdsaNistP256Signature := { rSig := { x_only := 'DD977A372042CBF91832965B51F4414F79C714017A8F98BF8887E6482B9B3088'O }, sSig := '22B1AED24EA9F04251FCA32C8303F743EFB0C0E9E201130213107162B9CC8F9D'O } } } } } } }, macDestinationAddress := 'FFFFFFFFFFFF'O, ssp := '000000011111111111111100'B, its_aid := 36 } id 2
05:31:05.719195 Timeout t: 1 s
05:31:05.719290 Start timer t: 0.5 s
05:31:05.719541 Receive operation on port geoNetworkingPort succeeded, message from system(): @LibItsGeoNetworking_TypesAndValues.GeoNetworkingInd: { msgIn := { basicHeader := { version := 1, nextHeader := e_securedPacket (2), reserved := 0, lifeTime := { multiplier := 6, ltBase := e_10s (2) }, routerHopLimit := 1 }, gnPacket := { packet := { commonHeader := { nextHeader := e_btpB (2), reserved := 0, headerTST := { tsbHdr := { headerType := e_topologicallyScopedBroadcast (5), headerSubType := e_singleHop (0) } }, trafficClass := { scf := e_scfDisabled (0), channelOffload := e_choffDisabled (0), tcId := 0 }, flags := '10000000'B, plLength := 30, maxHopLimit := 1, reserved2 := 0 }, extendedHeader := { shbHeader := { srcPosVector := { gnAddr := { typeOfAddress := e_initial (0), stationType := e_unknown (0), reserved := 0, mid := '020000000001'O }, timestamp_ := 3476897680, latitude := 520000000, longitude := 130000000, pai := '0'B, speed := 0, heading := 0 }, reserved := 0 } }, payload := '07D1000002020000002A0000005A946F600E612ED01FFFFFFC23B7743E80'O }, securedMsg := { protocolVersion := 3, content := { signedData := { hashId := sha256 (0), tbsData := { payload := { data := { protocolVersion := 3, content := { unsecuredData := '20500080001E01000000020000000001CF3D3F901EFE920007BFA480000000000000000007D1000002020000002A0000005A946F600E612ED01FFFFFFC23B7743E80'O } }, extDataHash := omit, omitted := omit }, headerInfo := { psid := 36, generationTime := 716441468816799, expiryTime := omit, generationLocation := omit, p2pcdLearningRequest := omit, missingCrlIdentifier := omit, encryptionKey := omit, inlineP2pcdRequest := omit, requestedCertificate := omit, pduFunctionalType := omit, contributedExtensions := omit } }, signer := { certificate := { { version := 3, type_ := explicit (0), issuer := { sha256AndDigest := 'E5FA1B0F67D696EF'O }, toBeSigned := { id := { none_ := NULL }, cracaId := '000000'O, crlSeries := 0, validityPeriod := { start_ := 716440640, duration := { hours := 24 } }, region := omit, assuranceLevel := omit, appPermissions := { { psid := 36, ssp := { bitmapSsp := '01FFFC'O } }, { psid := 37, ssp := { bitmapSsp := '01FFFFFF'O } }, { psid := 141, ssp := omit }, { psid := 638, ssp := { bitmapSsp := '01'O } } }, certIssuePermissions := omit, certRequestPermissions := omit, canRequestRollover := omit, encryptionKey := omit, verifyKeyIndicator := { verificationKey := { ecdsaNistP256 := { compressed_y_0 := 'CE0D44FEB38EEC2A621802DF4AEDC4559C6362B922FC673076329142FB98B9BB'O } } }, flags := omit, appExtensions := omit, certIssueExtensions := omit, certRequestExtension := omit }, signature_ := { ecdsaNistP256Signature := { rSig := { x_only := '9A64157E524E023A54AB06957B37716AA503C45671C74E983FAB3191E9283F26'O }, sSig := 'C4B8A3ECBD3D5484A3AC9E76873F36ADCE244DE0B4DB8FD305B99558F6C94CD5'O } } } } }, signature_ := { ecdsaNistP256Signature := { rSig := { x_only := '7CE59CFB360646BBC616453D42D1A6EFE8A99249004E6E1BB3BCB77635A7EDDD'O }, sSig := 'F4E619E8ED069E15BD590F94B9C387797D10846DC4721FBCB94C3F343FBEECA8'O } } } } } } }, macDestinationAddress := 'FFFFFFFFFFFF'O, ssp := '000000011111111111111100'B, its_aid := 36 } id 1
05:31:05.720044 Message with id 1 was extracted from the queue of geoNetworkingPort.
05:31:05.720069 *** a_default: WARNING: Received an unexpected message ***
05:31:05.720074 Default with id 4 (altstep a_neighbourDefault) has reached a break statement. Skipping current alt statement or receiving operation.
05:31:05.720221 Receive operation on port geoNetworkingPort succeeded, message from system(): @LibItsGeoNetworking_TypesAndValues.GeoNetworkingInd: { msgIn := { basicHeader := { version := 1, nextHeader := e_securedPacket (2), reserved := 0, lifeTime := { multiplier := 6, ltBase := e_10s (2) }, routerHopLimit := 1 }, gnPacket := { packet := { commonHeader := { nextHeader := e_btpB (2), reserved := 0, headerTST := { tsbHdr := { headerType := e_topologicallyScopedBroadcast (5), headerSubType := e_singleHop (0) } }, trafficClass := { scf := e_scfDisabled (0), channelOffload := e_choffDisabled (0), tcId := 0 }, flags := '10000000'B, plLength := 30, maxHopLimit := 1, reserved2 := 0 }, extendedHeader := { shbHeader := { srcPosVector := { gnAddr := { typeOfAddress := e_initial (0), stationType := e_unknown (0), reserved := 0, mid := '020000000001'O }, timestamp_ := 3476898780, latitude := 520000000, longitude := 130000000, pai := '0'B, speed := 0, heading := 0 }, reserved := 0 } }, payload := '07D1000002020000002A0000005A946F600E612ED01FFFFFFC23B7743E80'O }, securedMsg := { protocolVersion := 3, content := { signedData := { hashId := sha256 (0), tbsData := { payload := { data := { protocolVersion := 3, content := { unsecuredData := '20500080001E01000000020000000001CF3D43DC1EFE920007BFA480000000000000000007D1000002020000002A0000005A946F600E612ED01FFFFFFC23B7743E80'O } }, extDataHash := omit, omitted := omit }, headerInfo := { psid := 36, generationTime := 716441469916294, expiryTime := omit, generationLocation := omit, p2pcdLearningRequest := omit, missingCrlIdentifier := omit, encryptionKey := omit, inlineP2pcdRequest := omit, requestedCertificate := omit, pduFunctionalType := omit, contributedExtensions := omit } }, signer := { certificate := { { version := 3, type_ := explicit (0), issuer := { sha256AndDigest := 'E5FA1B0F67D696EF'O }, toBeSigned := { id := { none_ := NULL }, cracaId := '000000'O, crlSeries := 0, validityPeriod := { start_ := 716440640, duration := { hours := 24 } }, region := omit, assuranceLevel := omit, appPermissions := { { psid := 36, ssp := { bitmapSsp := '01FFFC'O } }, { psid := 37, ssp := { bitmapSsp := '01FFFFFF'O } }, { psid := 141, ssp := omit }, { psid := 638, ssp := { bitmapSsp := '01'O } } }, certIssuePermissions := omit, certRequestPermissions := omit, canRequestRollover := omit, encryptionKey := omit, verifyKeyIndicator := { verificationKey := { ecdsaNistP256 := { compressed_y_0 := 'CE0D44FEB38EEC2A621802DF4AEDC4559C6362B922FC673076329142FB98B9BB'O } } }, flags := omit, appExtensions := omit, certIssueExtensions := omit, certRequestExtension := omit }, signature_ := { ecdsaNistP256Signature := { rSig := { x_only := '9A64157E524E023A54AB06957B37716AA503C45671C74E983FAB3191E9283F26'O }, sSig := 'C4B8A3ECBD3D5484A3AC9E76873F36ADCE244DE0B4DB8FD305B99558F6C94CD5'O } } } } }, signature_ := { ecdsaNistP256Signature := { rSig := { x_only := 'DD977A372042CBF91832965B51F4414F79C714017A8F98BF8887E6482B9B3088'O }, sSig := '22B1AED24EA9F04251FCA32C8303F743EFB0C0E9E201130213107162B9CC8F9D'O } } } } } } }, macDestinationAddress := 'FFFFFFFFFFFF'O, ssp := '000000011111111111111100'B, its_aid := 36 } id 2
05:31:05.720246 Message with id 2 was extracted from the queue of geoNetworkingPort.
05:31:05.720250 *** a_default: WARNING: Received an unexpected message ***
05:31:05.720253 Default with id 4 (altstep a_neighbourDefault) has reached a break statement. Skipping current alt statement or receiving operation.
05:31:05.919904 security_services_its::process_ieee_1609_dot2_signed_data: generation time check 716441470917510 / 716441465919903, delta = 4997607.000000, comp = 0
05:31:05.920859 Message enqueued on geoNetworkingPort from system @LibItsGeoNetworking_TypesAndValues.GeoNetworkingInd : { msgIn := { basicHeader := { version := 1, nextHeader := e_securedPacket (2), reserved := 0, lifeTime := { multiplier := 6, ltBase := e_10s (2) }, routerHopLimit := 1 }, gnPacket := { packet := { commonHeader := { nextHeader := e_btpB (2), reserved := 0, headerTST := { tsbHdr := { headerType := e_topologicallyScopedBroadcast (5), headerSubType := e_singleHop (0) } }, trafficClass := { scf := e_scfDisabled (0), channelOffload := e_choffDisabled (0), tcId := 0 }, flags := '10000000'B, plLength := 30, maxHopLimit := 1, reserved2 := 0 }, extendedHeader := { shbHeader := { srcPosVector := { gnAddr := { typeOfAddress := e_initial (0), stationType := e_unknown (0), reserved := 0, mid := '020000000001'O }, timestamp_ := 3476899781, latitude := 520000000, longitude := 130000000, pai := '0'B, speed := 0, heading := 0 }, reserved := 0 } }, payload := '07D1000002020000002A0000005A946F600E612ED01FFFFFFC23B7743E80'O }, securedMsg := { protocolVersion := 3, content := { signedData := { hashId := sha256 (0), tbsData := { payload := { data := { protocolVersion := 3, content := { unsecuredData := '20500080001E01000000020000000001CF3D47C51EFE920007BFA480000000000000000007D1000002020000002A0000005A946F600E612ED01FFFFFFC23B7743E80'O } }, extDataHash := omit, omitted := omit }, headerInfo := { psid := 36, generationTime := 716441470917510, expiryTime := omit, generationLocation := omit, p2pcdLearningRequest := omit, missingCrlIdentifier := omit, encryptionKey := omit, inlineP2pcdRequest := omit, requestedCertificate := omit, pduFunctionalType := omit, contributedExtensions := omit } }, signer := { certificate := { { version := 3, type_ := explicit (0), issuer := { sha256AndDigest := 'E5FA1B0F67D696EF'O }, toBeSigned := { id := { none_ := NULL }, cracaId := '000000'O, crlSeries := 0, validityPeriod := { start_ := 716440640, duration := { hours := 24 } }, region := omit, assuranceLevel := omit, appPermissions := { { psid := 36, ssp := { bitmapSsp := '01FFFC'O } }, { psid := 37, ssp := { bitmapSsp := '01FFFFFF'O } }, { psid := 141, ssp := omit }, { psid := 638, ssp := { bitmapSsp := '01'O } } }, certIssuePermissions := omit, certRequestPermissions := omit, canRequestRollover := omit, encryptionKey := omit, verifyKeyIndicator := { verificationKey := { ecdsaNistP256 := { compressed_y_0 := 'CE0D44FEB38EEC2A621802DF4AEDC4559C6362B922FC673076329142FB98B9BB'O } } }, flags := omit, appExtensions := omit, certIssueExtensions := omit, certRequestExtension := omit }, signature_ := { ecdsaNistP256Signature := { rSig := { x_only := '9A64157E524E023A54AB06957B37716AA503C45671C74E983FAB3191E9283F26'O }, sSig := 'C4B8A3ECBD3D5484A3AC9E76873F36ADCE244DE0B4DB8FD305B99558F6C94CD5'O } } } } }, signature_ := { ecdsaNistP256Signature := { rSig := { x_only := 'C74F2DF4D5FFF2E5FF68DBAFC946CCF8805EBFBF640A8081157BEFB747F47A61'O }, sSig := 'F6E7510D74B5D8643CB3A2C7641EC20456A3398AD82948E5E320BE8D3B5F2388'O } } } } } } }, macDestinationAddress := 'FFFFFFFFFFFF'O, ssp := '000000011111111111111100'B, its_aid := 36 } id 3
05:31:05.921183 Receive operation on port geoNetworkingPort succeeded, message from system(): @LibItsGeoNetworking_TypesAndValues.GeoNetworkingInd: { msgIn := { basicHeader := { version := 1, nextHeader := e_securedPacket (2), reserved := 0, lifeTime := { multiplier := 6, ltBase := e_10s (2) }, routerHopLimit := 1 }, gnPacket := { packet := { commonHeader := { nextHeader := e_btpB (2), reserved := 0, headerTST := { tsbHdr := { headerType := e_topologicallyScopedBroadcast (5), headerSubType := e_singleHop (0) } }, trafficClass := { scf := e_scfDisabled (0), channelOffload := e_choffDisabled (0), tcId := 0 }, flags := '10000000'B, plLength := 30, maxHopLimit := 1, reserved2 := 0 }, extendedHeader := { shbHeader := { srcPosVector := { gnAddr := { typeOfAddress := e_initial (0), stationType := e_unknown (0), reserved := 0, mid := '020000000001'O }, timestamp_ := 3476899781, latitude := 520000000, longitude := 130000000, pai := '0'B, speed := 0, heading := 0 }, reserved := 0 } }, payload := '07D1000002020000002A0000005A946F600E612ED01FFFFFFC23B7743E80'O }, securedMsg := { protocolVersion := 3, content := { signedData := { hashId := sha256 (0), tbsData := { payload := { data := { protocolVersion := 3, content := { unsecuredData := '20500080001E01000000020000000001CF3D47C51EFE920007BFA480000000000000000007D1000002020000002A0000005A946F600E612ED01FFFFFFC23B7743E80'O } }, extDataHash := omit, omitted := omit }, headerInfo := { psid := 36, generationTime := 716441470917510, expiryTime := omit, generationLocation := omit, p2pcdLearningRequest := omit, missingCrlIdentifier := omit, encryptionKey := omit, inlineP2pcdRequest := omit, requestedCertificate := omit, pduFunctionalType := omit, contributedExtensions := omit } }, signer := { certificate := { { version := 3, type_ := explicit (0), issuer := { sha256AndDigest := 'E5FA1B0F67D696EF'O }, toBeSigned := { id := { none_ := NULL }, cracaId := '000000'O, crlSeries := 0, validityPeriod := { start_ := 716440640, duration := { hours := 24 } }, region := omit, assuranceLevel := omit, appPermissions := { { psid := 36, ssp := { bitmapSsp := '01FFFC'O } }, { psid := 37, ssp := { bitmapSsp := '01FFFFFF'O } }, { psid := 141, ssp := omit }, { psid := 638, ssp := { bitmapSsp := '01'O } } }, certIssuePermissions := omit, certRequestPermissions := omit, canRequestRollover := omit, encryptionKey := omit, verifyKeyIndicator := { verificationKey := { ecdsaNistP256 := { compressed_y_0 := 'CE0D44FEB38EEC2A621802DF4AEDC4559C6362B922FC673076329142FB98B9BB'O } } }, flags := omit, appExtensions := omit, certIssueExtensions := omit, certRequestExtension := omit }, signature_ := { ecdsaNistP256Signature := { rSig := { x_only := '9A64157E524E023A54AB06957B37716AA503C45671C74E983FAB3191E9283F26'O }, sSig := 'C4B8A3ECBD3D5484A3AC9E76873F36ADCE244DE0B4DB8FD305B99558F6C94CD5'O } } } } }, signature_ := { ecdsaNistP256Signature := { rSig := { x_only := 'C74F2DF4D5FFF2E5FF68DBAFC946CCF8805EBFBF640A8081157BEFB747F47A61'O }, sSig := 'F6E7510D74B5D8643CB3A2C7641EC20456A3398AD82948E5E320BE8D3B5F2388'O } } } } } } }, macDestinationAddress := 'FFFFFFFFFFFF'O, ssp := '000000011111111111111100'B, its_aid := 36 } id 3
05:31:05.921217 Message with id 3 was extracted from the queue of geoNetworkingPort.
05:31:05.921226 *** a_default: WARNING: Received an unexpected message ***
05:31:05.921234 Default with id 4 (altstep a_neighbourDefault) has reached a break statement. Skipping current alt statement or receiving operation.
05:31:06.219483 Timeout t: 0.5 s
05:31:06.219563 **** f_selfSync: Successfully passed PREAMBLE synchronization point. ****
05:31:06.219574 Start timer tc_ac: 30 s
05:31:07.017875 security_services_its::process_ieee_1609_dot2_signed_data: generation time check 716441472016320 / 716441467017874, delta = 4998446.000000, comp = 0
05:31:07.018658 Message enqueued on geoNetworkingPort from system @LibItsGeoNetworking_TypesAndValues.GeoNetworkingInd : { msgIn := { basicHeader := { version := 1, nextHeader := e_securedPacket (2), reserved := 0, lifeTime := { multiplier := 6, ltBase := e_10s (2) }, routerHopLimit := 1 }, gnPacket := { packet := { commonHeader := { nextHeader := e_btpB (2), reserved := 0, headerTST := { tsbHdr := { headerType := e_topologicallyScopedBroadcast (5), headerSubType := e_singleHop (0) } }, trafficClass := { scf := e_scfDisabled (0), channelOffload := e_choffDisabled (0), tcId := 0 }, flags := '10000000'B, plLength := 30, maxHopLimit := 1, reserved2 := 0 }, extendedHeader := { shbHeader := { srcPosVector := { gnAddr := { typeOfAddress := e_initial (0), stationType := e_unknown (0), reserved := 0, mid := '020000000001'O }, timestamp_ := 3476900880, latitude := 520000000, longitude := 130000000, pai := '0'B, speed := 0, heading := 0 }, reserved := 0 } }, payload := '07D1000002020000002A0000005A946F600E612ED01FFFFFFC23B7743E80'O }, securedMsg := { protocolVersion := 3, content := { signedData := { hashId := sha256 (0), tbsData := { payload := { data := { protocolVersion := 3, content := { unsecuredData := '20500080001E01000000020000000001CF3D4C101EFE920007BFA480000000000000000007D1000002020000002A0000005A946F600E612ED01FFFFFFC23B7743E80'O } }, extDataHash := omit, omitted := omit }, headerInfo := { psid := 36, generationTime := 716441472016320, expiryTime := omit, generationLocation := omit, p2pcdLearningRequest := omit, missingCrlIdentifier := omit, encryptionKey := omit, inlineP2pcdRequest := omit, requestedCertificate := omit, pduFunctionalType := omit, contributedExtensions := omit } }, signer := { certificate := { { version := 3, type_ := explicit (0), issuer := { sha256AndDigest := 'E5FA1B0F67D696EF'O }, toBeSigned := { id := { none_ := NULL }, cracaId := '000000'O, crlSeries := 0, validityPeriod := { start_ := 716440640, duration := { hours := 24 } }, region := omit, assuranceLevel := omit, appPermissions := { { psid := 36, ssp := { bitmapSsp := '01FFFC'O } }, { psid := 37, ssp := { bitmapSsp := '01FFFFFF'O } }, { psid := 141, ssp := omit }, { psid := 638, ssp := { bitmapSsp := '01'O } } }, certIssuePermissions := omit, certRequestPermissions := omit, canRequestRollover := omit, encryptionKey := omit, verifyKeyIndicator := { verificationKey := { ecdsaNistP256 := { compressed_y_0 := 'CE0D44FEB38EEC2A621802DF4AEDC4559C6362B922FC673076329142FB98B9BB'O } } }, flags := omit, appExtensions := omit, certIssueExtensions := omit, certRequestExtension := omit }, signature_ := { ecdsaNistP256Signature := { rSig := { x_only := '9A64157E524E023A54AB06957B37716AA503C45671C74E983FAB3191E9283F26'O }, sSig := 'C4B8A3ECBD3D5484A3AC9E76873F36ADCE244DE0B4DB8FD305B99558F6C94CD5'O } } } } }, signature_ := { ecdsaNistP256Signature := { rSig := { x_only := 'C109DD41CD8F136459BBD8D1E496E564C353585C8A21A5A068D59F5FEE0EF6CD'O }, sSig := '4536C678A6BA996173CB1D5729D4A56013E99912C2879146F9D0B44AFB8EAC8A'O } } } } } } }, macDestinationAddress := 'FFFFFFFFFFFF'O, ssp := '000000011111111111111100'B, its_aid := 36 } id 4
05:31:07.018895 Receive operation on port geoNetworkingPort succeeded, message from system(): @LibItsGeoNetworking_TypesAndValues.GeoNetworkingInd : { msgIn := { basicHeader := { version := 1, nextHeader := e_securedPacket (2), reserved := 0, lifeTime := { multiplier := 6, ltBase := e_10s (2) }, routerHopLimit := 1 }, gnPacket := { packet := { commonHeader := { nextHeader := e_btpB (2), reserved := 0, headerTST := { tsbHdr := { headerType := e_topologicallyScopedBroadcast (5), headerSubType := e_singleHop (0) } }, trafficClass := { scf := e_scfDisabled (0), channelOffload := e_choffDisabled (0), tcId := 0 }, flags := '10000000'B, plLength := 30, maxHopLimit := 1, reserved2 := 0 }, extendedHeader := { shbHeader := { srcPosVector := { gnAddr := { typeOfAddress := e_initial (0), stationType := e_unknown (0), reserved := 0, mid := '020000000001'O }, timestamp_ := 3476900880, latitude := 520000000, longitude := 130000000, pai := '0'B, speed := 0, heading := 0 }, reserved := 0 } }, payload := '07D1000002020000002A0000005A946F600E612ED01FFFFFFC23B7743E80'O }, securedMsg := { protocolVersion := 3, content := { signedData := { hashId := sha256 (0), tbsData := { payload := { data := { protocolVersion := 3, content := { unsecuredData := '20500080001E01000000020000000001CF3D4C101EFE920007BFA480000000000000000007D1000002020000002A0000005A946F600E612ED01FFFFFFC23B7743E80'O } }, extDataHash := omit, omitted := omit }, headerInfo := { psid := 36, generationTime := 716441472016320, expiryTime := omit, generationLocation := omit, p2pcdLearningRequest := omit, missingCrlIdentifier := omit, encryptionKey := omit, inlineP2pcdRequest := omit, requestedCertificate := omit, pduFunctionalType := omit, contributedExtensions := omit } }, signer := { certificate := { { version := 3, type_ := explicit (0), issuer := { sha256AndDigest := 'E5FA1B0F67D696EF'O }, toBeSigned := { id := { none_ := NULL }, cracaId := '000000'O, crlSeries := 0, validityPeriod := { start_ := 716440640, duration := { hours := 24 } }, region := omit, assuranceLevel := omit, appPermissions := { { psid := 36, ssp := { bitmapSsp := '01FFFC'O } }, { psid := 37, ssp := { bitmapSsp := '01FFFFFF'O } }, { psid := 141, ssp := omit }, { psid := 638, ssp := { bitmapSsp := '01'O } } }, certIssuePermissions := omit, certRequestPermissions := omit, canRequestRollover := omit, encryptionKey := omit, verifyKeyIndicator := { verificationKey := { ecdsaNistP256 := { compressed_y_0 := 'CE0D44FEB38EEC2A621802DF4AEDC4559C6362B922FC673076329142FB98B9BB'O } } }, flags := omit, appExtensions := omit, certIssueExtensions := omit, certRequestExtension := omit }, signature_ := { ecdsaNistP256Signature := { rSig := { x_only := '9A64157E524E023A54AB06957B37716AA503C45671C74E983FAB3191E9283F26'O }, sSig := 'C4B8A3ECBD3D5484A3AC9E76873F36ADCE244DE0B4DB8FD305B99558F6C94CD5'O } } } } }, signature_ := { ecdsaNistP256Signature := { rSig := { x_only := 'C109DD41CD8F136459BBD8D1E496E564C353585C8A21A5A068D59F5FEE0EF6CD'O }, sSig := '4536C678A6BA996173CB1D5729D4A56013E99912C2879146F9D0B44AFB8EAC8A'O } } } } } } }, macDestinationAddress := 'FFFFFFFFFFFF'O, ssp := '000000011111111111111100'B, its_aid := 36 } id 4
05:31:07.018935 Message with id 4 was extracted from the queue of geoNetworkingPort.
05:31:07.018966 Stop timer tc_ac: 30 s
05:31:07.018983 *** TC_SEC_ITSS_SND_CAM_03_BV: PASS: Correct secured packet received
05:31:07.018992 setverdict(pass): none -> pass
05:31:07.019072 **** f_selfSync: Successfully passed TEST BODY synchronization point. ****
05:31:07.019090 Sent on acPort to system @LibItsGeoNetworking_TypesAndValues.AcGnPrimitive : { stopBeaconing := { } }
05:31:07.019102 Default with id 4 (altstep a_neighbourDefault) was deactivated.
05:31:07.019121 Sent on acPort to system @LibItsCommon_TypesAndValues.AcSecPrimitive : { acDisableSecurity := { disable := true } }
05:31:07.019130 Message enqueued on acPort from system @LibItsCommon_TypesAndValues.AdapterControlResults : { acSecResponse := true } id 2
05:31:07.019139 Start timer tc_ac: 30 s
05:31:07.019153 Receive operation on port acPort succeeded, message from system(): @LibItsCommon_TypesAndValues.AdapterControlResults : { acSecResponse := true } id 2
05:31:07.019161 Message with id 2 was extracted from the queue of acPort.
05:31:07.019167 Stop timer tc_ac: 30 s
05:31:07.019176 Unmapping port mtc:acPort from system:acPort.
05:31:07.019442 Port acPort was unmapped from system:acPort.
05:31:07.019688 Unmap operation of mtc:acPort from system:acPort finished.
05:31:07.019724 Unmapping port mtc:utPort from system:utPort.
05:31:07.019906 Port utPort was unmapped from system:utPort.
05:31:07.020204 Unmap operation of mtc:utPort from system:utPort finished.
05:31:07.020244 Unmapping port mtc:geoNetworkingPort from system:geoNetworkingPort.
05:31:07.020426 Port geoNetworkingPort was unmapped from system:geoNetworkingPort.
05:31:07.020643 Unmap operation of mtc:geoNetworkingPort from system:geoNetworkingPort finished.
05:31:07.020663 Disconnecting ports mtc:syncSendPort and mtc:syncPort.
05:31:07.020801 Port syncSendPort has terminated the connection with local port syncPort.
05:31:07.020843 Port syncPort has terminated the connection with local port syncSendPort.
05:31:07.021091 Disconnect operation on mtc:syncSendPort and mtc:syncPort finished.
05:31:07.021135 Terminating component type LibItsGeoNetworking_TestSystem.ItsGeoNetworking.
05:31:07.021147 Default with id 1 (altstep a_cf01Down) was deactivated.
05:31:07.021155 Default with id 2 (altstep a_default) was deactivated.
05:31:07.021160 Default with id 3 (altstep a_utDefault) was deactivated.
05:31:07.021173 Port syncSendPort was stopped.
05:31:07.021182 Port syncPort was stopped.
05:31:07.021188 Port utPort was stopped.
05:31:07.021193 Port acPort was stopped.
05:31:07.021198 Port geoNetworkingPort was stopped.
05:31:07.021203 Component type LibItsGeoNetworking_TestSystem.ItsGeoNetworking was shut down inside testcase TC_SEC_ITSS_SND_CAM_03_BV.
05:31:07.021211 Waiting for PTCs to finish.
05:31:07.021495 Setting final verdict of the test case.
05:31:07.021619 Local verdict of MTC: pass
05:31:07.021643 No PTCs were created.
05:31:07.021651 Test case TC_SEC_ITSS_SND_CAM_03_BV finished. Verdict: pass
05:31:07.021817 Executing test case TC_SEC_ITSS_SND_CAM_04_BV in module ItsSecurity_TestCases.
05:31:07.021892 Test case TC_SEC_ITSS_SND_CAM_04_BV started.
05:31:07.021900 Initializing variables, timers and ports of component type LibItsGeoNetworking_TestSystem.ItsGeoNetworking inside testcase TC_SEC_ITSS_SND_CAM_04_BV.
05:31:07.021961 Port syncSendPort was started.
05:31:07.021966 Port syncPort was started.
05:31:07.021968 Port utPort was started.
05:31:07.021971 Port acPort was started.
05:31:07.021973 Port geoNetworkingPort was started.
05:31:07.021998 Component type LibItsGeoNetworking_TestSystem.ItsGeoNetworking was initialized.
05:31:07.022009 Mapping port mtc:acPort to system:acPort.
05:31:07.022166 Port acPort was mapped to system:acPort.
05:31:07.022353 Map operation of mtc:acPort to system:acPort finished.
05:31:07.022400 Mapping port mtc:utPort to system:utPort.
05:31:07.022847 Port utPort was mapped to system:utPort.
05:31:07.023186 Map operation of mtc:utPort to system:utPort finished.
05:31:07.023264 Mapping port mtc:geoNetworkingPort to system:geoNetworkingPort.
05:31:07.023571 security_services_its::setup: Already done
05:31:07.023700 Port geoNetworkingPort was mapped to system:geoNetworkingPort.
05:31:07.023872 Map operation of mtc:geoNetworkingPort to system:geoNetworkingPort finished.
05:31:07.023894 Connecting ports mtc:syncSendPort and mtc:syncPort.
05:31:07.024043 Port syncPort has established the connection with local port syncSendPort.
05:31:07.024053 Port syncSendPort has established the connection with local port syncPort.
05:31:07.024171 Connect operation on mtc:syncSendPort and mtc:syncPort finished.
05:31:07.024194 Altstep a_cf01Down was activated as default, id 1
05:31:07.024209 security_services_its::setup: Already done
05:31:07.024311 Selected issuer: 'E4B9D11A3802CDD1'O
05:31:07.024403 Sent on utPort to system @LibItsGeoNetworking_TypesAndValues.UtGnInitialize : { hashedId8 := '115EA89063B17FFD'O }
05:31:07.025312 Message enqueued on utPort from system @LibItsGeoNetworking_TypesAndValues.UtGnResults : { utGnInitializeResult := true } id 1
05:31:07.025341 Start timer tc_wait: 120 s
05:31:07.025358 Receive operation on port utPort succeeded, message from system(): @LibItsGeoNetworking_TypesAndValues.UtGnResults : { utGnInitializeResult := true } id 1
05:31:07.025363 Message with id 1 was extracted from the queue of utPort.
05:31:07.025367 Stop timer tc_wait: 120 s
05:31:07.025371 *** f_utInitializeIut: INFO: IUT initialized ***
05:31:07.025376 Start timer t: 1 s
05:31:07.125427 security_services_its::process_ieee_1609_dot2_signed_data: generation time check 716441472123916 / 716441467125426, delta = 4998490.000000, comp = 0
05:31:07.126288 Message enqueued on geoNetworkingPort from system @LibItsGeoNetworking_TypesAndValues.GeoNetworkingInd : { msgIn := { basicHeader := { version := 1, nextHeader := e_securedPacket (2), reserved := 0, lifeTime := { multiplier := 6, ltBase := e_10s (2) }, routerHopLimit := 1 }, gnPacket := { packet := { commonHeader := { nextHeader := e_btpB (2), reserved := 0, headerTST := { tsbHdr := { headerType := e_topologicallyScopedBroadcast (5), headerSubType := e_singleHop (0) } }, trafficClass := { scf := e_scfDisabled (0), channelOffload := e_choffDisabled (0), tcId := 0 }, flags := '10000000'B, plLength := 30, maxHopLimit := 1, reserved2 := 0 }, extendedHeader := { shbHeader := { srcPosVector := { gnAddr := { typeOfAddress := e_initial (0), stationType := e_unknown (0), reserved := 0, mid := '020000000001'O }, timestamp_ := 3476900987, latitude := 520000000, longitude := 130000000, pai := '0'B, speed := 0, heading := 0 }, reserved := 0 } }, payload := '07D1000002020000002A0000005A946F600E612ED01FFFFFFC23B7743E80'O }, securedMsg := { protocolVersion := 3, content := { signedData := { hashId := sha256 (0), tbsData := { payload := { data := { protocolVersion := 3, content := { unsecuredData := '20500080001E01000000020000000001CF3D4C7B1EFE920007BFA480000000000000000007D1000002020000002A0000005A946F600E612ED01FFFFFFC23B7743E80'O } }, extDataHash := omit, omitted := omit }, headerInfo := { psid := 36, generationTime := 716441472123916, expiryTime := omit, generationLocation := omit, p2pcdLearningRequest := omit, missingCrlIdentifier := omit, encryptionKey := omit, inlineP2pcdRequest := omit, requestedCertificate := omit, pduFunctionalType := omit, contributedExtensions := omit } }, signer := { certificate := { { version := 3, type_ := explicit (0), issuer := { sha256AndDigest := 'E5FA1B0F67D696EF'O }, toBeSigned := { id := { none_ := NULL }, cracaId := '000000'O, crlSeries := 0, validityPeriod := { start_ := 716440640, duration := { hours := 24 } }, region := omit, assuranceLevel := omit, appPermissions := { { psid := 36, ssp := { bitmapSsp := '01FFFC'O } }, { psid := 37, ssp := { bitmapSsp := '01FFFFFF'O } }, { psid := 141, ssp := omit }, { psid := 638, ssp := { bitmapSsp := '01'O } } }, certIssuePermissions := omit, certRequestPermissions := omit, canRequestRollover := omit, encryptionKey := omit, verifyKeyIndicator := { verificationKey := { ecdsaNistP256 := { compressed_y_0 := 'CE0D44FEB38EEC2A621802DF4AEDC4559C6362B922FC673076329142FB98B9BB'O } } }, flags := omit, appExtensions := omit, certIssueExtensions := omit, certRequestExtension := omit }, signature_ := { ecdsaNistP256Signature := { rSig := { x_only := '9A64157E524E023A54AB06957B37716AA503C45671C74E983FAB3191E9283F26'O }, sSig := 'C4B8A3ECBD3D5484A3AC9E76873F36ADCE244DE0B4DB8FD305B99558F6C94CD5'O } } } } }, signature_ := { ecdsaNistP256Signature := { rSig := { x_only := '98FB15342656E5B02D3BF8D3118563C04787FA6E2776011AD403D806CDC16601'O }, sSig := '98716450114BC20753182C83F4B673416D2B034F9745B3E9EFAFCA09B4F0CE31'O } } } } } } }, macDestinationAddress := 'FFFFFFFFFFFF'O, ssp := '000000011111111111111100'B, its_aid := 36 } id 1
05:31:08.025385 Timeout t: 1 s
05:31:08.025593 Sent on acPort to system @LibItsGeoNetworking_TypesAndValues.AcGnPrimitive : { getLongPosVector := { gnAddress := { typeOfAddress := e_initial (0), stationType := e_unknown (0), reserved := 0, mid := '020000000001'O } } }
05:31:08.025633 Message enqueued on acPort from system @LibItsGeoNetworking_TypesAndValues.AcGnResponse : { getLongPosVector := { gnAddr := { typeOfAddress := e_initial (0), stationType := e_unknown (0), reserved := 0, mid := '020000000001'O }, timestamp_ := 0, latitude := 520000000, longitude := 130000000, pai := '0'B, speed := 0, heading := 0 } } id 1
05:31:08.025656 Start timer tc_ac: 30 s
05:31:08.025704 Receive operation on port acPort succeeded, message from system(): @LibItsGeoNetworking_TypesAndValues.AcGnResponse : { getLongPosVector := { gnAddr := { typeOfAddress := e_initial (0), stationType := e_unknown (0), reserved := 0, mid := '020000000001'O }, timestamp_ := 0, latitude := 520000000, longitude := 130000000, pai := '0'B, speed := 0, heading := 0 } } id 1
05:31:08.025717 Message with id 1 was extracted from the queue of acPort.
05:31:08.025727 Stop timer tc_ac: 30 s
05:31:08.025861 Altstep a_default was activated as default, id 2
05:31:08.025874 Altstep a_utDefault was activated as default, id 3
05:31:08.025881 Altstep a_neighbourDefault was activated as default, id 4
05:31:08.026100 Sent on acPort to system @LibItsGeoNetworking_TypesAndValues.AcGnPrimitive : { startBeaconing := { beaconPacket := { basicHeader := { version := 1, nextHeader := e_commonHeader (1), reserved := 0, lifeTime := { multiplier := 10, ltBase := e_100s (3) }, routerHopLimit := 1 }, gnPacket := { packet := { commonHeader := { nextHeader := e_any (0), reserved := 0, headerTST := { beaconHdr := { headerType := e_beacon (1), headerSubType := 0 } }, trafficClass := { scf := e_scfEnabled (1), channelOffload := e_choffDisabled (0), tcId := 0 }, flags := '00000000'B, plLength := 0, maxHopLimit := 1, reserved2 := 0 }, extendedHeader := { beaconHeader := { srcPosVector := { gnAddr := { typeOfAddress := e_manual (1), stationType := e_passengerCar (5), reserved := 0, mid := '00000000000B'O }, timestamp_ := 3476895889, latitude := 520020000, longitude := 130000000, pai := '1'B, speed := 0, heading := 0 } } }, payload := omit }, securedMsg := omit } } } }
05:31:08.026972 Start timer t: 1 s
05:31:08.225131 security_services_its::process_ieee_1609_dot2_signed_data: generation time check 716441473223729 / 716441468225130, delta = 4998599.000000, comp = 0
05:31:08.225899 Message enqueued on geoNetworkingPort from system @LibItsGeoNetworking_TypesAndValues.GeoNetworkingInd : { msgIn := { basicHeader := { version := 1, nextHeader := e_securedPacket (2), reserved := 0, lifeTime := { multiplier := 6, ltBase := e_10s (2) }, routerHopLimit := 1 }, gnPacket := { packet := { commonHeader := { nextHeader := e_btpB (2), reserved := 0, headerTST := { tsbHdr := { headerType := e_topologicallyScopedBroadcast (5), headerSubType := e_singleHop (0) } }, trafficClass := { scf := e_scfDisabled (0), channelOffload := e_choffDisabled (0), tcId := 0 }, flags := '10000000'B, plLength := 30, maxHopLimit := 1, reserved2 := 0 }, extendedHeader := { shbHeader := { srcPosVector := { gnAddr := { typeOfAddress := e_initial (0), stationType := e_unknown (0), reserved := 0, mid := '020000000001'O }, timestamp_ := 3476902087, latitude := 520000000, longitude := 130000000, pai := '0'B, speed := 0, heading := 0 }, reserved := 0 } }, payload := '07D1000002020000002A0000005A946F600E612ED01FFFFFFC23B7743E80'O }, securedMsg := { protocolVersion := 3, content := { signedData := { hashId := sha256 (0), tbsData := { payload := { data := { protocolVersion := 3, content := { unsecuredData := '20500080001E01000000020000000001CF3D50C71EFE920007BFA480000000000000000007D1000002020000002A0000005A946F600E612ED01FFFFFFC23B7743E80'O } }, extDataHash := omit, omitted := omit }, headerInfo := { psid := 36, generationTime := 716441473223729, expiryTime := omit, generationLocation := omit, p2pcdLearningRequest := omit, missingCrlIdentifier := omit, encryptionKey := omit, inlineP2pcdRequest := omit, requestedCertificate := omit, pduFunctionalType := omit, contributedExtensions := omit } }, signer := { certificate := { { version := 3, type_ := explicit (0), issuer := { sha256AndDigest := 'E5FA1B0F67D696EF'O }, toBeSigned := { id := { none_ := NULL }, cracaId := '000000'O, crlSeries := 0, validityPeriod := { start_ := 716440640, duration := { hours := 24 } }, region := omit, assuranceLevel := omit, appPermissions := { { psid := 36, ssp := { bitmapSsp := '01FFFC'O } }, { psid := 37, ssp := { bitmapSsp := '01FFFFFF'O } }, { psid := 141, ssp := omit }, { psid := 638, ssp := { bitmapSsp := '01'O } } }, certIssuePermissions := omit, certRequestPermissions := omit, canRequestRollover := omit, encryptionKey := omit, verifyKeyIndicator := { verificationKey := { ecdsaNistP256 := { compressed_y_0 := 'CE0D44FEB38EEC2A621802DF4AEDC4559C6362B922FC673076329142FB98B9BB'O } } }, flags := omit, appExtensions := omit, certIssueExtensions := omit, certRequestExtension := omit }, signature_ := { ecdsaNistP256Signature := { rSig := { x_only := '9A64157E524E023A54AB06957B37716AA503C45671C74E983FAB3191E9283F26'O }, sSig := 'C4B8A3ECBD3D5484A3AC9E76873F36ADCE244DE0B4DB8FD305B99558F6C94CD5'O } } } } }, signature_ := { ecdsaNistP256Signature := { rSig := { x_only := '2E79FAABA254FB5CE31A85E074FCF7E05E53C23285E3B543D9FB7FC8DA65D591'O }, sSig := '509B693E8EFB25D320001584B42AD7DAA3FB59BDE431174DE2BADBEDDA5413AC'O } } } } } } }, macDestinationAddress := 'FFFFFFFFFFFF'O, ssp := '000000011111111111111100'B, its_aid := 36 } id 2
05:31:09.027067 Timeout t: 1 s
05:31:09.027118 Start timer t: 0.5 s
05:31:09.027301 Receive operation on port geoNetworkingPort succeeded, message from system(): @LibItsGeoNetworking_TypesAndValues.GeoNetworkingInd: { msgIn := { basicHeader := { version := 1, nextHeader := e_securedPacket (2), reserved := 0, lifeTime := { multiplier := 6, ltBase := e_10s (2) }, routerHopLimit := 1 }, gnPacket := { packet := { commonHeader := { nextHeader := e_btpB (2), reserved := 0, headerTST := { tsbHdr := { headerType := e_topologicallyScopedBroadcast (5), headerSubType := e_singleHop (0) } }, trafficClass := { scf := e_scfDisabled (0), channelOffload := e_choffDisabled (0), tcId := 0 }, flags := '10000000'B, plLength := 30, maxHopLimit := 1, reserved2 := 0 }, extendedHeader := { shbHeader := { srcPosVector := { gnAddr := { typeOfAddress := e_initial (0), stationType := e_unknown (0), reserved := 0, mid := '020000000001'O }, timestamp_ := 3476900987, latitude := 520000000, longitude := 130000000, pai := '0'B, speed := 0, heading := 0 }, reserved := 0 } }, payload := '07D1000002020000002A0000005A946F600E612ED01FFFFFFC23B7743E80'O }, securedMsg := { protocolVersion := 3, content := { signedData := { hashId := sha256 (0), tbsData := { payload := { data := { protocolVersion := 3, content := { unsecuredData := '20500080001E01000000020000000001CF3D4C7B1EFE920007BFA480000000000000000007D1000002020000002A0000005A946F600E612ED01FFFFFFC23B7743E80'O } }, extDataHash := omit, omitted := omit }, headerInfo := { psid := 36, generationTime := 716441472123916, expiryTime := omit, generationLocation := omit, p2pcdLearningRequest := omit, missingCrlIdentifier := omit, encryptionKey := omit, inlineP2pcdRequest := omit, requestedCertificate := omit, pduFunctionalType := omit, contributedExtensions := omit } }, signer := { certificate := { { version := 3, type_ := explicit (0), issuer := { sha256AndDigest := 'E5FA1B0F67D696EF'O }, toBeSigned := { id := { none_ := NULL }, cracaId := '000000'O, crlSeries := 0, validityPeriod := { start_ := 716440640, duration := { hours := 24 } }, region := omit, assuranceLevel := omit, appPermissions := { { psid := 36, ssp := { bitmapSsp := '01FFFC'O } }, { psid := 37, ssp := { bitmapSsp := '01FFFFFF'O } }, { psid := 141, ssp := omit }, { psid := 638, ssp := { bitmapSsp := '01'O } } }, certIssuePermissions := omit, certRequestPermissions := omit, canRequestRollover := omit, encryptionKey := omit, verifyKeyIndicator := { verificationKey := { ecdsaNistP256 := { compressed_y_0 := 'CE0D44FEB38EEC2A621802DF4AEDC4559C6362B922FC673076329142FB98B9BB'O } } }, flags := omit, appExtensions := omit, certIssueExtensions := omit, certRequestExtension := omit }, signature_ := { ecdsaNistP256Signature := { rSig := { x_only := '9A64157E524E023A54AB06957B37716AA503C45671C74E983FAB3191E9283F26'O }, sSig := 'C4B8A3ECBD3D5484A3AC9E76873F36ADCE244DE0B4DB8FD305B99558F6C94CD5'O } } } } }, signature_ := { ecdsaNistP256Signature := { rSig := { x_only := '98FB15342656E5B02D3BF8D3118563C04787FA6E2776011AD403D806CDC16601'O }, sSig := '98716450114BC20753182C83F4B673416D2B034F9745B3E9EFAFCA09B4F0CE31'O } } } } } } }, macDestinationAddress := 'FFFFFFFFFFFF'O, ssp := '000000011111111111111100'B, its_aid := 36 } id 1
05:31:09.027335 Message with id 1 was extracted from the queue of geoNetworkingPort.
05:31:09.027341 *** a_default: WARNING: Received an unexpected message ***
05:31:09.027344 Default with id 4 (altstep a_neighbourDefault) has reached a break statement. Skipping current alt statement or receiving operation.
05:31:09.027432 Receive operation on port geoNetworkingPort succeeded, message from system(): @LibItsGeoNetworking_TypesAndValues.GeoNetworkingInd: { msgIn := { basicHeader := { version := 1, nextHeader := e_securedPacket (2), reserved := 0, lifeTime := { multiplier := 6, ltBase := e_10s (2) }, routerHopLimit := 1 }, gnPacket := { packet := { commonHeader := { nextHeader := e_btpB (2), reserved := 0, headerTST := { tsbHdr := { headerType := e_topologicallyScopedBroadcast (5), headerSubType := e_singleHop (0) } }, trafficClass := { scf := e_scfDisabled (0), channelOffload := e_choffDisabled (0), tcId := 0 }, flags := '10000000'B, plLength := 30, maxHopLimit := 1, reserved2 := 0 }, extendedHeader := { shbHeader := { srcPosVector := { gnAddr := { typeOfAddress := e_initial (0), stationType := e_unknown (0), reserved := 0, mid := '020000000001'O }, timestamp_ := 3476902087, latitude := 520000000, longitude := 130000000, pai := '0'B, speed := 0, heading := 0 }, reserved := 0 } }, payload := '07D1000002020000002A0000005A946F600E612ED01FFFFFFC23B7743E80'O }, securedMsg := { protocolVersion := 3, content := { signedData := { hashId := sha256 (0), tbsData := { payload := { data := { protocolVersion := 3, content := { unsecuredData := '20500080001E01000000020000000001CF3D50C71EFE920007BFA480000000000000000007D1000002020000002A0000005A946F600E612ED01FFFFFFC23B7743E80'O } }, extDataHash := omit, omitted := omit }, headerInfo := { psid := 36, generationTime := 716441473223729, expiryTime := omit, generationLocation := omit, p2pcdLearningRequest := omit, missingCrlIdentifier := omit, encryptionKey := omit, inlineP2pcdRequest := omit, requestedCertificate := omit, pduFunctionalType := omit, contributedExtensions := omit } }, signer := { certificate := { { version := 3, type_ := explicit (0), issuer := { sha256AndDigest := 'E5FA1B0F67D696EF'O }, toBeSigned := { id := { none_ := NULL }, cracaId := '000000'O, crlSeries := 0, validityPeriod := { start_ := 716440640, duration := { hours := 24 } }, region := omit, assuranceLevel := omit, appPermissions := { { psid := 36, ssp := { bitmapSsp := '01FFFC'O } }, { psid := 37, ssp := { bitmapSsp := '01FFFFFF'O } }, { psid := 141, ssp := omit }, { psid := 638, ssp := { bitmapSsp := '01'O } } }, certIssuePermissions := omit, certRequestPermissions := omit, canRequestRollover := omit, encryptionKey := omit, verifyKeyIndicator := { verificationKey := { ecdsaNistP256 := { compressed_y_0 := 'CE0D44FEB38EEC2A621802DF4AEDC4559C6362B922FC673076329142FB98B9BB'O } } }, flags := omit, appExtensions := omit, certIssueExtensions := omit, certRequestExtension := omit }, signature_ := { ecdsaNistP256Signature := { rSig := { x_only := '9A64157E524E023A54AB06957B37716AA503C45671C74E983FAB3191E9283F26'O }, sSig := 'C4B8A3ECBD3D5484A3AC9E76873F36ADCE244DE0B4DB8FD305B99558F6C94CD5'O } } } } }, signature_ := { ecdsaNistP256Signature := { rSig := { x_only := '2E79FAABA254FB5CE31A85E074FCF7E05E53C23285E3B543D9FB7FC8DA65D591'O }, sSig := '509B693E8EFB25D320001584B42AD7DAA3FB59BDE431174DE2BADBEDDA5413AC'O } } } } } } }, macDestinationAddress := 'FFFFFFFFFFFF'O, ssp := '000000011111111111111100'B, its_aid := 36 } id 2
05:31:09.027443 Message with id 2 was extracted from the queue of geoNetworkingPort.
05:31:09.027447 *** a_default: WARNING: Received an unexpected message ***
05:31:09.027449 Default with id 4 (altstep a_neighbourDefault) has reached a break statement. Skipping current alt statement or receiving operation.
05:31:09.225756 security_services_its::process_ieee_1609_dot2_signed_data: generation time check 716441474223896 / 716441469225755, delta = 4998141.000000, comp = 0
05:31:09.226659 Message enqueued on geoNetworkingPort from system @LibItsGeoNetworking_TypesAndValues.GeoNetworkingInd : { msgIn := { basicHeader := { version := 1, nextHeader := e_securedPacket (2), reserved := 0, lifeTime := { multiplier := 6, ltBase := e_10s (2) }, routerHopLimit := 1 }, gnPacket := { packet := { commonHeader := { nextHeader := e_btpB (2), reserved := 0, headerTST := { tsbHdr := { headerType := e_topologicallyScopedBroadcast (5), headerSubType := e_singleHop (0) } }, trafficClass := { scf := e_scfDisabled (0), channelOffload := e_choffDisabled (0), tcId := 0 }, flags := '10000000'B, plLength := 30, maxHopLimit := 1, reserved2 := 0 }, extendedHeader := { shbHeader := { srcPosVector := { gnAddr := { typeOfAddress := e_initial (0), stationType := e_unknown (0), reserved := 0, mid := '020000000001'O }, timestamp_ := 3476903087, latitude := 520000000, longitude := 130000000, pai := '0'B, speed := 0, heading := 0 }, reserved := 0 } }, payload := '07D1000002020000002A0000005A946F600E612ED01FFFFFFC23B7743E80'O }, securedMsg := { protocolVersion := 3, content := { signedData := { hashId := sha256 (0), tbsData := { payload := { data := { protocolVersion := 3, content := { unsecuredData := '20500080001E01000000020000000001CF3D54AF1EFE920007BFA480000000000000000007D1000002020000002A0000005A946F600E612ED01FFFFFFC23B7743E80'O } }, extDataHash := omit, omitted := omit }, headerInfo := { psid := 36, generationTime := 716441474223896, expiryTime := omit, generationLocation := omit, p2pcdLearningRequest := omit, missingCrlIdentifier := omit, encryptionKey := omit, inlineP2pcdRequest := omit, requestedCertificate := omit, pduFunctionalType := omit, contributedExtensions := omit } }, signer := { certificate := { { version := 3, type_ := explicit (0), issuer := { sha256AndDigest := 'E5FA1B0F67D696EF'O }, toBeSigned := { id := { none_ := NULL }, cracaId := '000000'O, crlSeries := 0, validityPeriod := { start_ := 716440640, duration := { hours := 24 } }, region := omit, assuranceLevel := omit, appPermissions := { { psid := 36, ssp := { bitmapSsp := '01FFFC'O } }, { psid := 37, ssp := { bitmapSsp := '01FFFFFF'O } }, { psid := 141, ssp := omit }, { psid := 638, ssp := { bitmapSsp := '01'O } } }, certIssuePermissions := omit, certRequestPermissions := omit, canRequestRollover := omit, encryptionKey := omit, verifyKeyIndicator := { verificationKey := { ecdsaNistP256 := { compressed_y_0 := 'CE0D44FEB38EEC2A621802DF4AEDC4559C6362B922FC673076329142FB98B9BB'O } } }, flags := omit, appExtensions := omit, certIssueExtensions := omit, certRequestExtension := omit }, signature_ := { ecdsaNistP256Signature := { rSig := { x_only := '9A64157E524E023A54AB06957B37716AA503C45671C74E983FAB3191E9283F26'O }, sSig := 'C4B8A3ECBD3D5484A3AC9E76873F36ADCE244DE0B4DB8FD305B99558F6C94CD5'O } } } } }, signature_ := { ecdsaNistP256Signature := { rSig := { x_only := '086D2E3F5E95EBDB872CD1D187F177E5E194DD4ACDDB2F964FD73393717CFEE4'O }, sSig := '81E2CEBFB952235361ADBFDBBEC1803BE192C734E63571B503674A4CF776AD0A'O } } } } } } }, macDestinationAddress := 'FFFFFFFFFFFF'O, ssp := '000000011111111111111100'B, its_aid := 36 } id 3
05:31:09.227005 Receive operation on port geoNetworkingPort succeeded, message from system(): @LibItsGeoNetworking_TypesAndValues.GeoNetworkingInd: { msgIn := { basicHeader := { version := 1, nextHeader := e_securedPacket (2), reserved := 0, lifeTime := { multiplier := 6, ltBase := e_10s (2) }, routerHopLimit := 1 }, gnPacket := { packet := { commonHeader := { nextHeader := e_btpB (2), reserved := 0, headerTST := { tsbHdr := { headerType := e_topologicallyScopedBroadcast (5), headerSubType := e_singleHop (0) } }, trafficClass := { scf := e_scfDisabled (0), channelOffload := e_choffDisabled (0), tcId := 0 }, flags := '10000000'B, plLength := 30, maxHopLimit := 1, reserved2 := 0 }, extendedHeader := { shbHeader := { srcPosVector := { gnAddr := { typeOfAddress := e_initial (0), stationType := e_unknown (0), reserved := 0, mid := '020000000001'O }, timestamp_ := 3476903087, latitude := 520000000, longitude := 130000000, pai := '0'B, speed := 0, heading := 0 }, reserved := 0 } }, payload := '07D1000002020000002A0000005A946F600E612ED01FFFFFFC23B7743E80'O }, securedMsg := { protocolVersion := 3, content := { signedData := { hashId := sha256 (0), tbsData := { payload := { data := { protocolVersion := 3, content := { unsecuredData := '20500080001E01000000020000000001CF3D54AF1EFE920007BFA480000000000000000007D1000002020000002A0000005A946F600E612ED01FFFFFFC23B7743E80'O } }, extDataHash := omit, omitted := omit }, headerInfo := { psid := 36, generationTime := 716441474223896, expiryTime := omit, generationLocation := omit, p2pcdLearningRequest := omit, missingCrlIdentifier := omit, encryptionKey := omit, inlineP2pcdRequest := omit, requestedCertificate := omit, pduFunctionalType := omit, contributedExtensions := omit } }, signer := { certificate := { { version := 3, type_ := explicit (0), issuer := { sha256AndDigest := 'E5FA1B0F67D696EF'O }, toBeSigned := { id := { none_ := NULL }, cracaId := '000000'O, crlSeries := 0, validityPeriod := { start_ := 716440640, duration := { hours := 24 } }, region := omit, assuranceLevel := omit, appPermissions := { { psid := 36, ssp := { bitmapSsp := '01FFFC'O } }, { psid := 37, ssp := { bitmapSsp := '01FFFFFF'O } }, { psid := 141, ssp := omit }, { psid := 638, ssp := { bitmapSsp := '01'O } } }, certIssuePermissions := omit, certRequestPermissions := omit, canRequestRollover := omit, encryptionKey := omit, verifyKeyIndicator := { verificationKey := { ecdsaNistP256 := { compressed_y_0 := 'CE0D44FEB38EEC2A621802DF4AEDC4559C6362B922FC673076329142FB98B9BB'O } } }, flags := omit, appExtensions := omit, certIssueExtensions := omit, certRequestExtension := omit }, signature_ := { ecdsaNistP256Signature := { rSig := { x_only := '9A64157E524E023A54AB06957B37716AA503C45671C74E983FAB3191E9283F26'O }, sSig := 'C4B8A3ECBD3D5484A3AC9E76873F36ADCE244DE0B4DB8FD305B99558F6C94CD5'O } } } } }, signature_ := { ecdsaNistP256Signature := { rSig := { x_only := '086D2E3F5E95EBDB872CD1D187F177E5E194DD4ACDDB2F964FD73393717CFEE4'O }, sSig := '81E2CEBFB952235361ADBFDBBEC1803BE192C734E63571B503674A4CF776AD0A'O } } } } } } }, macDestinationAddress := 'FFFFFFFFFFFF'O, ssp := '000000011111111111111100'B, its_aid := 36 } id 3
05:31:09.227037 Message with id 3 was extracted from the queue of geoNetworkingPort.
05:31:09.227055 *** a_default: WARNING: Received an unexpected message ***
05:31:09.227063 Default with id 4 (altstep a_neighbourDefault) has reached a break statement. Skipping current alt statement or receiving operation.
05:31:09.527126 Timeout t: 0.5 s
05:31:09.527208 **** f_selfSync: Successfully passed PREAMBLE synchronization point. ****
05:31:09.527219 Start timer tc_ac: 30 s
05:31:10.325616 security_services_its::process_ieee_1609_dot2_signed_data: generation time check 716441475323913 / 716441470325615, delta = 4998298.000000, comp = 0
05:31:10.326463 Message enqueued on geoNetworkingPort from system @LibItsGeoNetworking_TypesAndValues.GeoNetworkingInd : { msgIn := { basicHeader := { version := 1, nextHeader := e_securedPacket (2), reserved := 0, lifeTime := { multiplier := 6, ltBase := e_10s (2) }, routerHopLimit := 1 }, gnPacket := { packet := { commonHeader := { nextHeader := e_btpB (2), reserved := 0, headerTST := { tsbHdr := { headerType := e_topologicallyScopedBroadcast (5), headerSubType := e_singleHop (0) } }, trafficClass := { scf := e_scfDisabled (0), channelOffload := e_choffDisabled (0), tcId := 0 }, flags := '10000000'B, plLength := 30, maxHopLimit := 1, reserved2 := 0 }, extendedHeader := { shbHeader := { srcPosVector := { gnAddr := { typeOfAddress := e_initial (0), stationType := e_unknown (0), reserved := 0, mid := '020000000001'O }, timestamp_ := 3476904187, latitude := 520000000, longitude := 130000000, pai := '0'B, speed := 0, heading := 0 }, reserved := 0 } }, payload := '07D1000002020000002A0000005A946F600E612ED01FFFFFFC23B7743E80'O }, securedMsg := { protocolVersion := 3, content := { signedData := { hashId := sha256 (0), tbsData := { payload := { data := { protocolVersion := 3, content := { unsecuredData := '20500080001E01000000020000000001CF3D58FB1EFE920007BFA480000000000000000007D1000002020000002A0000005A946F600E612ED01FFFFFFC23B7743E80'O } }, extDataHash := omit, omitted := omit }, headerInfo := { psid := 36, generationTime := 716441475323913, expiryTime := omit, generationLocation := omit, p2pcdLearningRequest := omit, missingCrlIdentifier := omit, encryptionKey := omit, inlineP2pcdRequest := omit, requestedCertificate := omit, pduFunctionalType := omit, contributedExtensions := omit } }, signer := { certificate := { { version := 3, type_ := explicit (0), issuer := { sha256AndDigest := 'E5FA1B0F67D696EF'O }, toBeSigned := { id := { none_ := NULL }, cracaId := '000000'O, crlSeries := 0, validityPeriod := { start_ := 716440640, duration := { hours := 24 } }, region := omit, assuranceLevel := omit, appPermissions := { { psid := 36, ssp := { bitmapSsp := '01FFFC'O } }, { psid := 37, ssp := { bitmapSsp := '01FFFFFF'O } }, { psid := 141, ssp := omit }, { psid := 638, ssp := { bitmapSsp := '01'O } } }, certIssuePermissions := omit, certRequestPermissions := omit, canRequestRollover := omit, encryptionKey := omit, verifyKeyIndicator := { verificationKey := { ecdsaNistP256 := { compressed_y_0 := 'CE0D44FEB38EEC2A621802DF4AEDC4559C6362B922FC673076329142FB98B9BB'O } } }, flags := omit, appExtensions := omit, certIssueExtensions := omit, certRequestExtension := omit }, signature_ := { ecdsaNistP256Signature := { rSig := { x_only := '9A64157E524E023A54AB06957B37716AA503C45671C74E983FAB3191E9283F26'O }, sSig := 'C4B8A3ECBD3D5484A3AC9E76873F36ADCE244DE0B4DB8FD305B99558F6C94CD5'O } } } } }, signature_ := { ecdsaNistP256Signature := { rSig := { x_only := '64A9FA2B07B80A9574DF471161C4A91F99F344E86B1EA738C6EB8AAB6687510B'O }, sSig := '2C66F19CEC85F289828EA329CF9E8CBBCFA1EF756691ADAC10BE163A57E23720'O } } } } } } }, macDestinationAddress := 'FFFFFFFFFFFF'O, ssp := '000000011111111111111100'B, its_aid := 36 } id 4
05:31:10.326844 Receive operation on port geoNetworkingPort succeeded, message from system(): @LibItsGeoNetworking_TypesAndValues.GeoNetworkingInd : { msgIn := { basicHeader := { version := 1, nextHeader := e_securedPacket (2), reserved := 0, lifeTime := { multiplier := 6, ltBase := e_10s (2) }, routerHopLimit := 1 }, gnPacket := { packet := { commonHeader := { nextHeader := e_btpB (2), reserved := 0, headerTST := { tsbHdr := { headerType := e_topologicallyScopedBroadcast (5), headerSubType := e_singleHop (0) } }, trafficClass := { scf := e_scfDisabled (0), channelOffload := e_choffDisabled (0), tcId := 0 }, flags := '10000000'B, plLength := 30, maxHopLimit := 1, reserved2 := 0 }, extendedHeader := { shbHeader := { srcPosVector := { gnAddr := { typeOfAddress := e_initial (0), stationType := e_unknown (0), reserved := 0, mid := '020000000001'O }, timestamp_ := 3476904187, latitude := 520000000, longitude := 130000000, pai := '0'B, speed := 0, heading := 0 }, reserved := 0 } }, payload := '07D1000002020000002A0000005A946F600E612ED01FFFFFFC23B7743E80'O }, securedMsg := { protocolVersion := 3, content := { signedData := { hashId := sha256 (0), tbsData := { payload := { data := { protocolVersion := 3, content := { unsecuredData := '20500080001E01000000020000000001CF3D58FB1EFE920007BFA480000000000000000007D1000002020000002A0000005A946F600E612ED01FFFFFFC23B7743E80'O } }, extDataHash := omit, omitted := omit }, headerInfo := { psid := 36, generationTime := 716441475323913, expiryTime := omit, generationLocation := omit, p2pcdLearningRequest := omit, missingCrlIdentifier := omit, encryptionKey := omit, inlineP2pcdRequest := omit, requestedCertificate := omit, pduFunctionalType := omit, contributedExtensions := omit } }, signer := { certificate := { { version := 3, type_ := explicit (0), issuer := { sha256AndDigest := 'E5FA1B0F67D696EF'O }, toBeSigned := { id := { none_ := NULL }, cracaId := '000000'O, crlSeries := 0, validityPeriod := { start_ := 716440640, duration := { hours := 24 } }, region := omit, assuranceLevel := omit, appPermissions := { { psid := 36, ssp := { bitmapSsp := '01FFFC'O } }, { psid := 37, ssp := { bitmapSsp := '01FFFFFF'O } }, { psid := 141, ssp := omit }, { psid := 638, ssp := { bitmapSsp := '01'O } } }, certIssuePermissions := omit, certRequestPermissions := omit, canRequestRollover := omit, encryptionKey := omit, verifyKeyIndicator := { verificationKey := { ecdsaNistP256 := { compressed_y_0 := 'CE0D44FEB38EEC2A621802DF4AEDC4559C6362B922FC673076329142FB98B9BB'O } } }, flags := omit, appExtensions := omit, certIssueExtensions := omit, certRequestExtension := omit }, signature_ := { ecdsaNistP256Signature := { rSig := { x_only := '9A64157E524E023A54AB06957B37716AA503C45671C74E983FAB3191E9283F26'O }, sSig := 'C4B8A3ECBD3D5484A3AC9E76873F36ADCE244DE0B4DB8FD305B99558F6C94CD5'O } } } } }, signature_ := { ecdsaNistP256Signature := { rSig := { x_only := '64A9FA2B07B80A9574DF471161C4A91F99F344E86B1EA738C6EB8AAB6687510B'O }, sSig := '2C66F19CEC85F289828EA329CF9E8CBBCFA1EF756691ADAC10BE163A57E23720'O } } } } } } }, macDestinationAddress := 'FFFFFFFFFFFF'O, ssp := '000000011111111111111100'B, its_aid := 36 } id 4
05:31:10.326892 Message with id 4 was extracted from the queue of geoNetworkingPort.
05:31:10.326930 Stop timer tc_ac: 30 s
05:31:10.326945 *** TC_SEC_ITSS_SND_CAM_04_BV: PASS: Correct secured packet received, containing certificate
05:31:10.326954 setverdict(pass): none -> pass
05:31:10.327044 **** f_selfSync: Successfully passed TEST BODY synchronization point. ****
05:31:10.327064 Sent on acPort to system @LibItsGeoNetworking_TypesAndValues.AcGnPrimitive : { stopBeaconing := { } }
05:31:10.327076 Default with id 4 (altstep a_neighbourDefault) was deactivated.
05:31:10.327097 Sent on acPort to system @LibItsCommon_TypesAndValues.AcSecPrimitive : { acDisableSecurity := { disable := true } }
05:31:10.327106 Message enqueued on acPort from system @LibItsCommon_TypesAndValues.AdapterControlResults : { acSecResponse := true } id 2
05:31:10.327116 Start timer tc_ac: 30 s
05:31:10.327130 Receive operation on port acPort succeeded, message from system(): @LibItsCommon_TypesAndValues.AdapterControlResults : { acSecResponse := true } id 2
05:31:10.327138 Message with id 2 was extracted from the queue of acPort.
05:31:10.327145 Stop timer tc_ac: 30 s
05:31:10.327153 Unmapping port mtc:acPort from system:acPort.
05:31:10.327419 Port acPort was unmapped from system:acPort.
05:31:10.327750 Unmap operation of mtc:acPort from system:acPort finished.
05:31:10.327797 Unmapping port mtc:utPort from system:utPort.
05:31:10.327967 Port utPort was unmapped from system:utPort.
05:31:10.328202 Unmap operation of mtc:utPort from system:utPort finished.
05:31:10.328223 Unmapping port mtc:geoNetworkingPort from system:geoNetworkingPort.
05:31:10.328400 Port geoNetworkingPort was unmapped from system:geoNetworkingPort.
05:31:10.328628 Unmap operation of mtc:geoNetworkingPort from system:geoNetworkingPort finished.
05:31:10.328648 Disconnecting ports mtc:syncSendPort and mtc:syncPort.
05:31:10.328808 Port syncSendPort has terminated the connection with local port syncPort.
05:31:10.328851 Port syncPort has terminated the connection with local port syncSendPort.
05:31:10.329049 Disconnect operation on mtc:syncSendPort and mtc:syncPort finished.
05:31:10.329068 Terminating component type LibItsGeoNetworking_TestSystem.ItsGeoNetworking.
05:31:10.329078 Default with id 1 (altstep a_cf01Down) was deactivated.
05:31:10.329087 Default with id 2 (altstep a_default) was deactivated.
05:31:10.329092 Default with id 3 (altstep a_utDefault) was deactivated.
05:31:10.329098 Port syncSendPort was stopped.
05:31:10.329107 Port syncPort was stopped.
05:31:10.329113 Port utPort was stopped.
05:31:10.329118 Port acPort was stopped.
05:31:10.329123 Port geoNetworkingPort was stopped.
05:31:10.329128 Component type LibItsGeoNetworking_TestSystem.ItsGeoNetworking was shut down inside testcase TC_SEC_ITSS_SND_CAM_04_BV.
05:31:10.329137 Waiting for PTCs to finish.
05:31:10.329300 Setting final verdict of the test case.
05:31:10.329342 Local verdict of MTC: pass
05:31:10.329359 No PTCs were created.
05:31:10.329370 Test case TC_SEC_ITSS_SND_CAM_04_BV finished. Verdict: pass
05:31:10.329626 Executing test case TC_SEC_ITSS_SND_DENM_01_BV in module ItsSecurity_TestCases.
05:31:10.329773 Test case TC_SEC_ITSS_SND_DENM_01_BV started.
05:31:10.329788 Initializing variables, timers and ports of component type LibItsGeoNetworking_TestSystem.ItsGeoNetworking inside testcase TC_SEC_ITSS_SND_DENM_01_BV.
05:31:10.329854 Port syncSendPort was started.
05:31:10.329863 Port syncPort was started.
05:31:10.329868 Port utPort was started.
05:31:10.329873 Port acPort was started.
05:31:10.329878 Port geoNetworkingPort was started.
05:31:10.329883 Component type LibItsGeoNetworking_TestSystem.ItsGeoNetworking was initialized.
05:31:10.329892 Mapping port mtc:acPort to system:acPort.
05:31:10.330043 Port acPort was mapped to system:acPort.
05:31:10.330254 Map operation of mtc:acPort to system:acPort finished.
05:31:10.330298 Mapping port mtc:utPort to system:utPort.
05:31:10.330724 Port utPort was mapped to system:utPort.
05:31:10.330890 Map operation of mtc:utPort to system:utPort finished.
05:31:10.330911 Mapping port mtc:geoNetworkingPort to system:geoNetworkingPort.
05:31:10.331379 security_services_its::setup: Already done
05:31:10.331477 Port geoNetworkingPort was mapped to system:geoNetworkingPort.
05:31:10.331640 Map operation of mtc:geoNetworkingPort to system:geoNetworkingPort finished.
05:31:10.331658 Connecting ports mtc:syncSendPort and mtc:syncPort.
05:31:10.331896 Port syncPort has established the connection with local port syncSendPort.
05:31:10.331941 Port syncSendPort has established the connection with local port syncPort.
05:31:10.332306 Connect operation on mtc:syncSendPort and mtc:syncPort finished.
05:31:10.332361 Altstep a_cf01Down was activated as default, id 1
05:31:10.332392 security_services_its::setup: Already done
05:31:10.332572 Selected issuer: 'E4B9D11A3802CDD1'O
05:31:10.332738 Sent on utPort to system @LibItsGeoNetworking_TypesAndValues.UtGnInitialize : { hashedId8 := '115EA89063B17FFD'O }
05:31:10.335009 Message enqueued on utPort from system @LibItsGeoNetworking_TypesAndValues.UtGnResults : { utGnInitializeResult := true } id 1
05:31:10.335081 Start timer tc_wait: 120 s
05:31:10.335114 Receive operation on port utPort succeeded, message from system(): @LibItsGeoNetworking_TypesAndValues.UtGnResults : { utGnInitializeResult := true } id 1
05:31:10.335146 Message with id 1 was extracted from the queue of utPort.
05:31:10.335154 Stop timer tc_wait: 120 s
05:31:10.335163 *** f_utInitializeIut: INFO: IUT initialized ***
05:31:10.335174 Start timer t: 1 s
05:31:10.433167 security_services_its::process_ieee_1609_dot2_signed_data: generation time check 716441475431692 / 716441470433166, delta = 4998526.000000, comp = 0
05:31:10.433902 Message enqueued on geoNetworkingPort from system @LibItsGeoNetworking_TypesAndValues.GeoNetworkingInd : { msgIn := { basicHeader := { version := 1, nextHeader := e_securedPacket (2), reserved := 0, lifeTime := { multiplier := 6, ltBase := e_10s (2) }, routerHopLimit := 1 }, gnPacket := { packet := { commonHeader := { nextHeader := e_btpB (2), reserved := 0, headerTST := { tsbHdr := { headerType := e_topologicallyScopedBroadcast (5), headerSubType := e_singleHop (0) } }, trafficClass := { scf := e_scfDisabled (0), channelOffload := e_choffDisabled (0), tcId := 0 }, flags := '10000000'B, plLength := 30, maxHopLimit := 1, reserved2 := 0 }, extendedHeader := { shbHeader := { srcPosVector := { gnAddr := { typeOfAddress := e_initial (0), stationType := e_unknown (0), reserved := 0, mid := '020000000001'O }, timestamp_ := 3476904295, latitude := 520000000, longitude := 130000000, pai := '0'B, speed := 0, heading := 0 }, reserved := 0 } }, payload := '07D1000002020000002A0000005A946F600E612ED01FFFFFFC23B7743E80'O }, securedMsg := { protocolVersion := 3, content := { signedData := { hashId := sha256 (0), tbsData := { payload := { data := { protocolVersion := 3, content := { unsecuredData := '20500080001E01000000020000000001CF3D59671EFE920007BFA480000000000000000007D1000002020000002A0000005A946F600E612ED01FFFFFFC23B7743E80'O } }, extDataHash := omit, omitted := omit }, headerInfo := { psid := 36, generationTime := 716441475431692, expiryTime := omit, generationLocation := omit, p2pcdLearningRequest := omit, missingCrlIdentifier := omit, encryptionKey := omit, inlineP2pcdRequest := omit, requestedCertificate := omit, pduFunctionalType := omit, contributedExtensions := omit } }, signer := { certificate := { { version := 3, type_ := explicit (0), issuer := { sha256AndDigest := 'E5FA1B0F67D696EF'O }, toBeSigned := { id := { none_ := NULL }, cracaId := '000000'O, crlSeries := 0, validityPeriod := { start_ := 716440640, duration := { hours := 24 } }, region := omit, assuranceLevel := omit, appPermissions := { { psid := 36, ssp := { bitmapSsp := '01FFFC'O } }, { psid := 37, ssp := { bitmapSsp := '01FFFFFF'O } }, { psid := 141, ssp := omit }, { psid := 638, ssp := { bitmapSsp := '01'O } } }, certIssuePermissions := omit, certRequestPermissions := omit, canRequestRollover := omit, encryptionKey := omit, verifyKeyIndicator := { verificationKey := { ecdsaNistP256 := { compressed_y_0 := 'CE0D44FEB38EEC2A621802DF4AEDC4559C6362B922FC673076329142FB98B9BB'O } } }, flags := omit, appExtensions := omit, certIssueExtensions := omit, certRequestExtension := omit }, signature_ := { ecdsaNistP256Signature := { rSig := { x_only := '9A64157E524E023A54AB06957B37716AA503C45671C74E983FAB3191E9283F26'O }, sSig := 'C4B8A3ECBD3D5484A3AC9E76873F36ADCE244DE0B4DB8FD305B99558F6C94CD5'O } } } } }, signature_ := { ecdsaNistP256Signature := { rSig := { x_only := '8C0B4B91E2C3C4BE32B9DF70965379BF2A515DCE875D0C84EAD3C44EFCFE9D0F'O }, sSig := '8FE7C6262A69687F5FEB807178C0B7D75B5E3E53AFD404765ABD21C6E3BACE57'O } } } } } } }, macDestinationAddress := 'FFFFFFFFFFFF'O, ssp := '000000011111111111111100'B, its_aid := 36 } id 1
05:31:11.335578 Timeout t: 1 s
05:31:11.335777 Sent on acPort to system @LibItsGeoNetworking_TypesAndValues.AcGnPrimitive : { getLongPosVector := { gnAddress := { typeOfAddress := e_initial (0), stationType := e_unknown (0), reserved := 0, mid := '020000000001'O } } }
05:31:11.336859 Message enqueued on acPort from system @LibItsGeoNetworking_TypesAndValues.AcGnResponse : { getLongPosVector := { gnAddr := { typeOfAddress := e_initial (0), stationType := e_unknown (0), reserved := 0, mid := '020000000001'O }, timestamp_ := 0, latitude := 520000000, longitude := 130000000, pai := '0'B, speed := 0, heading := 0 } } id 1
05:31:11.336948 Start timer tc_ac: 30 s
05:31:11.337003 Receive operation on port acPort succeeded, message from system(): @LibItsGeoNetworking_TypesAndValues.AcGnResponse : { getLongPosVector := { gnAddr := { typeOfAddress := e_initial (0), stationType := e_unknown (0), reserved := 0, mid := '020000000001'O }, timestamp_ := 0, latitude := 520000000, longitude := 130000000, pai := '0'B, speed := 0, heading := 0 } } id 1
05:31:11.337015 Message with id 1 was extracted from the queue of acPort.
05:31:11.337025 Stop timer tc_ac: 30 s
05:31:11.337129 Altstep a_default was activated as default, id 2
05:31:11.337140 Altstep a_utDefault was activated as default, id 3
05:31:11.337146 Altstep a_neighbourDefault was activated as default, id 4
05:31:11.337336 Sent on acPort to system @LibItsGeoNetworking_TypesAndValues.AcGnPrimitive : { startBeaconing := { beaconPacket := { basicHeader := { version := 1, nextHeader := e_commonHeader (1), reserved := 0, lifeTime := { multiplier := 10, ltBase := e_100s (3) }, routerHopLimit := 1 }, gnPacket := { packet := { commonHeader := { nextHeader := e_any (0), reserved := 0, headerTST := { beaconHdr := { headerType := e_beacon (1), headerSubType := 0 } }, trafficClass := { scf := e_scfEnabled (1), channelOffload := e_choffDisabled (0), tcId := 0 }, flags := '00000000'B, plLength := 0, maxHopLimit := 1, reserved2 := 0 }, extendedHeader := { beaconHeader := { srcPosVector := { gnAddr := { typeOfAddress := e_manual (1), stationType := e_passengerCar (5), reserved := 0, mid := '00000000000B'O }, timestamp_ := 3476899201, latitude := 520020000, longitude := 130000000, pai := '1'B, speed := 0, heading := 0 } } }, payload := omit }, securedMsg := omit } } } }
05:31:11.337728 Start timer t: 1 s
05:31:11.532522 security_services_its::process_ieee_1609_dot2_signed_data: generation time check 716441476531516 / 716441471532521, delta = 4998995.000000, comp = 0
05:31:11.533046 Message enqueued on geoNetworkingPort from system @LibItsGeoNetworking_TypesAndValues.GeoNetworkingInd : { msgIn := { basicHeader := { version := 1, nextHeader := e_securedPacket (2), reserved := 0, lifeTime := { multiplier := 6, ltBase := e_10s (2) }, routerHopLimit := 1 }, gnPacket := { packet := { commonHeader := { nextHeader := e_btpB (2), reserved := 0, headerTST := { tsbHdr := { headerType := e_topologicallyScopedBroadcast (5), headerSubType := e_singleHop (0) } }, trafficClass := { scf := e_scfDisabled (0), channelOffload := e_choffDisabled (0), tcId := 0 }, flags := '10000000'B, plLength := 30, maxHopLimit := 1, reserved2 := 0 }, extendedHeader := { shbHeader := { srcPosVector := { gnAddr := { typeOfAddress := e_initial (0), stationType := e_unknown (0), reserved := 0, mid := '020000000001'O }, timestamp_ := 3476905395, latitude := 520000000, longitude := 130000000, pai := '0'B, speed := 0, heading := 0 }, reserved := 0 } }, payload := '07D1000002020000002A0000005A946F600E612ED01FFFFFFC23B7743E80'O }, securedMsg := { protocolVersion := 3, content := { signedData := { hashId := sha256 (0), tbsData := { payload := { data := { protocolVersion := 3, content := { unsecuredData := '20500080001E01000000020000000001CF3D5DB31EFE920007BFA480000000000000000007D1000002020000002A0000005A946F600E612ED01FFFFFFC23B7743E80'O } }, extDataHash := omit, omitted := omit }, headerInfo := { psid := 36, generationTime := 716441476531516, expiryTime := omit, generationLocation := omit, p2pcdLearningRequest := omit, missingCrlIdentifier := omit, encryptionKey := omit, inlineP2pcdRequest := omit, requestedCertificate := omit, pduFunctionalType := omit, contributedExtensions := omit } }, signer := { certificate := { { version := 3, type_ := explicit (0), issuer := { sha256AndDigest := 'E5FA1B0F67D696EF'O }, toBeSigned := { id := { none_ := NULL }, cracaId := '000000'O, crlSeries := 0, validityPeriod := { start_ := 716440640, duration := { hours := 24 } }, region := omit, assuranceLevel := omit, appPermissions := { { psid := 36, ssp := { bitmapSsp := '01FFFC'O } }, { psid := 37, ssp := { bitmapSsp := '01FFFFFF'O } }, { psid := 141, ssp := omit }, { psid := 638, ssp := { bitmapSsp := '01'O } } }, certIssuePermissions := omit, certRequestPermissions := omit, canRequestRollover := omit, encryptionKey := omit, verifyKeyIndicator := { verificationKey := { ecdsaNistP256 := { compressed_y_0 := 'CE0D44FEB38EEC2A621802DF4AEDC4559C6362B922FC673076329142FB98B9BB'O } } }, flags := omit, appExtensions := omit, certIssueExtensions := omit, certRequestExtension := omit }, signature_ := { ecdsaNistP256Signature := { rSig := { x_only := '9A64157E524E023A54AB06957B37716AA503C45671C74E983FAB3191E9283F26'O }, sSig := 'C4B8A3ECBD3D5484A3AC9E76873F36ADCE244DE0B4DB8FD305B99558F6C94CD5'O } } } } }, signature_ := { ecdsaNistP256Signature := { rSig := { x_only := 'E9C31A8A033D8E0FEBE74222C6A1AD0D6464A024496C3AD96A71127A902A1ABC'O }, sSig := '4B86393A03FE17B698EA18AF9F15F42E8AF09AE89EAA8F14A21B745AE80A6C38'O } } } } } } }, macDestinationAddress := 'FFFFFFFFFFFF'O, ssp := '000000011111111111111100'B, its_aid := 36 } id 2
05:31:12.337759 Timeout t: 1 s
05:31:12.338033 Start timer t: 0.5 s
05:31:12.338334 Receive operation on port geoNetworkingPort succeeded, message from system(): @LibItsGeoNetworking_TypesAndValues.GeoNetworkingInd: { msgIn := { basicHeader := { version := 1, nextHeader := e_securedPacket (2), reserved := 0, lifeTime := { multiplier := 6, ltBase := e_10s (2) }, routerHopLimit := 1 }, gnPacket := { packet := { commonHeader := { nextHeader := e_btpB (2), reserved := 0, headerTST := { tsbHdr := { headerType := e_topologicallyScopedBroadcast (5), headerSubType := e_singleHop (0) } }, trafficClass := { scf := e_scfDisabled (0), channelOffload := e_choffDisabled (0), tcId := 0 }, flags := '10000000'B, plLength := 30, maxHopLimit := 1, reserved2 := 0 }, extendedHeader := { shbHeader := { srcPosVector := { gnAddr := { typeOfAddress := e_initial (0), stationType := e_unknown (0), reserved := 0, mid := '020000000001'O }, timestamp_ := 3476904295, latitude := 520000000, longitude := 130000000, pai := '0'B, speed := 0, heading := 0 }, reserved := 0 } }, payload := '07D1000002020000002A0000005A946F600E612ED01FFFFFFC23B7743E80'O }, securedMsg := { protocolVersion := 3, content := { signedData := { hashId := sha256 (0), tbsData := { payload := { data := { protocolVersion := 3, content := { unsecuredData := '20500080001E01000000020000000001CF3D59671EFE920007BFA480000000000000000007D1000002020000002A0000005A946F600E612ED01FFFFFFC23B7743E80'O } }, extDataHash := omit, omitted := omit }, headerInfo := { psid := 36, generationTime := 716441475431692, expiryTime := omit, generationLocation := omit, p2pcdLearningRequest := omit, missingCrlIdentifier := omit, encryptionKey := omit, inlineP2pcdRequest := omit, requestedCertificate := omit, pduFunctionalType := omit, contributedExtensions := omit } }, signer := { certificate := { { version := 3, type_ := explicit (0), issuer := { sha256AndDigest := 'E5FA1B0F67D696EF'O }, toBeSigned := { id := { none_ := NULL }, cracaId := '000000'O, crlSeries := 0, validityPeriod := { start_ := 716440640, duration := { hours := 24 } }, region := omit, assuranceLevel := omit, appPermissions := { { psid := 36, ssp := { bitmapSsp := '01FFFC'O } }, { psid := 37, ssp := { bitmapSsp := '01FFFFFF'O } }, { psid := 141, ssp := omit }, { psid := 638, ssp := { bitmapSsp := '01'O } } }, certIssuePermissions := omit, certRequestPermissions := omit, canRequestRollover := omit, encryptionKey := omit, verifyKeyIndicator := { verificationKey := { ecdsaNistP256 := { compressed_y_0 := 'CE0D44FEB38EEC2A621802DF4AEDC4559C6362B922FC673076329142FB98B9BB'O } } }, flags := omit, appExtensions := omit, certIssueExtensions := omit, certRequestExtension := omit }, signature_ := { ecdsaNistP256Signature := { rSig := { x_only := '9A64157E524E023A54AB06957B37716AA503C45671C74E983FAB3191E9283F26'O }, sSig := 'C4B8A3ECBD3D5484A3AC9E76873F36ADCE244DE0B4DB8FD305B99558F6C94CD5'O } } } } }, signature_ := { ecdsaNistP256Signature := { rSig := { x_only := '8C0B4B91E2C3C4BE32B9DF70965379BF2A515DCE875D0C84EAD3C44EFCFE9D0F'O }, sSig := '8FE7C6262A69687F5FEB807178C0B7D75B5E3E53AFD404765ABD21C6E3BACE57'O } } } } } } }, macDestinationAddress := 'FFFFFFFFFFFF'O, ssp := '000000011111111111111100'B, its_aid := 36 } id 1
05:31:12.338388 Message with id 1 was extracted from the queue of geoNetworkingPort.
05:31:12.338394 *** a_default: WARNING: Received an unexpected message ***
05:31:12.338397 Default with id 4 (altstep a_neighbourDefault) has reached a break statement. Skipping current alt statement or receiving operation.
05:31:12.338482 Receive operation on port geoNetworkingPort succeeded, message from system(): @LibItsGeoNetworking_TypesAndValues.GeoNetworkingInd: { msgIn := { basicHeader := { version := 1, nextHeader := e_securedPacket (2), reserved := 0, lifeTime := { multiplier := 6, ltBase := e_10s (2) }, routerHopLimit := 1 }, gnPacket := { packet := { commonHeader := { nextHeader := e_btpB (2), reserved := 0, headerTST := { tsbHdr := { headerType := e_topologicallyScopedBroadcast (5), headerSubType := e_singleHop (0) } }, trafficClass := { scf := e_scfDisabled (0), channelOffload := e_choffDisabled (0), tcId := 0 }, flags := '10000000'B, plLength := 30, maxHopLimit := 1, reserved2 := 0 }, extendedHeader := { shbHeader := { srcPosVector := { gnAddr := { typeOfAddress := e_initial (0), stationType := e_unknown (0), reserved := 0, mid := '020000000001'O }, timestamp_ := 3476905395, latitude := 520000000, longitude := 130000000, pai := '0'B, speed := 0, heading := 0 }, reserved := 0 } }, payload := '07D1000002020000002A0000005A946F600E612ED01FFFFFFC23B7743E80'O }, securedMsg := { protocolVersion := 3, content := { signedData := { hashId := sha256 (0), tbsData := { payload := { data := { protocolVersion := 3, content := { unsecuredData := '20500080001E01000000020000000001CF3D5DB31EFE920007BFA480000000000000000007D1000002020000002A0000005A946F600E612ED01FFFFFFC23B7743E80'O } }, extDataHash := omit, omitted := omit }, headerInfo := { psid := 36, generationTime := 716441476531516, expiryTime := omit, generationLocation := omit, p2pcdLearningRequest := omit, missingCrlIdentifier := omit, encryptionKey := omit, inlineP2pcdRequest := omit, requestedCertificate := omit, pduFunctionalType := omit, contributedExtensions := omit } }, signer := { certificate := { { version := 3, type_ := explicit (0), issuer := { sha256AndDigest := 'E5FA1B0F67D696EF'O }, toBeSigned := { id := { none_ := NULL }, cracaId := '000000'O, crlSeries := 0, validityPeriod := { start_ := 716440640, duration := { hours := 24 } }, region := omit, assuranceLevel := omit, appPermissions := { { psid := 36, ssp := { bitmapSsp := '01FFFC'O } }, { psid := 37, ssp := { bitmapSsp := '01FFFFFF'O } }, { psid := 141, ssp := omit }, { psid := 638, ssp := { bitmapSsp := '01'O } } }, certIssuePermissions := omit, certRequestPermissions := omit, canRequestRollover := omit, encryptionKey := omit, verifyKeyIndicator := { verificationKey := { ecdsaNistP256 := { compressed_y_0 := 'CE0D44FEB38EEC2A621802DF4AEDC4559C6362B922FC673076329142FB98B9BB'O } } }, flags := omit, appExtensions := omit, certIssueExtensions := omit, certRequestExtension := omit }, signature_ := { ecdsaNistP256Signature := { rSig := { x_only := '9A64157E524E023A54AB06957B37716AA503C45671C74E983FAB3191E9283F26'O }, sSig := 'C4B8A3ECBD3D5484A3AC9E76873F36ADCE244DE0B4DB8FD305B99558F6C94CD5'O } } } } }, signature_ := { ecdsaNistP256Signature := { rSig := { x_only := 'E9C31A8A033D8E0FEBE74222C6A1AD0D6464A024496C3AD96A71127A902A1ABC'O }, sSig := '4B86393A03FE17B698EA18AF9F15F42E8AF09AE89EAA8F14A21B745AE80A6C38'O } } } } } } }, macDestinationAddress := 'FFFFFFFFFFFF'O, ssp := '000000011111111111111100'B, its_aid := 36 } id 2
05:31:12.338490 Message with id 2 was extracted from the queue of geoNetworkingPort.
05:31:12.338493 *** a_default: WARNING: Received an unexpected message ***
05:31:12.338495 Default with id 4 (altstep a_neighbourDefault) has reached a break statement. Skipping current alt statement or receiving operation.
05:31:12.533137 security_services_its::process_ieee_1609_dot2_signed_data: generation time check 716441477532078 / 716441472533136, delta = 4998942.000000, comp = 0
05:31:12.533628 Message enqueued on geoNetworkingPort from system @LibItsGeoNetworking_TypesAndValues.GeoNetworkingInd : { msgIn := { basicHeader := { version := 1, nextHeader := e_securedPacket (2), reserved := 0, lifeTime := { multiplier := 6, ltBase := e_10s (2) }, routerHopLimit := 1 }, gnPacket := { packet := { commonHeader := { nextHeader := e_btpB (2), reserved := 0, headerTST := { tsbHdr := { headerType := e_topologicallyScopedBroadcast (5), headerSubType := e_singleHop (0) } }, trafficClass := { scf := e_scfDisabled (0), channelOffload := e_choffDisabled (0), tcId := 0 }, flags := '10000000'B, plLength := 30, maxHopLimit := 1, reserved2 := 0 }, extendedHeader := { shbHeader := { srcPosVector := { gnAddr := { typeOfAddress := e_initial (0), stationType := e_unknown (0), reserved := 0, mid := '020000000001'O }, timestamp_ := 3476906396, latitude := 520000000, longitude := 130000000, pai := '0'B, speed := 0, heading := 0 }, reserved := 0 } }, payload := '07D1000002020000002A0000005A946F600E612ED01FFFFFFC23B7743E80'O }, securedMsg := { protocolVersion := 3, content := { signedData := { hashId := sha256 (0), tbsData := { payload := { data := { protocolVersion := 3, content := { unsecuredData := '20500080001E01000000020000000001CF3D619C1EFE920007BFA480000000000000000007D1000002020000002A0000005A946F600E612ED01FFFFFFC23B7743E80'O } }, extDataHash := omit, omitted := omit }, headerInfo := { psid := 36, generationTime := 716441477532078, expiryTime := omit, generationLocation := omit, p2pcdLearningRequest := omit, missingCrlIdentifier := omit, encryptionKey := omit, inlineP2pcdRequest := omit, requestedCertificate := omit, pduFunctionalType := omit, contributedExtensions := omit } }, signer := { certificate := { { version := 3, type_ := explicit (0), issuer := { sha256AndDigest := 'E5FA1B0F67D696EF'O }, toBeSigned := { id := { none_ := NULL }, cracaId := '000000'O, crlSeries := 0, validityPeriod := { start_ := 716440640, duration := { hours := 24 } }, region := omit, assuranceLevel := omit, appPermissions := { { psid := 36, ssp := { bitmapSsp := '01FFFC'O } }, { psid := 37, ssp := { bitmapSsp := '01FFFFFF'O } }, { psid := 141, ssp := omit }, { psid := 638, ssp := { bitmapSsp := '01'O } } }, certIssuePermissions := omit, certRequestPermissions := omit, canRequestRollover := omit, encryptionKey := omit, verifyKeyIndicator := { verificationKey := { ecdsaNistP256 := { compressed_y_0 := 'CE0D44FEB38EEC2A621802DF4AEDC4559C6362B922FC673076329142FB98B9BB'O } } }, flags := omit, appExtensions := omit, certIssueExtensions := omit, certRequestExtension := omit }, signature_ := { ecdsaNistP256Signature := { rSig := { x_only := '9A64157E524E023A54AB06957B37716AA503C45671C74E983FAB3191E9283F26'O }, sSig := 'C4B8A3ECBD3D5484A3AC9E76873F36ADCE244DE0B4DB8FD305B99558F6C94CD5'O } } } } }, signature_ := { ecdsaNistP256Signature := { rSig := { x_only := 'C6DE857FDBDDAEAB29BB073F833D2A9D92B9D918B22D80AD1F8C7886AFE56882'O }, sSig := '214EF903B791790ACE4B25D04D222304FC71D013270FB778EDC936DC95FCAE55'O } } } } } } }, macDestinationAddress := 'FFFFFFFFFFFF'O, ssp := '000000011111111111111100'B, its_aid := 36 } id 3
05:31:12.533811 Receive operation on port geoNetworkingPort succeeded, message from system(): @LibItsGeoNetworking_TypesAndValues.GeoNetworkingInd: { msgIn := { basicHeader := { version := 1, nextHeader := e_securedPacket (2), reserved := 0, lifeTime := { multiplier := 6, ltBase := e_10s (2) }, routerHopLimit := 1 }, gnPacket := { packet := { commonHeader := { nextHeader := e_btpB (2), reserved := 0, headerTST := { tsbHdr := { headerType := e_topologicallyScopedBroadcast (5), headerSubType := e_singleHop (0) } }, trafficClass := { scf := e_scfDisabled (0), channelOffload := e_choffDisabled (0), tcId := 0 }, flags := '10000000'B, plLength := 30, maxHopLimit := 1, reserved2 := 0 }, extendedHeader := { shbHeader := { srcPosVector := { gnAddr := { typeOfAddress := e_initial (0), stationType := e_unknown (0), reserved := 0, mid := '020000000001'O }, timestamp_ := 3476906396, latitude := 520000000, longitude := 130000000, pai := '0'B, speed := 0, heading := 0 }, reserved := 0 } }, payload := '07D1000002020000002A0000005A946F600E612ED01FFFFFFC23B7743E80'O }, securedMsg := { protocolVersion := 3, content := { signedData := { hashId := sha256 (0), tbsData := { payload := { data := { protocolVersion := 3, content := { unsecuredData := '20500080001E01000000020000000001CF3D619C1EFE920007BFA480000000000000000007D1000002020000002A0000005A946F600E612ED01FFFFFFC23B7743E80'O } }, extDataHash := omit, omitted := omit }, headerInfo := { psid := 36, generationTime := 716441477532078, expiryTime := omit, generationLocation := omit, p2pcdLearningRequest := omit, missingCrlIdentifier := omit, encryptionKey := omit, inlineP2pcdRequest := omit, requestedCertificate := omit, pduFunctionalType := omit, contributedExtensions := omit } }, signer := { certificate := { { version := 3, type_ := explicit (0), issuer := { sha256AndDigest := 'E5FA1B0F67D696EF'O }, toBeSigned := { id := { none_ := NULL }, cracaId := '000000'O, crlSeries := 0, validityPeriod := { start_ := 716440640, duration := { hours := 24 } }, region := omit, assuranceLevel := omit, appPermissions := { { psid := 36, ssp := { bitmapSsp := '01FFFC'O } }, { psid := 37, ssp := { bitmapSsp := '01FFFFFF'O } }, { psid := 141, ssp := omit }, { psid := 638, ssp := { bitmapSsp := '01'O } } }, certIssuePermissions := omit, certRequestPermissions := omit, canRequestRollover := omit, encryptionKey := omit, verifyKeyIndicator := { verificationKey := { ecdsaNistP256 := { compressed_y_0 := 'CE0D44FEB38EEC2A621802DF4AEDC4559C6362B922FC673076329142FB98B9BB'O } } }, flags := omit, appExtensions := omit, certIssueExtensions := omit, certRequestExtension := omit }, signature_ := { ecdsaNistP256Signature := { rSig := { x_only := '9A64157E524E023A54AB06957B37716AA503C45671C74E983FAB3191E9283F26'O }, sSig := 'C4B8A3ECBD3D5484A3AC9E76873F36ADCE244DE0B4DB8FD305B99558F6C94CD5'O } } } } }, signature_ := { ecdsaNistP256Signature := { rSig := { x_only := 'C6DE857FDBDDAEAB29BB073F833D2A9D92B9D918B22D80AD1F8C7886AFE56882'O }, sSig := '214EF903B791790ACE4B25D04D222304FC71D013270FB778EDC936DC95FCAE55'O } } } } } } }, macDestinationAddress := 'FFFFFFFFFFFF'O, ssp := '000000011111111111111100'B, its_aid := 36 } id 3
05:31:12.533848 Message with id 3 was extracted from the queue of geoNetworkingPort.
05:31:12.533858 *** a_default: WARNING: Received an unexpected message ***
05:31:12.533866 Default with id 4 (altstep a_neighbourDefault) has reached a break statement. Skipping current alt statement or receiving operation.
05:31:12.838051 Timeout t: 0.5 s
05:31:12.838154 Creating new alive PTC with component type LibItsDenm_TestSystem.ItsDenm, component name: DENM Trigger.
05:31:12.840796 PTC was created. Component reference: 3, alive: yes, type: LibItsDenm_TestSystem.ItsDenm, component name: DENM Trigger.
05:31:12.840859 Starting function fb_secTriggerDenmEvent() on component DENM Trigger(3).
05:31:12.841189 Function was started.
05:31:12.843473 PTC with component reference 3 is done.
05:31:12.843500 **** f_selfSync: Successfully passed PREAMBLE synchronization point. ****
05:31:12.843510 Start timer tc_ac: 30 s
05:31:12.933456 security_services_its::process_ieee_1609_dot2_signed_data: generation time check 716441477931850 / 716441472933455, delta = 4998395.000000, comp = 0
05:31:12.934225 Message enqueued on geoNetworkingPort from system @LibItsGeoNetworking_TypesAndValues.GeoNetworkingInd : { msgIn := { basicHeader := { version := 1, nextHeader := e_securedPacket (2), reserved := 0, lifeTime := { multiplier := 6, ltBase := e_10s (2) }, routerHopLimit := 10 }, gnPacket := { packet := { commonHeader := { nextHeader := e_btpB (2), reserved := 0, headerTST := { geoBroadcastHdr := { headerType := e_geoBroadcast (4), headerSubType := e_geoBroadcastCircle (0) } }, trafficClass := { scf := e_scfDisabled (0), channelOffload := e_choffDisabled (0), tcId := 0 }, flags := '10000000'B, plLength := 44, maxHopLimit := 10, reserved2 := 0 }, extendedHeader := { geoBroadcastHeader := { seqNumber := 0, reserved := 0, srcPosVector := { gnAddr := { typeOfAddress := e_initial (0), stationType := e_unknown (0), reserved := 0, mid := '020000000001'O }, timestamp_ := 3476906795, latitude := 520000000, longitude := 130000000, pai := '0'B, speed := 0, heading := 0 }, geoAreaPosLatitude := 520000000, geoAreaPosLongitude := 130000000, distanceA := 500, distanceB := 0, angle := 0, reserved2 := 0 } }, payload := '07D2000002010000002A0000000015000094D9E7AC65653679EB195D4A37B0073097680FFFFFFE11DBBA1F00'O }, securedMsg := { protocolVersion := 3, content := { signedData := { hashId := sha256 (0), tbsData := { payload := { data := { protocolVersion := 3, content := { unsecuredData := '20400080002C0A00000000000000020000000001CF3D632B1EFE920007BFA480000000001EFE920007BFA48001F400000000000007D2000002010000002A0000000015000094D9E7AC65653679EB195D4A37B0073097680FFFFFFE11DBBA1F00'O } }, extDataHash := omit, omitted := omit }, headerInfo := { psid := 37, generationTime := 716441477931850, expiryTime := omit, generationLocation := { latitude := 520000000, longitude := 130000000, elevation := 4096 }, p2pcdLearningRequest := omit, missingCrlIdentifier := omit, encryptionKey := omit, inlineP2pcdRequest := omit, requestedCertificate := omit, pduFunctionalType := omit, contributedExtensions := omit } }, signer := { certificate := { { version := 3, type_ := explicit (0), issuer := { sha256AndDigest := 'E5FA1B0F67D696EF'O }, toBeSigned := { id := { none_ := NULL }, cracaId := '000000'O, crlSeries := 0, validityPeriod := { start_ := 716440640, duration := { hours := 24 } }, region := omit, assuranceLevel := omit, appPermissions := { { psid := 36, ssp := { bitmapSsp := '01FFFC'O } }, { psid := 37, ssp := { bitmapSsp := '01FFFFFF'O } }, { psid := 141, ssp := omit }, { psid := 638, ssp := { bitmapSsp := '01'O } } }, certIssuePermissions := omit, certRequestPermissions := omit, canRequestRollover := omit, encryptionKey := omit, verifyKeyIndicator := { verificationKey := { ecdsaNistP256 := { compressed_y_0 := 'CE0D44FEB38EEC2A621802DF4AEDC4559C6362B922FC673076329142FB98B9BB'O } } }, flags := omit, appExtensions := omit, certIssueExtensions := omit, certRequestExtension := omit }, signature_ := { ecdsaNistP256Signature := { rSig := { x_only := '9A64157E524E023A54AB06957B37716AA503C45671C74E983FAB3191E9283F26'O }, sSig := 'C4B8A3ECBD3D5484A3AC9E76873F36ADCE244DE0B4DB8FD305B99558F6C94CD5'O } } } } }, signature_ := { ecdsaNistP256Signature := { rSig := { x_only := 'AEE6C793B1C991D25C751B9254737A7F141CC6F9E7482E98DA8A1289865EAD7E'O }, sSig := 'F23A2A46A9A0B3D7301BDDAD7E7DE60486C45A33778AE5C64E3F1537FF9161D8'O } } } } } } }, macDestinationAddress := 'FFFFFFFFFFFF'O, ssp := '00000001111111111111111111111111'B, its_aid := 37 } id 4
05:31:12.934424 Receive operation on port geoNetworkingPort succeeded, message from system(): @LibItsGeoNetworking_TypesAndValues.GeoNetworkingInd : { msgIn := { basicHeader := { version := 1, nextHeader := e_securedPacket (2), reserved := 0, lifeTime := { multiplier := 6, ltBase := e_10s (2) }, routerHopLimit := 10 }, gnPacket := { packet := { commonHeader := { nextHeader := e_btpB (2), reserved := 0, headerTST := { geoBroadcastHdr := { headerType := e_geoBroadcast (4), headerSubType := e_geoBroadcastCircle (0) } }, trafficClass := { scf := e_scfDisabled (0), channelOffload := e_choffDisabled (0), tcId := 0 }, flags := '10000000'B, plLength := 44, maxHopLimit := 10, reserved2 := 0 }, extendedHeader := { geoBroadcastHeader := { seqNumber := 0, reserved := 0, srcPosVector := { gnAddr := { typeOfAddress := e_initial (0), stationType := e_unknown (0), reserved := 0, mid := '020000000001'O }, timestamp_ := 3476906795, latitude := 520000000, longitude := 130000000, pai := '0'B, speed := 0, heading := 0 }, geoAreaPosLatitude := 520000000, geoAreaPosLongitude := 130000000, distanceA := 500, distanceB := 0, angle := 0, reserved2 := 0 } }, payload := '07D2000002010000002A0000000015000094D9E7AC65653679EB195D4A37B0073097680FFFFFFE11DBBA1F00'O }, securedMsg := { protocolVersion := 3, content := { signedData := { hashId := sha256 (0), tbsData := { payload := { data := { protocolVersion := 3, content := { unsecuredData := '20400080002C0A00000000000000020000000001CF3D632B1EFE920007BFA480000000001EFE920007BFA48001F400000000000007D2000002010000002A0000000015000094D9E7AC65653679EB195D4A37B0073097680FFFFFFE11DBBA1F00'O } }, extDataHash := omit, omitted := omit }, headerInfo := { psid := 37, generationTime := 716441477931850, expiryTime := omit, generationLocation := { latitude := 520000000, longitude := 130000000, elevation := 4096 }, p2pcdLearningRequest := omit, missingCrlIdentifier := omit, encryptionKey := omit, inlineP2pcdRequest := omit, requestedCertificate := omit, pduFunctionalType := omit, contributedExtensions := omit } }, signer := { certificate := { { version := 3, type_ := explicit (0), issuer := { sha256AndDigest := 'E5FA1B0F67D696EF'O }, toBeSigned := { id := { none_ := NULL }, cracaId := '000000'O, crlSeries := 0, validityPeriod := { start_ := 716440640, duration := { hours := 24 } }, region := omit, assuranceLevel := omit, appPermissions := { { psid := 36, ssp := { bitmapSsp := '01FFFC'O } }, { psid := 37, ssp := { bitmapSsp := '01FFFFFF'O } }, { psid := 141, ssp := omit }, { psid := 638, ssp := { bitmapSsp := '01'O } } }, certIssuePermissions := omit, certRequestPermissions := omit, canRequestRollover := omit, encryptionKey := omit, verifyKeyIndicator := { verificationKey := { ecdsaNistP256 := { compressed_y_0 := 'CE0D44FEB38EEC2A621802DF4AEDC4559C6362B922FC673076329142FB98B9BB'O } } }, flags := omit, appExtensions := omit, certIssueExtensions := omit, certRequestExtension := omit }, signature_ := { ecdsaNistP256Signature := { rSig := { x_only := '9A64157E524E023A54AB06957B37716AA503C45671C74E983FAB3191E9283F26'O }, sSig := 'C4B8A3ECBD3D5484A3AC9E76873F36ADCE244DE0B4DB8FD305B99558F6C94CD5'O } } } } }, signature_ := { ecdsaNistP256Signature := { rSig := { x_only := 'AEE6C793B1C991D25C751B9254737A7F141CC6F9E7482E98DA8A1289865EAD7E'O }, sSig := 'F23A2A46A9A0B3D7301BDDAD7E7DE60486C45A33778AE5C64E3F1537FF9161D8'O } } } } } } }, macDestinationAddress := 'FFFFFFFFFFFF'O, ssp := '00000001111111111111111111111111'B, its_aid := 37 } id 4
05:31:12.934451 Message with id 4 was extracted from the queue of geoNetworkingPort.
05:31:12.934471 Stop timer tc_ac: 30 s
05:31:12.934485 *** TC_SEC_ITSS_SND_DENM_01_BV: PASS: The DEN message is secured
05:31:12.934494 setverdict(pass): none -> pass
05:31:12.934565 **** f_selfSync: Successfully passed TEST BODY synchronization point. ****
05:31:12.934575 Starting function fb_secCancelDenmEvent() on component DENM Trigger(3).
05:31:12.934908 Function was started.
05:31:12.936185 PTC with component reference 3 is done.
05:31:12.936203 Killing PTC with component reference 3.
05:31:12.936844 PTC with component reference 3 is killed.
05:31:12.936896 Sent on acPort to system @LibItsGeoNetworking_TypesAndValues.AcGnPrimitive : { stopBeaconing := { } }
05:31:12.936910 Default with id 4 (altstep a_neighbourDefault) was deactivated.
05:31:12.936929 Sent on acPort to system @LibItsCommon_TypesAndValues.AcSecPrimitive : { acDisableSecurity := { disable := true } }
05:31:12.936938 Message enqueued on acPort from system @LibItsCommon_TypesAndValues.AdapterControlResults : { acSecResponse := true } id 2
05:31:12.936949 Start timer tc_ac: 30 s
05:31:12.936964 Receive operation on port acPort succeeded, message from system(): @LibItsCommon_TypesAndValues.AdapterControlResults : { acSecResponse := true } id 2
05:31:12.936973 Message with id 2 was extracted from the queue of acPort.
05:31:12.936980 Stop timer tc_ac: 30 s
05:31:12.936987 Unmapping port mtc:acPort from system:acPort.
05:31:12.937223 Port acPort was unmapped from system:acPort.
05:31:12.937412 Unmap operation of mtc:acPort from system:acPort finished.
05:31:12.937431 Unmapping port mtc:utPort from system:utPort.
05:31:12.937588 Port utPort was unmapped from system:utPort.
05:31:12.937809 Unmap operation of mtc:utPort from system:utPort finished.
05:31:12.937828 Unmapping port mtc:geoNetworkingPort from system:geoNetworkingPort.
05:31:12.937993 Port geoNetworkingPort was unmapped from system:geoNetworkingPort.
05:31:12.938223 Unmap operation of mtc:geoNetworkingPort from system:geoNetworkingPort finished.
05:31:12.938243 Disconnecting ports mtc:syncSendPort and mtc:syncPort.
05:31:12.938384 Port syncSendPort has terminated the connection with local port syncPort.
05:31:12.938426 Port syncPort has terminated the connection with local port syncSendPort.
05:31:12.938610 Disconnect operation on mtc:syncSendPort and mtc:syncPort finished.
05:31:12.938629 Terminating component type LibItsGeoNetworking_TestSystem.ItsGeoNetworking.
05:31:12.938638 Default with id 1 (altstep a_cf01Down) was deactivated.
05:31:12.938645 Default with id 2 (altstep a_default) was deactivated.
05:31:12.938650 Default with id 3 (altstep a_utDefault) was deactivated.
05:31:12.938656 Port syncSendPort was stopped.
05:31:12.938664 Port syncPort was stopped.
05:31:12.938669 Port utPort was stopped.
05:31:12.938674 Port acPort was stopped.
05:31:12.938679 Port geoNetworkingPort was stopped.
05:31:12.938684 Component type LibItsGeoNetworking_TestSystem.ItsGeoNetworking was shut down inside testcase TC_SEC_ITSS_SND_DENM_01_BV.
05:31:12.938692 Waiting for PTCs to finish.
05:31:12.938847 Setting final verdict of the test case.
05:31:12.938887 Local verdict of MTC: pass
05:31:12.938904 Local verdict of PTC DENM Trigger(3): none (pass -> pass)
05:31:12.938920 Test case TC_SEC_ITSS_SND_DENM_01_BV finished. Verdict: pass
05:31:12.939151 Executing test case TC_SEC_ITSS_SND_DENM_02_BV in module ItsSecurity_TestCases.
05:31:12.939257 Test case TC_SEC_ITSS_SND_DENM_02_BV started.
05:31:12.939270 Initializing variables, timers and ports of component type LibItsGeoNetworking_TestSystem.ItsGeoNetworking inside testcase TC_SEC_ITSS_SND_DENM_02_BV.
05:31:12.939337 Port syncSendPort was started.
05:31:12.939346 Port syncPort was started.
05:31:12.939351 Port utPort was started.
05:31:12.939356 Port acPort was started.
05:31:12.939360 Port geoNetworkingPort was started.
05:31:12.939365 Component type LibItsGeoNetworking_TestSystem.ItsGeoNetworking was initialized.
05:31:12.939374 Mapping port mtc:acPort to system:acPort.
05:31:12.939506 Port acPort was mapped to system:acPort.
05:31:12.939638 Map operation of mtc:acPort to system:acPort finished.
05:31:12.939675 Mapping port mtc:utPort to system:utPort.
05:31:12.940116 Port utPort was mapped to system:utPort.
05:31:12.940282 Map operation of mtc:utPort to system:utPort finished.
05:31:12.940313 Mapping port mtc:geoNetworkingPort to system:geoNetworkingPort.
05:31:12.940829 security_services_its::setup: Already done
05:31:12.940983 Port geoNetworkingPort was mapped to system:geoNetworkingPort.
05:31:12.941382 Map operation of mtc:geoNetworkingPort to system:geoNetworkingPort finished.
05:31:12.941441 Connecting ports mtc:syncSendPort and mtc:syncPort.
05:31:12.941738 Port syncPort has established the connection with local port syncSendPort.
05:31:12.941810 Port syncSendPort has established the connection with local port syncPort.
05:31:12.942235 Connect operation on mtc:syncSendPort and mtc:syncPort finished.
05:31:12.942337 Altstep a_cf01Down was activated as default, id 1
05:31:12.942391 security_services_its::setup: Already done
05:31:12.942714 Selected issuer: 'E4B9D11A3802CDD1'O
05:31:12.942986 Sent on utPort to system @LibItsGeoNetworking_TypesAndValues.UtGnInitialize : { hashedId8 := '115EA89063B17FFD'O }
05:31:12.945480 Message enqueued on utPort from system @LibItsGeoNetworking_TypesAndValues.UtGnResults : { utGnInitializeResult := true } id 1
05:31:12.945570 Start timer tc_wait: 120 s
05:31:12.945605 Receive operation on port utPort succeeded, message from system(): @LibItsGeoNetworking_TypesAndValues.UtGnResults : { utGnInitializeResult := true } id 1
05:31:12.945619 Message with id 1 was extracted from the queue of utPort.
05:31:12.945628 Stop timer tc_wait: 120 s
05:31:12.945638 *** f_utInitializeIut: INFO: IUT initialized ***
05:31:12.945649 Start timer t: 1 s
05:31:13.042218 security_services_its::process_ieee_1609_dot2_signed_data: generation time check 716441478041326 / 716441473042217, delta = 4999109.000000, comp = 0
05:31:13.042680 Message enqueued on geoNetworkingPort from system @LibItsGeoNetworking_TypesAndValues.GeoNetworkingInd : { msgIn := { basicHeader := { version := 1, nextHeader := e_securedPacket (2), reserved := 0, lifeTime := { multiplier := 6, ltBase := e_10s (2) }, routerHopLimit := 1 }, gnPacket := { packet := { commonHeader := { nextHeader := e_btpB (2), reserved := 0, headerTST := { tsbHdr := { headerType := e_topologicallyScopedBroadcast (5), headerSubType := e_singleHop (0) } }, trafficClass := { scf := e_scfDisabled (0), channelOffload := e_choffDisabled (0), tcId := 0 }, flags := '10000000'B, plLength := 30, maxHopLimit := 1, reserved2 := 0 }, extendedHeader := { shbHeader := { srcPosVector := { gnAddr := { typeOfAddress := e_initial (0), stationType := e_unknown (0), reserved := 0, mid := '020000000001'O }, timestamp_ := 3476906905, latitude := 520000000, longitude := 130000000, pai := '0'B, speed := 0, heading := 0 }, reserved := 0 } }, payload := '07D1000002020000002A0000005A946F600E612ED01FFFFFFC23B7743E80'O }, securedMsg := { protocolVersion := 3, content := { signedData := { hashId := sha256 (0), tbsData := { payload := { data := { protocolVersion := 3, content := { unsecuredData := '20500080001E01000000020000000001CF3D63991EFE920007BFA480000000000000000007D1000002020000002A0000005A946F600E612ED01FFFFFFC23B7743E80'O } }, extDataHash := omit, omitted := omit }, headerInfo := { psid := 36, generationTime := 716441478041326, expiryTime := omit, generationLocation := omit, p2pcdLearningRequest := omit, missingCrlIdentifier := omit, encryptionKey := omit, inlineP2pcdRequest := omit, requestedCertificate := omit, pduFunctionalType := omit, contributedExtensions := omit } }, signer := { certificate := { { version := 3, type_ := explicit (0), issuer := { sha256AndDigest := 'E5FA1B0F67D696EF'O }, toBeSigned := { id := { none_ := NULL }, cracaId := '000000'O, crlSeries := 0, validityPeriod := { start_ := 716440640, duration := { hours := 24 } }, region := omit, assuranceLevel := omit, appPermissions := { { psid := 36, ssp := { bitmapSsp := '01FFFC'O } }, { psid := 37, ssp := { bitmapSsp := '01FFFFFF'O } }, { psid := 141, ssp := omit }, { psid := 638, ssp := { bitmapSsp := '01'O } } }, certIssuePermissions := omit, certRequestPermissions := omit, canRequestRollover := omit, encryptionKey := omit, verifyKeyIndicator := { verificationKey := { ecdsaNistP256 := { compressed_y_0 := 'CE0D44FEB38EEC2A621802DF4AEDC4559C6362B922FC673076329142FB98B9BB'O } } }, flags := omit, appExtensions := omit, certIssueExtensions := omit, certRequestExtension := omit }, signature_ := { ecdsaNistP256Signature := { rSig := { x_only := '9A64157E524E023A54AB06957B37716AA503C45671C74E983FAB3191E9283F26'O }, sSig := 'C4B8A3ECBD3D5484A3AC9E76873F36ADCE244DE0B4DB8FD305B99558F6C94CD5'O } } } } }, signature_ := { ecdsaNistP256Signature := { rSig := { x_only := 'ED8AC78F4C38FD3C59EF0328EF65B47E33FAF9480D1ACA05BF7F693905076FD8'O }, sSig := 'D198B70368809701FF8CFE02497044C0C58C4275C6ED074C9D0EE939133BE742'O } } } } } } }, macDestinationAddress := 'FFFFFFFFFFFF'O, ssp := '000000011111111111111100'B, its_aid := 36 } id 1
05:31:13.945661 Timeout t: 1 s
05:31:13.945795 Sent on acPort to system @LibItsGeoNetworking_TypesAndValues.AcGnPrimitive : { getLongPosVector := { gnAddress := { typeOfAddress := e_initial (0), stationType := e_unknown (0), reserved := 0, mid := '020000000001'O } } }
05:31:13.945823 Message enqueued on acPort from system @LibItsGeoNetworking_TypesAndValues.AcGnResponse : { getLongPosVector := { gnAddr := { typeOfAddress := e_initial (0), stationType := e_unknown (0), reserved := 0, mid := '020000000001'O }, timestamp_ := 0, latitude := 520000000, longitude := 130000000, pai := '0'B, speed := 0, heading := 0 } } id 1
05:31:13.945839 Start timer tc_ac: 30 s
05:31:13.945874 Receive operation on port acPort succeeded, message from system(): @LibItsGeoNetworking_TypesAndValues.AcGnResponse : { getLongPosVector := { gnAddr := { typeOfAddress := e_initial (0), stationType := e_unknown (0), reserved := 0, mid := '020000000001'O }, timestamp_ := 0, latitude := 520000000, longitude := 130000000, pai := '0'B, speed := 0, heading := 0 } } id 1
05:31:13.945909 Message with id 1 was extracted from the queue of acPort.
05:31:13.945918 Stop timer tc_ac: 30 s
05:31:13.946043 Altstep a_default was activated as default, id 2
05:31:13.946055 Altstep a_utDefault was activated as default, id 3
05:31:13.946060 Altstep a_neighbourDefault was activated as default, id 4
05:31:13.946222 Sent on acPort to system @LibItsGeoNetworking_TypesAndValues.AcGnPrimitive : { startBeaconing := { beaconPacket := { basicHeader := { version := 1, nextHeader := e_commonHeader (1), reserved := 0, lifeTime := { multiplier := 10, ltBase := e_100s (3) }, routerHopLimit := 1 }, gnPacket := { packet := { commonHeader := { nextHeader := e_any (0), reserved := 0, headerTST := { beaconHdr := { headerType := e_beacon (1), headerSubType := 0 } }, trafficClass := { scf := e_scfEnabled (1), channelOffload := e_choffDisabled (0), tcId := 0 }, flags := '00000000'B, plLength := 0, maxHopLimit := 1, reserved2 := 0 }, extendedHeader := { beaconHeader := { srcPosVector := { gnAddr := { typeOfAddress := e_manual (1), stationType := e_passengerCar (5), reserved := 0, mid := '00000000000B'O }, timestamp_ := 3476901809, latitude := 520020000, longitude := 130000000, pai := '1'B, speed := 0, heading := 0 } } }, payload := omit }, securedMsg := omit } } } }
05:31:13.946574 Start timer t: 1 s
05:31:14.142022 security_services_its::process_ieee_1609_dot2_signed_data: generation time check 716441479141037 / 716441474142021, delta = 4999016.000000, comp = 0
05:31:14.142515 Message enqueued on geoNetworkingPort from system @LibItsGeoNetworking_TypesAndValues.GeoNetworkingInd : { msgIn := { basicHeader := { version := 1, nextHeader := e_securedPacket (2), reserved := 0, lifeTime := { multiplier := 6, ltBase := e_10s (2) }, routerHopLimit := 1 }, gnPacket := { packet := { commonHeader := { nextHeader := e_btpB (2), reserved := 0, headerTST := { tsbHdr := { headerType := e_topologicallyScopedBroadcast (5), headerSubType := e_singleHop (0) } }, trafficClass := { scf := e_scfDisabled (0), channelOffload := e_choffDisabled (0), tcId := 0 }, flags := '10000000'B, plLength := 30, maxHopLimit := 1, reserved2 := 0 }, extendedHeader := { shbHeader := { srcPosVector := { gnAddr := { typeOfAddress := e_initial (0), stationType := e_unknown (0), reserved := 0, mid := '020000000001'O }, timestamp_ := 3476908005, latitude := 520000000, longitude := 130000000, pai := '0'B, speed := 0, heading := 0 }, reserved := 0 } }, payload := '07D1000002020000002A0000005A946F600E612ED01FFFFFFC23B7743E80'O }, securedMsg := { protocolVersion := 3, content := { signedData := { hashId := sha256 (0), tbsData := { payload := { data := { protocolVersion := 3, content := { unsecuredData := '20500080001E01000000020000000001CF3D67E51EFE920007BFA480000000000000000007D1000002020000002A0000005A946F600E612ED01FFFFFFC23B7743E80'O } }, extDataHash := omit, omitted := omit }, headerInfo := { psid := 36, generationTime := 716441479141037, expiryTime := omit, generationLocation := omit, p2pcdLearningRequest := omit, missingCrlIdentifier := omit, encryptionKey := omit, inlineP2pcdRequest := omit, requestedCertificate := omit, pduFunctionalType := omit, contributedExtensions := omit } }, signer := { certificate := { { version := 3, type_ := explicit (0), issuer := { sha256AndDigest := 'E5FA1B0F67D696EF'O }, toBeSigned := { id := { none_ := NULL }, cracaId := '000000'O, crlSeries := 0, validityPeriod := { start_ := 716440640, duration := { hours := 24 } }, region := omit, assuranceLevel := omit, appPermissions := { { psid := 36, ssp := { bitmapSsp := '01FFFC'O } }, { psid := 37, ssp := { bitmapSsp := '01FFFFFF'O } }, { psid := 141, ssp := omit }, { psid := 638, ssp := { bitmapSsp := '01'O } } }, certIssuePermissions := omit, certRequestPermissions := omit, canRequestRollover := omit, encryptionKey := omit, verifyKeyIndicator := { verificationKey := { ecdsaNistP256 := { compressed_y_0 := 'CE0D44FEB38EEC2A621802DF4AEDC4559C6362B922FC673076329142FB98B9BB'O } } }, flags := omit, appExtensions := omit, certIssueExtensions := omit, certRequestExtension := omit }, signature_ := { ecdsaNistP256Signature := { rSig := { x_only := '9A64157E524E023A54AB06957B37716AA503C45671C74E983FAB3191E9283F26'O }, sSig := 'C4B8A3ECBD3D5484A3AC9E76873F36ADCE244DE0B4DB8FD305B99558F6C94CD5'O } } } } }, signature_ := { ecdsaNistP256Signature := { rSig := { x_only := '85436922F471D0E551B7EDEB9119017AC3F958A08ABF316EBE785EFBAE54EA2A'O }, sSig := 'C887AC0B625BB6A29C97580571CA9E25BE850F6787D486A9867360DF32B73535'O } } } } } } }, macDestinationAddress := 'FFFFFFFFFFFF'O, ssp := '000000011111111111111100'B, its_aid := 36 } id 2
05:31:14.946593 Timeout t: 1 s
05:31:14.946642 Start timer t: 0.5 s
05:31:14.946824 Receive operation on port geoNetworkingPort succeeded, message from system(): @LibItsGeoNetworking_TypesAndValues.GeoNetworkingInd: { msgIn := { basicHeader := { version := 1, nextHeader := e_securedPacket (2), reserved := 0, lifeTime := { multiplier := 6, ltBase := e_10s (2) }, routerHopLimit := 1 }, gnPacket := { packet := { commonHeader := { nextHeader := e_btpB (2), reserved := 0, headerTST := { tsbHdr := { headerType := e_topologicallyScopedBroadcast (5), headerSubType := e_singleHop (0) } }, trafficClass := { scf := e_scfDisabled (0), channelOffload := e_choffDisabled (0), tcId := 0 }, flags := '10000000'B, plLength := 30, maxHopLimit := 1, reserved2 := 0 }, extendedHeader := { shbHeader := { srcPosVector := { gnAddr := { typeOfAddress := e_initial (0), stationType := e_unknown (0), reserved := 0, mid := '020000000001'O }, timestamp_ := 3476906905, latitude := 520000000, longitude := 130000000, pai := '0'B, speed := 0, heading := 0 }, reserved := 0 } }, payload := '07D1000002020000002A0000005A946F600E612ED01FFFFFFC23B7743E80'O }, securedMsg := { protocolVersion := 3, content := { signedData := { hashId := sha256 (0), tbsData := { payload := { data := { protocolVersion := 3, content := { unsecuredData := '20500080001E01000000020000000001CF3D63991EFE920007BFA480000000000000000007D1000002020000002A0000005A946F600E612ED01FFFFFFC23B7743E80'O } }, extDataHash := omit, omitted := omit }, headerInfo := { psid := 36, generationTime := 716441478041326, expiryTime := omit, generationLocation := omit, p2pcdLearningRequest := omit, missingCrlIdentifier := omit, encryptionKey := omit, inlineP2pcdRequest := omit, requestedCertificate := omit, pduFunctionalType := omit, contributedExtensions := omit } }, signer := { certificate := { { version := 3, type_ := explicit (0), issuer := { sha256AndDigest := 'E5FA1B0F67D696EF'O }, toBeSigned := { id := { none_ := NULL }, cracaId := '000000'O, crlSeries := 0, validityPeriod := { start_ := 716440640, duration := { hours := 24 } }, region := omit, assuranceLevel := omit, appPermissions := { { psid := 36, ssp := { bitmapSsp := '01FFFC'O } }, { psid := 37, ssp := { bitmapSsp := '01FFFFFF'O } }, { psid := 141, ssp := omit }, { psid := 638, ssp := { bitmapSsp := '01'O } } }, certIssuePermissions := omit, certRequestPermissions := omit, canRequestRollover := omit, encryptionKey := omit, verifyKeyIndicator := { verificationKey := { ecdsaNistP256 := { compressed_y_0 := 'CE0D44FEB38EEC2A621802DF4AEDC4559C6362B922FC673076329142FB98B9BB'O } } }, flags := omit, appExtensions := omit, certIssueExtensions := omit, certRequestExtension := omit }, signature_ := { ecdsaNistP256Signature := { rSig := { x_only := '9A64157E524E023A54AB06957B37716AA503C45671C74E983FAB3191E9283F26'O }, sSig := 'C4B8A3ECBD3D5484A3AC9E76873F36ADCE244DE0B4DB8FD305B99558F6C94CD5'O } } } } }, signature_ := { ecdsaNistP256Signature := { rSig := { x_only := 'ED8AC78F4C38FD3C59EF0328EF65B47E33FAF9480D1ACA05BF7F693905076FD8'O }, sSig := 'D198B70368809701FF8CFE02497044C0C58C4275C6ED074C9D0EE939133BE742'O } } } } } } }, macDestinationAddress := 'FFFFFFFFFFFF'O, ssp := '000000011111111111111100'B, its_aid := 36 } id 1
05:31:14.946845 Message with id 1 was extracted from the queue of geoNetworkingPort.
05:31:14.946851 *** a_default: WARNING: Received an unexpected message ***
05:31:14.946854 Default with id 4 (altstep a_neighbourDefault) has reached a break statement. Skipping current alt statement or receiving operation.
05:31:14.946946 Receive operation on port geoNetworkingPort succeeded, message from system(): @LibItsGeoNetworking_TypesAndValues.GeoNetworkingInd: { msgIn := { basicHeader := { version := 1, nextHeader := e_securedPacket (2), reserved := 0, lifeTime := { multiplier := 6, ltBase := e_10s (2) }, routerHopLimit := 1 }, gnPacket := { packet := { commonHeader := { nextHeader := e_btpB (2), reserved := 0, headerTST := { tsbHdr := { headerType := e_topologicallyScopedBroadcast (5), headerSubType := e_singleHop (0) } }, trafficClass := { scf := e_scfDisabled (0), channelOffload := e_choffDisabled (0), tcId := 0 }, flags := '10000000'B, plLength := 30, maxHopLimit := 1, reserved2 := 0 }, extendedHeader := { shbHeader := { srcPosVector := { gnAddr := { typeOfAddress := e_initial (0), stationType := e_unknown (0), reserved := 0, mid := '020000000001'O }, timestamp_ := 3476908005, latitude := 520000000, longitude := 130000000, pai := '0'B, speed := 0, heading := 0 }, reserved := 0 } }, payload := '07D1000002020000002A0000005A946F600E612ED01FFFFFFC23B7743E80'O }, securedMsg := { protocolVersion := 3, content := { signedData := { hashId := sha256 (0), tbsData := { payload := { data := { protocolVersion := 3, content := { unsecuredData := '20500080001E01000000020000000001CF3D67E51EFE920007BFA480000000000000000007D1000002020000002A0000005A946F600E612ED01FFFFFFC23B7743E80'O } }, extDataHash := omit, omitted := omit }, headerInfo := { psid := 36, generationTime := 716441479141037, expiryTime := omit, generationLocation := omit, p2pcdLearningRequest := omit, missingCrlIdentifier := omit, encryptionKey := omit, inlineP2pcdRequest := omit, requestedCertificate := omit, pduFunctionalType := omit, contributedExtensions := omit } }, signer := { certificate := { { version := 3, type_ := explicit (0), issuer := { sha256AndDigest := 'E5FA1B0F67D696EF'O }, toBeSigned := { id := { none_ := NULL }, cracaId := '000000'O, crlSeries := 0, validityPeriod := { start_ := 716440640, duration := { hours := 24 } }, region := omit, assuranceLevel := omit, appPermissions := { { psid := 36, ssp := { bitmapSsp := '01FFFC'O } }, { psid := 37, ssp := { bitmapSsp := '01FFFFFF'O } }, { psid := 141, ssp := omit }, { psid := 638, ssp := { bitmapSsp := '01'O } } }, certIssuePermissions := omit, certRequestPermissions := omit, canRequestRollover := omit, encryptionKey := omit, verifyKeyIndicator := { verificationKey := { ecdsaNistP256 := { compressed_y_0 := 'CE0D44FEB38EEC2A621802DF4AEDC4559C6362B922FC673076329142FB98B9BB'O } } }, flags := omit, appExtensions := omit, certIssueExtensions := omit, certRequestExtension := omit }, signature_ := { ecdsaNistP256Signature := { rSig := { x_only := '9A64157E524E023A54AB06957B37716AA503C45671C74E983FAB3191E9283F26'O }, sSig := 'C4B8A3ECBD3D5484A3AC9E76873F36ADCE244DE0B4DB8FD305B99558F6C94CD5'O } } } } }, signature_ := { ecdsaNistP256Signature := { rSig := { x_only := '85436922F471D0E551B7EDEB9119017AC3F958A08ABF316EBE785EFBAE54EA2A'O }, sSig := 'C887AC0B625BB6A29C97580571CA9E25BE850F6787D486A9867360DF32B73535'O } } } } } } }, macDestinationAddress := 'FFFFFFFFFFFF'O, ssp := '000000011111111111111100'B, its_aid := 36 } id 2
05:31:14.946954 Message with id 2 was extracted from the queue of geoNetworkingPort.
05:31:14.946957 *** a_default: WARNING: Received an unexpected message ***
05:31:14.946960 Default with id 4 (altstep a_neighbourDefault) has reached a break statement. Skipping current alt statement or receiving operation.
05:31:15.143940 security_services_its::process_ieee_1609_dot2_signed_data: generation time check 716441480141684 / 716441475143939, delta = 4997745.000000, comp = 0
05:31:15.144966 Message enqueued on geoNetworkingPort from system @LibItsGeoNetworking_TypesAndValues.GeoNetworkingInd : { msgIn := { basicHeader := { version := 1, nextHeader := e_securedPacket (2), reserved := 0, lifeTime := { multiplier := 6, ltBase := e_10s (2) }, routerHopLimit := 1 }, gnPacket := { packet := { commonHeader := { nextHeader := e_btpB (2), reserved := 0, headerTST := { tsbHdr := { headerType := e_topologicallyScopedBroadcast (5), headerSubType := e_singleHop (0) } }, trafficClass := { scf := e_scfDisabled (0), channelOffload := e_choffDisabled (0), tcId := 0 }, flags := '10000000'B, plLength := 30, maxHopLimit := 1, reserved2 := 0 }, extendedHeader := { shbHeader := { srcPosVector := { gnAddr := { typeOfAddress := e_initial (0), stationType := e_unknown (0), reserved := 0, mid := '020000000001'O }, timestamp_ := 3476909005, latitude := 520000000, longitude := 130000000, pai := '0'B, speed := 0, heading := 0 }, reserved := 0 } }, payload := '07D1000002020000002A0000005A946F600E612ED01FFFFFFC23B7743E80'O }, securedMsg := { protocolVersion := 3, content := { signedData := { hashId := sha256 (0), tbsData := { payload := { data := { protocolVersion := 3, content := { unsecuredData := '20500080001E01000000020000000001CF3D6BCD1EFE920007BFA480000000000000000007D1000002020000002A0000005A946F600E612ED01FFFFFFC23B7743E80'O } }, extDataHash := omit, omitted := omit }, headerInfo := { psid := 36, generationTime := 716441480141684, expiryTime := omit, generationLocation := omit, p2pcdLearningRequest := omit, missingCrlIdentifier := omit, encryptionKey := omit, inlineP2pcdRequest := omit, requestedCertificate := omit, pduFunctionalType := omit, contributedExtensions := omit } }, signer := { certificate := { { version := 3, type_ := explicit (0), issuer := { sha256AndDigest := 'E5FA1B0F67D696EF'O }, toBeSigned := { id := { none_ := NULL }, cracaId := '000000'O, crlSeries := 0, validityPeriod := { start_ := 716440640, duration := { hours := 24 } }, region := omit, assuranceLevel := omit, appPermissions := { { psid := 36, ssp := { bitmapSsp := '01FFFC'O } }, { psid := 37, ssp := { bitmapSsp := '01FFFFFF'O } }, { psid := 141, ssp := omit }, { psid := 638, ssp := { bitmapSsp := '01'O } } }, certIssuePermissions := omit, certRequestPermissions := omit, canRequestRollover := omit, encryptionKey := omit, verifyKeyIndicator := { verificationKey := { ecdsaNistP256 := { compressed_y_0 := 'CE0D44FEB38EEC2A621802DF4AEDC4559C6362B922FC673076329142FB98B9BB'O } } }, flags := omit, appExtensions := omit, certIssueExtensions := omit, certRequestExtension := omit }, signature_ := { ecdsaNistP256Signature := { rSig := { x_only := '9A64157E524E023A54AB06957B37716AA503C45671C74E983FAB3191E9283F26'O }, sSig := 'C4B8A3ECBD3D5484A3AC9E76873F36ADCE244DE0B4DB8FD305B99558F6C94CD5'O } } } } }, signature_ := { ecdsaNistP256Signature := { rSig := { x_only := '463A9B35BFBEA1747C42963E96354BA9CE676A113B44D656950C13640550DDD5'O }, sSig := 'DB06F06A872FD11633D94EC90E2A9AA6B25CCED548BCFBB4F6193642D4AB9EC2'O } } } } } } }, macDestinationAddress := 'FFFFFFFFFFFF'O, ssp := '000000011111111111111100'B, its_aid := 36 } id 3
05:31:15.145313 Receive operation on port geoNetworkingPort succeeded, message from system(): @LibItsGeoNetworking_TypesAndValues.GeoNetworkingInd: { msgIn := { basicHeader := { version := 1, nextHeader := e_securedPacket (2), reserved := 0, lifeTime := { multiplier := 6, ltBase := e_10s (2) }, routerHopLimit := 1 }, gnPacket := { packet := { commonHeader := { nextHeader := e_btpB (2), reserved := 0, headerTST := { tsbHdr := { headerType := e_topologicallyScopedBroadcast (5), headerSubType := e_singleHop (0) } }, trafficClass := { scf := e_scfDisabled (0), channelOffload := e_choffDisabled (0), tcId := 0 }, flags := '10000000'B, plLength := 30, maxHopLimit := 1, reserved2 := 0 }, extendedHeader := { shbHeader := { srcPosVector := { gnAddr := { typeOfAddress := e_initial (0), stationType := e_unknown (0), reserved := 0, mid := '020000000001'O }, timestamp_ := 3476909005, latitude := 520000000, longitude := 130000000, pai := '0'B, speed := 0, heading := 0 }, reserved := 0 } }, payload := '07D1000002020000002A0000005A946F600E612ED01FFFFFFC23B7743E80'O }, securedMsg := { protocolVersion := 3, content := { signedData := { hashId := sha256 (0), tbsData := { payload := { data := { protocolVersion := 3, content := { unsecuredData := '20500080001E01000000020000000001CF3D6BCD1EFE920007BFA480000000000000000007D1000002020000002A0000005A946F600E612ED01FFFFFFC23B7743E80'O } }, extDataHash := omit, omitted := omit }, headerInfo := { psid := 36, generationTime := 716441480141684, expiryTime := omit, generationLocation := omit, p2pcdLearningRequest := omit, missingCrlIdentifier := omit, encryptionKey := omit, inlineP2pcdRequest := omit, requestedCertificate := omit, pduFunctionalType := omit, contributedExtensions := omit } }, signer := { certificate := { { version := 3, type_ := explicit (0), issuer := { sha256AndDigest := 'E5FA1B0F67D696EF'O }, toBeSigned := { id := { none_ := NULL }, cracaId := '000000'O, crlSeries := 0, validityPeriod := { start_ := 716440640, duration := { hours := 24 } }, region := omit, assuranceLevel := omit, appPermissions := { { psid := 36, ssp := { bitmapSsp := '01FFFC'O } }, { psid := 37, ssp := { bitmapSsp := '01FFFFFF'O } }, { psid := 141, ssp := omit }, { psid := 638, ssp := { bitmapSsp := '01'O } } }, certIssuePermissions := omit, certRequestPermissions := omit, canRequestRollover := omit, encryptionKey := omit, verifyKeyIndicator := { verificationKey := { ecdsaNistP256 := { compressed_y_0 := 'CE0D44FEB38EEC2A621802DF4AEDC4559C6362B922FC673076329142FB98B9BB'O } } }, flags := omit, appExtensions := omit, certIssueExtensions := omit, certRequestExtension := omit }, signature_ := { ecdsaNistP256Signature := { rSig := { x_only := '9A64157E524E023A54AB06957B37716AA503C45671C74E983FAB3191E9283F26'O }, sSig := 'C4B8A3ECBD3D5484A3AC9E76873F36ADCE244DE0B4DB8FD305B99558F6C94CD5'O } } } } }, signature_ := { ecdsaNistP256Signature := { rSig := { x_only := '463A9B35BFBEA1747C42963E96354BA9CE676A113B44D656950C13640550DDD5'O }, sSig := 'DB06F06A872FD11633D94EC90E2A9AA6B25CCED548BCFBB4F6193642D4AB9EC2'O } } } } } } }, macDestinationAddress := 'FFFFFFFFFFFF'O, ssp := '000000011111111111111100'B, its_aid := 36 } id 3
05:31:15.145351 Message with id 3 was extracted from the queue of geoNetworkingPort.
05:31:15.145362 *** a_default: WARNING: Received an unexpected message ***
05:31:15.145371 Default with id 4 (altstep a_neighbourDefault) has reached a break statement. Skipping current alt statement or receiving operation.
05:31:15.446649 Timeout t: 0.5 s
05:31:15.446723 Creating new alive PTC with component type LibItsDenm_TestSystem.ItsDenm, component name: DENM Trigger.
05:31:15.448409 PTC was created. Component reference: 4, alive: yes, type: LibItsDenm_TestSystem.ItsDenm, component name: DENM Trigger.
05:31:15.448451 Starting function fb_secTriggerDenmEvent() on component DENM Trigger(4).
05:31:15.448594 Function was started.
05:31:15.450520 PTC with component reference 4 is done.
05:31:15.450569 **** f_selfSync: Successfully passed PREAMBLE synchronization point. ****
05:31:15.450583 Start timer tc_ac: 30 s
05:31:15.542433 security_services_its::process_ieee_1609_dot2_signed_data: generation time check 716441480541437 / 716441475542432, delta = 4999005.000000, comp = 0
05:31:15.542919 Message enqueued on geoNetworkingPort from system @LibItsGeoNetworking_TypesAndValues.GeoNetworkingInd : { msgIn := { basicHeader := { version := 1, nextHeader := e_securedPacket (2), reserved := 0, lifeTime := { multiplier := 6, ltBase := e_10s (2) }, routerHopLimit := 10 }, gnPacket := { packet := { commonHeader := { nextHeader := e_btpB (2), reserved := 0, headerTST := { geoBroadcastHdr := { headerType := e_geoBroadcast (4), headerSubType := e_geoBroadcastCircle (0) } }, trafficClass := { scf := e_scfDisabled (0), channelOffload := e_choffDisabled (0), tcId := 0 }, flags := '10000000'B, plLength := 44, maxHopLimit := 10, reserved2 := 0 }, extendedHeader := { geoBroadcastHeader := { seqNumber := 0, reserved := 0, srcPosVector := { gnAddr := { typeOfAddress := e_initial (0), stationType := e_unknown (0), reserved := 0, mid := '020000000001'O }, timestamp_ := 3476909405, latitude := 520000000, longitude := 130000000, pai := '0'B, speed := 0, heading := 0 }, geoAreaPosLatitude := 520000000, geoAreaPosLongitude := 130000000, distanceA := 500, distanceB := 0, angle := 0, reserved2 := 0 } }, payload := '07D2000002010000002A0000000015000094D9E7ADABA53679EB6AED4A37B0073097680FFFFFFE11DBBA1F00'O }, securedMsg := { protocolVersion := 3, content := { signedData := { hashId := sha256 (0), tbsData := { payload := { data := { protocolVersion := 3, content := { unsecuredData := '20400080002C0A00000000000000020000000001CF3D6D5D1EFE920007BFA480000000001EFE920007BFA48001F400000000000007D2000002010000002A0000000015000094D9E7ADABA53679EB6AED4A37B0073097680FFFFFFE11DBBA1F00'O } }, extDataHash := omit, omitted := omit }, headerInfo := { psid := 37, generationTime := 716441480541437, expiryTime := omit, generationLocation := { latitude := 520000000, longitude := 130000000, elevation := 4096 }, p2pcdLearningRequest := omit, missingCrlIdentifier := omit, encryptionKey := omit, inlineP2pcdRequest := omit, requestedCertificate := omit, pduFunctionalType := omit, contributedExtensions := omit } }, signer := { certificate := { { version := 3, type_ := explicit (0), issuer := { sha256AndDigest := 'E5FA1B0F67D696EF'O }, toBeSigned := { id := { none_ := NULL }, cracaId := '000000'O, crlSeries := 0, validityPeriod := { start_ := 716440640, duration := { hours := 24 } }, region := omit, assuranceLevel := omit, appPermissions := { { psid := 36, ssp := { bitmapSsp := '01FFFC'O } }, { psid := 37, ssp := { bitmapSsp := '01FFFFFF'O } }, { psid := 141, ssp := omit }, { psid := 638, ssp := { bitmapSsp := '01'O } } }, certIssuePermissions := omit, certRequestPermissions := omit, canRequestRollover := omit, encryptionKey := omit, verifyKeyIndicator := { verificationKey := { ecdsaNistP256 := { compressed_y_0 := 'CE0D44FEB38EEC2A621802DF4AEDC4559C6362B922FC673076329142FB98B9BB'O } } }, flags := omit, appExtensions := omit, certIssueExtensions := omit, certRequestExtension := omit }, signature_ := { ecdsaNistP256Signature := { rSig := { x_only := '9A64157E524E023A54AB06957B37716AA503C45671C74E983FAB3191E9283F26'O }, sSig := 'C4B8A3ECBD3D5484A3AC9E76873F36ADCE244DE0B4DB8FD305B99558F6C94CD5'O } } } } }, signature_ := { ecdsaNistP256Signature := { rSig := { x_only := '8F83B01BF7D633993E6985247A55ABECCEB1F402EE3D2DDDE6FB94F4F45E26A8'O }, sSig := 'B5313858813CA54F3A5E87DA8C1ABA2788796087F642B9FE263921AF1B8308AE'O } } } } } } }, macDestinationAddress := 'FFFFFFFFFFFF'O, ssp := '00000001111111111111111111111111'B, its_aid := 37 } id 4
05:31:15.543075 Receive operation on port geoNetworkingPort succeeded, message from system(): @LibItsGeoNetworking_TypesAndValues.GeoNetworkingInd : { msgIn := { basicHeader := { version := 1, nextHeader := e_securedPacket (2), reserved := 0, lifeTime := { multiplier := 6, ltBase := e_10s (2) }, routerHopLimit := 10 }, gnPacket := { packet := { commonHeader := { nextHeader := e_btpB (2), reserved := 0, headerTST := { geoBroadcastHdr := { headerType := e_geoBroadcast (4), headerSubType := e_geoBroadcastCircle (0) } }, trafficClass := { scf := e_scfDisabled (0), channelOffload := e_choffDisabled (0), tcId := 0 }, flags := '10000000'B, plLength := 44, maxHopLimit := 10, reserved2 := 0 }, extendedHeader := { geoBroadcastHeader := { seqNumber := 0, reserved := 0, srcPosVector := { gnAddr := { typeOfAddress := e_initial (0), stationType := e_unknown (0), reserved := 0, mid := '020000000001'O }, timestamp_ := 3476909405, latitude := 520000000, longitude := 130000000, pai := '0'B, speed := 0, heading := 0 }, geoAreaPosLatitude := 520000000, geoAreaPosLongitude := 130000000, distanceA := 500, distanceB := 0, angle := 0, reserved2 := 0 } }, payload := '07D2000002010000002A0000000015000094D9E7ADABA53679EB6AED4A37B0073097680FFFFFFE11DBBA1F00'O }, securedMsg := { protocolVersion := 3, content := { signedData := { hashId := sha256 (0), tbsData := { payload := { data := { protocolVersion := 3, content := { unsecuredData := '20400080002C0A00000000000000020000000001CF3D6D5D1EFE920007BFA480000000001EFE920007BFA48001F400000000000007D2000002010000002A0000000015000094D9E7ADABA53679EB6AED4A37B0073097680FFFFFFE11DBBA1F00'O } }, extDataHash := omit, omitted := omit }, headerInfo := { psid := 37, generationTime := 716441480541437, expiryTime := omit, generationLocation := { latitude := 520000000, longitude := 130000000, elevation := 4096 }, p2pcdLearningRequest := omit, missingCrlIdentifier := omit, encryptionKey := omit, inlineP2pcdRequest := omit, requestedCertificate := omit, pduFunctionalType := omit, contributedExtensions := omit } }, signer := { certificate := { { version := 3, type_ := explicit (0), issuer := { sha256AndDigest := 'E5FA1B0F67D696EF'O }, toBeSigned := { id := { none_ := NULL }, cracaId := '000000'O, crlSeries := 0, validityPeriod := { start_ := 716440640, duration := { hours := 24 } }, region := omit, assuranceLevel := omit, appPermissions := { { psid := 36, ssp := { bitmapSsp := '01FFFC'O } }, { psid := 37, ssp := { bitmapSsp := '01FFFFFF'O } }, { psid := 141, ssp := omit }, { psid := 638, ssp := { bitmapSsp := '01'O } } }, certIssuePermissions := omit, certRequestPermissions := omit, canRequestRollover := omit, encryptionKey := omit, verifyKeyIndicator := { verificationKey := { ecdsaNistP256 := { compressed_y_0 := 'CE0D44FEB38EEC2A621802DF4AEDC4559C6362B922FC673076329142FB98B9BB'O } } }, flags := omit, appExtensions := omit, certIssueExtensions := omit, certRequestExtension := omit }, signature_ := { ecdsaNistP256Signature := { rSig := { x_only := '9A64157E524E023A54AB06957B37716AA503C45671C74E983FAB3191E9283F26'O }, sSig := 'C4B8A3ECBD3D5484A3AC9E76873F36ADCE244DE0B4DB8FD305B99558F6C94CD5'O } } } } }, signature_ := { ecdsaNistP256Signature := { rSig := { x_only := '8F83B01BF7D633993E6985247A55ABECCEB1F402EE3D2DDDE6FB94F4F45E26A8'O }, sSig := 'B5313858813CA54F3A5E87DA8C1ABA2788796087F642B9FE263921AF1B8308AE'O } } } } } } }, macDestinationAddress := 'FFFFFFFFFFFF'O, ssp := '00000001111111111111111111111111'B, its_aid := 37 } id 4
05:31:15.543092 Message with id 4 was extracted from the queue of geoNetworkingPort.
05:31:15.543107 Stop timer tc_ac: 30 s
05:31:15.543138 *** TC_SEC_ITSS_SND_DENM_02_BV: PASS: Correct secured packet received
05:31:15.543144 setverdict(pass): none -> pass
05:31:15.543181 **** f_selfSync: Successfully passed TEST BODY synchronization point. ****
05:31:15.543187 Starting function fb_secCancelDenmEvent() on component DENM Trigger(4).
05:31:15.543390 Function was started.
05:31:15.544080 PTC with component reference 4 is done.
05:31:15.544101 Killing PTC with component reference 4.
05:31:15.544432 PTC with component reference 4 is killed.
05:31:15.544449 Sent on acPort to system @LibItsGeoNetworking_TypesAndValues.AcGnPrimitive : { stopBeaconing := { } }
05:31:15.544456 Default with id 4 (altstep a_neighbourDefault) was deactivated.
05:31:15.544467 Sent on acPort to system @LibItsCommon_TypesAndValues.AcSecPrimitive : { acDisableSecurity := { disable := true } }
05:31:15.544471 Message enqueued on acPort from system @LibItsCommon_TypesAndValues.AdapterControlResults : { acSecResponse := true } id 2
05:31:15.544477 Start timer tc_ac: 30 s
05:31:15.544485 Receive operation on port acPort succeeded, message from system(): @LibItsCommon_TypesAndValues.AdapterControlResults : { acSecResponse := true } id 2
05:31:15.544489 Message with id 2 was extracted from the queue of acPort.
05:31:15.544493 Stop timer tc_ac: 30 s
05:31:15.544497 Unmapping port mtc:acPort from system:acPort.
05:31:15.544561 Port acPort was unmapped from system:acPort.
05:31:15.544652 Unmap operation of mtc:acPort from system:acPort finished.
05:31:15.544662 Unmapping port mtc:utPort from system:utPort.
05:31:15.544848 Port utPort was unmapped from system:utPort.
05:31:15.544972 Unmap operation of mtc:utPort from system:utPort finished.
05:31:15.544994 Unmapping port mtc:geoNetworkingPort from system:geoNetworkingPort.
05:31:15.545111 Port geoNetworkingPort was unmapped from system:geoNetworkingPort.
05:31:15.545232 Unmap operation of mtc:geoNetworkingPort from system:geoNetworkingPort finished.
05:31:15.545254 Disconnecting ports mtc:syncSendPort and mtc:syncPort.
05:31:15.545348 Port syncSendPort has terminated the connection with local port syncPort.
05:31:15.545356 Port syncPort has terminated the connection with local port syncSendPort.
05:31:15.545405 Disconnect operation on mtc:syncSendPort and mtc:syncPort finished.
05:31:15.545419 Terminating component type LibItsGeoNetworking_TestSystem.ItsGeoNetworking.
05:31:15.545424 Default with id 1 (altstep a_cf01Down) was deactivated.
05:31:15.545428 Default with id 2 (altstep a_default) was deactivated.
05:31:15.545431 Default with id 3 (altstep a_utDefault) was deactivated.
05:31:15.545434 Port syncSendPort was stopped.
05:31:15.545438 Port syncPort was stopped.
05:31:15.545441 Port utPort was stopped.
05:31:15.545443 Port acPort was stopped.
05:31:15.545446 Port geoNetworkingPort was stopped.
05:31:15.545449 Component type LibItsGeoNetworking_TestSystem.ItsGeoNetworking was shut down inside testcase TC_SEC_ITSS_SND_DENM_02_BV.
05:31:15.545453 Waiting for PTCs to finish.
05:31:15.545531 Setting final verdict of the test case.
05:31:15.545552 Local verdict of MTC: pass
05:31:15.545561 Local verdict of PTC DENM Trigger(4): none (pass -> pass)
05:31:15.545570 Test case TC_SEC_ITSS_SND_DENM_02_BV finished. Verdict: pass
05:31:15.545645 Executing test case TC_SEC_ITSS_SND_DENM_03_BV in module ItsSecurity_TestCases.
05:31:15.545673 Test case TC_SEC_ITSS_SND_DENM_03_BV started.
05:31:15.545679 Initializing variables, timers and ports of component type LibItsGeoNetworking_TestSystem.ItsGeoNetworking inside testcase TC_SEC_ITSS_SND_DENM_03_BV.
05:31:15.545720 Port syncSendPort was started.
05:31:15.545724 Port syncPort was started.
05:31:15.545727 Port utPort was started.
05:31:15.545729 Port acPort was started.
05:31:15.545732 Port geoNetworkingPort was started.
05:31:15.545734 Component type LibItsGeoNetworking_TestSystem.ItsGeoNetworking was initialized.
05:31:15.545739 Mapping port mtc:acPort to system:acPort.
05:31:15.545804 Port acPort was mapped to system:acPort.
05:31:15.545887 Map operation of mtc:acPort to system:acPort finished.
05:31:15.545911 Mapping port mtc:utPort to system:utPort.
05:31:15.546152 Port utPort was mapped to system:utPort.
05:31:15.546278 Map operation of mtc:utPort to system:utPort finished.
05:31:15.546294 Mapping port mtc:geoNetworkingPort to system:geoNetworkingPort.
05:31:15.546480 security_services_its::setup: Already done
05:31:15.546519 Port geoNetworkingPort was mapped to system:geoNetworkingPort.
05:31:15.546616 Map operation of mtc:geoNetworkingPort to system:geoNetworkingPort finished.
05:31:15.546646 Connecting ports mtc:syncSendPort and mtc:syncPort.
05:31:15.546728 Port syncPort has established the connection with local port syncSendPort.
05:31:15.546748 Port syncSendPort has established the connection with local port syncPort.
05:31:15.546829 Connect operation on mtc:syncSendPort and mtc:syncPort finished.
05:31:15.546849 Altstep a_cf01Down was activated as default, id 1
05:31:15.546862 security_services_its::setup: Already done
05:31:15.546977 Selected issuer: 'E4B9D11A3802CDD1'O
05:31:15.547064 Sent on utPort to system @LibItsGeoNetworking_TypesAndValues.UtGnInitialize : { hashedId8 := '115EA89063B17FFD'O }
05:31:15.547859 Message enqueued on utPort from system @LibItsGeoNetworking_TypesAndValues.UtGnResults : { utGnInitializeResult := true } id 1
05:31:15.547882 Start timer tc_wait: 120 s
05:31:15.547899 Receive operation on port utPort succeeded, message from system(): @LibItsGeoNetworking_TypesAndValues.UtGnResults : { utGnInitializeResult := true } id 1
05:31:15.547905 Message with id 1 was extracted from the queue of utPort.
05:31:15.547909 Stop timer tc_wait: 120 s
05:31:15.547913 *** f_utInitializeIut: INFO: IUT initialized ***
05:31:15.547917 Start timer t: 1 s
05:31:15.647884 security_services_its::process_ieee_1609_dot2_signed_data: generation time check 716441480646743 / 716441475647883, delta = 4998860.000000, comp = 0
05:31:15.648741 Message enqueued on geoNetworkingPort from system @LibItsGeoNetworking_TypesAndValues.GeoNetworkingInd : { msgIn := { basicHeader := { version := 1, nextHeader := e_securedPacket (2), reserved := 0, lifeTime := { multiplier := 6, ltBase := e_10s (2) }, routerHopLimit := 1 }, gnPacket := { packet := { commonHeader := { nextHeader := e_btpB (2), reserved := 0, headerTST := { tsbHdr := { headerType := e_topologicallyScopedBroadcast (5), headerSubType := e_singleHop (0) } }, trafficClass := { scf := e_scfDisabled (0), channelOffload := e_choffDisabled (0), tcId := 0 }, flags := '10000000'B, plLength := 30, maxHopLimit := 1, reserved2 := 0 }, extendedHeader := { shbHeader := { srcPosVector := { gnAddr := { typeOfAddress := e_initial (0), stationType := e_unknown (0), reserved := 0, mid := '020000000001'O }, timestamp_ := 3476909510, latitude := 520000000, longitude := 130000000, pai := '0'B, speed := 0, heading := 0 }, reserved := 0 } }, payload := '07D1000002020000002A0000005A946F600E612ED01FFFFFFC23B7743E80'O }, securedMsg := { protocolVersion := 3, content := { signedData := { hashId := sha256 (0), tbsData := { payload := { data := { protocolVersion := 3, content := { unsecuredData := '20500080001E01000000020000000001CF3D6DC61EFE920007BFA480000000000000000007D1000002020000002A0000005A946F600E612ED01FFFFFFC23B7743E80'O } }, extDataHash := omit, omitted := omit }, headerInfo := { psid := 36, generationTime := 716441480646743, expiryTime := omit, generationLocation := omit, p2pcdLearningRequest := omit, missingCrlIdentifier := omit, encryptionKey := omit, inlineP2pcdRequest := omit, requestedCertificate := omit, pduFunctionalType := omit, contributedExtensions := omit } }, signer := { certificate := { { version := 3, type_ := explicit (0), issuer := { sha256AndDigest := 'E5FA1B0F67D696EF'O }, toBeSigned := { id := { none_ := NULL }, cracaId := '000000'O, crlSeries := 0, validityPeriod := { start_ := 716440640, duration := { hours := 24 } }, region := omit, assuranceLevel := omit, appPermissions := { { psid := 36, ssp := { bitmapSsp := '01FFFC'O } }, { psid := 37, ssp := { bitmapSsp := '01FFFFFF'O } }, { psid := 141, ssp := omit }, { psid := 638, ssp := { bitmapSsp := '01'O } } }, certIssuePermissions := omit, certRequestPermissions := omit, canRequestRollover := omit, encryptionKey := omit, verifyKeyIndicator := { verificationKey := { ecdsaNistP256 := { compressed_y_0 := 'CE0D44FEB38EEC2A621802DF4AEDC4559C6362B922FC673076329142FB98B9BB'O } } }, flags := omit, appExtensions := omit, certIssueExtensions := omit, certRequestExtension := omit }, signature_ := { ecdsaNistP256Signature := { rSig := { x_only := '9A64157E524E023A54AB06957B37716AA503C45671C74E983FAB3191E9283F26'O }, sSig := 'C4B8A3ECBD3D5484A3AC9E76873F36ADCE244DE0B4DB8FD305B99558F6C94CD5'O } } } } }, signature_ := { ecdsaNistP256Signature := { rSig := { x_only := '308A639700861C2F455320EE04618DCAB5DD1D0CD9B18FA17B284EBCC04C2F9C'O }, sSig := '160485A3352E4513ED8639F5E5B9DD26D1340A89EAC746416E792A9AE7111094'O } } } } } } }, macDestinationAddress := 'FFFFFFFFFFFF'O, ssp := '000000011111111111111100'B, its_aid := 36 } id 1
05:31:16.547924 Timeout t: 1 s
05:31:16.548082 Sent on acPort to system @LibItsGeoNetworking_TypesAndValues.AcGnPrimitive : { getLongPosVector := { gnAddress := { typeOfAddress := e_initial (0), stationType := e_unknown (0), reserved := 0, mid := '020000000001'O } } }
05:31:16.548118 Message enqueued on acPort from system @LibItsGeoNetworking_TypesAndValues.AcGnResponse : { getLongPosVector := { gnAddr := { typeOfAddress := e_initial (0), stationType := e_unknown (0), reserved := 0, mid := '020000000001'O }, timestamp_ := 0, latitude := 520000000, longitude := 130000000, pai := '0'B, speed := 0, heading := 0 } } id 1
05:31:16.548138 Start timer tc_ac: 30 s
05:31:16.548179 Receive operation on port acPort succeeded, message from system(): @LibItsGeoNetworking_TypesAndValues.AcGnResponse : { getLongPosVector := { gnAddr := { typeOfAddress := e_initial (0), stationType := e_unknown (0), reserved := 0, mid := '020000000001'O }, timestamp_ := 0, latitude := 520000000, longitude := 130000000, pai := '0'B, speed := 0, heading := 0 } } id 1
05:31:16.548192 Message with id 1 was extracted from the queue of acPort.
05:31:16.548210 Stop timer tc_ac: 30 s
05:31:16.548315 Altstep a_default was activated as default, id 2
05:31:16.548328 Altstep a_utDefault was activated as default, id 3
05:31:16.548334 Altstep a_neighbourDefault was activated as default, id 4
05:31:16.548549 Sent on acPort to system @LibItsGeoNetworking_TypesAndValues.AcGnPrimitive : { startBeaconing := { beaconPacket := { basicHeader := { version := 1, nextHeader := e_commonHeader (1), reserved := 0, lifeTime := { multiplier := 10, ltBase := e_100s (3) }, routerHopLimit := 1 }, gnPacket := { packet := { commonHeader := { nextHeader := e_any (0), reserved := 0, headerTST := { beaconHdr := { headerType := e_beacon (1), headerSubType := 0 } }, trafficClass := { scf := e_scfEnabled (1), channelOffload := e_choffDisabled (0), tcId := 0 }, flags := '00000000'B, plLength := 0, maxHopLimit := 1, reserved2 := 0 }, extendedHeader := { beaconHeader := { srcPosVector := { gnAddr := { typeOfAddress := e_manual (1), stationType := e_passengerCar (5), reserved := 0, mid := '00000000000B'O }, timestamp_ := 3476904412, latitude := 520020000, longitude := 130000000, pai := '1'B, speed := 0, heading := 0 } } }, payload := omit }, securedMsg := omit } } } }
05:31:16.548922 Start timer t: 1 s
05:31:16.748212 security_services_its::process_ieee_1609_dot2_signed_data: generation time check 716441481746561 / 716441476748211, delta = 4998350.000000, comp = 0
05:31:16.749481 Message enqueued on geoNetworkingPort from system @LibItsGeoNetworking_TypesAndValues.GeoNetworkingInd : { msgIn := { basicHeader := { version := 1, nextHeader := e_securedPacket (2), reserved := 0, lifeTime := { multiplier := 6, ltBase := e_10s (2) }, routerHopLimit := 1 }, gnPacket := { packet := { commonHeader := { nextHeader := e_btpB (2), reserved := 0, headerTST := { tsbHdr := { headerType := e_topologicallyScopedBroadcast (5), headerSubType := e_singleHop (0) } }, trafficClass := { scf := e_scfDisabled (0), channelOffload := e_choffDisabled (0), tcId := 0 }, flags := '10000000'B, plLength := 30, maxHopLimit := 1, reserved2 := 0 }, extendedHeader := { shbHeader := { srcPosVector := { gnAddr := { typeOfAddress := e_initial (0), stationType := e_unknown (0), reserved := 0, mid := '020000000001'O }, timestamp_ := 3476910610, latitude := 520000000, longitude := 130000000, pai := '0'B, speed := 0, heading := 0 }, reserved := 0 } }, payload := '07D1000002020000002A0000005A946F600E612ED01FFFFFFC23B7743E80'O }, securedMsg := { protocolVersion := 3, content := { signedData := { hashId := sha256 (0), tbsData := { payload := { data := { protocolVersion := 3, content := { unsecuredData := '20500080001E01000000020000000001CF3D72121EFE920007BFA480000000000000000007D1000002020000002A0000005A946F600E612ED01FFFFFFC23B7743E80'O } }, extDataHash := omit, omitted := omit }, headerInfo := { psid := 36, generationTime := 716441481746561, expiryTime := omit, generationLocation := omit, p2pcdLearningRequest := omit, missingCrlIdentifier := omit, encryptionKey := omit, inlineP2pcdRequest := omit, requestedCertificate := omit, pduFunctionalType := omit, contributedExtensions := omit } }, signer := { certificate := { { version := 3, type_ := explicit (0), issuer := { sha256AndDigest := 'E5FA1B0F67D696EF'O }, toBeSigned := { id := { none_ := NULL }, cracaId := '000000'O, crlSeries := 0, validityPeriod := { start_ := 716440640, duration := { hours := 24 } }, region := omit, assuranceLevel := omit, appPermissions := { { psid := 36, ssp := { bitmapSsp := '01FFFC'O } }, { psid := 37, ssp := { bitmapSsp := '01FFFFFF'O } }, { psid := 141, ssp := omit }, { psid := 638, ssp := { bitmapSsp := '01'O } } }, certIssuePermissions := omit, certRequestPermissions := omit, canRequestRollover := omit, encryptionKey := omit, verifyKeyIndicator := { verificationKey := { ecdsaNistP256 := { compressed_y_0 := 'CE0D44FEB38EEC2A621802DF4AEDC4559C6362B922FC673076329142FB98B9BB'O } } }, flags := omit, appExtensions := omit, certIssueExtensions := omit, certRequestExtension := omit }, signature_ := { ecdsaNistP256Signature := { rSig := { x_only := '9A64157E524E023A54AB06957B37716AA503C45671C74E983FAB3191E9283F26'O }, sSig := 'C4B8A3ECBD3D5484A3AC9E76873F36ADCE244DE0B4DB8FD305B99558F6C94CD5'O } } } } }, signature_ := { ecdsaNistP256Signature := { rSig := { x_only := '216DA1C5C6B6C0C6F40E39E0327651880D350FF4576C54BD0992BE8CA38C3A15'O }, sSig := '3B82E361299CE46AC189B12A1E52FFBD5F03D47412C49BF0F19D7E1EAF440F68'O } } } } } } }, macDestinationAddress := 'FFFFFFFFFFFF'O, ssp := '000000011111111111111100'B, its_aid := 36 } id 2
05:31:17.548943 Timeout t: 1 s
05:31:17.548995 Start timer t: 0.5 s
05:31:17.549179 Receive operation on port geoNetworkingPort succeeded, message from system(): @LibItsGeoNetworking_TypesAndValues.GeoNetworkingInd: { msgIn := { basicHeader := { version := 1, nextHeader := e_securedPacket (2), reserved := 0, lifeTime := { multiplier := 6, ltBase := e_10s (2) }, routerHopLimit := 1 }, gnPacket := { packet := { commonHeader := { nextHeader := e_btpB (2), reserved := 0, headerTST := { tsbHdr := { headerType := e_topologicallyScopedBroadcast (5), headerSubType := e_singleHop (0) } }, trafficClass := { scf := e_scfDisabled (0), channelOffload := e_choffDisabled (0), tcId := 0 }, flags := '10000000'B, plLength := 30, maxHopLimit := 1, reserved2 := 0 }, extendedHeader := { shbHeader := { srcPosVector := { gnAddr := { typeOfAddress := e_initial (0), stationType := e_unknown (0), reserved := 0, mid := '020000000001'O }, timestamp_ := 3476909510, latitude := 520000000, longitude := 130000000, pai := '0'B, speed := 0, heading := 0 }, reserved := 0 } }, payload := '07D1000002020000002A0000005A946F600E612ED01FFFFFFC23B7743E80'O }, securedMsg := { protocolVersion := 3, content := { signedData := { hashId := sha256 (0), tbsData := { payload := { data := { protocolVersion := 3, content := { unsecuredData := '20500080001E01000000020000000001CF3D6DC61EFE920007BFA480000000000000000007D1000002020000002A0000005A946F600E612ED01FFFFFFC23B7743E80'O } }, extDataHash := omit, omitted := omit }, headerInfo := { psid := 36, generationTime := 716441480646743, expiryTime := omit, generationLocation := omit, p2pcdLearningRequest := omit, missingCrlIdentifier := omit, encryptionKey := omit, inlineP2pcdRequest := omit, requestedCertificate := omit, pduFunctionalType := omit, contributedExtensions := omit } }, signer := { certificate := { { version := 3, type_ := explicit (0), issuer := { sha256AndDigest := 'E5FA1B0F67D696EF'O }, toBeSigned := { id := { none_ := NULL }, cracaId := '000000'O, crlSeries := 0, validityPeriod := { start_ := 716440640, duration := { hours := 24 } }, region := omit, assuranceLevel := omit, appPermissions := { { psid := 36, ssp := { bitmapSsp := '01FFFC'O } }, { psid := 37, ssp := { bitmapSsp := '01FFFFFF'O } }, { psid := 141, ssp := omit }, { psid := 638, ssp := { bitmapSsp := '01'O } } }, certIssuePermissions := omit, certRequestPermissions := omit, canRequestRollover := omit, encryptionKey := omit, verifyKeyIndicator := { verificationKey := { ecdsaNistP256 := { compressed_y_0 := 'CE0D44FEB38EEC2A621802DF4AEDC4559C6362B922FC673076329142FB98B9BB'O } } }, flags := omit, appExtensions := omit, certIssueExtensions := omit, certRequestExtension := omit }, signature_ := { ecdsaNistP256Signature := { rSig := { x_only := '9A64157E524E023A54AB06957B37716AA503C45671C74E983FAB3191E9283F26'O }, sSig := 'C4B8A3ECBD3D5484A3AC9E76873F36ADCE244DE0B4DB8FD305B99558F6C94CD5'O } } } } }, signature_ := { ecdsaNistP256Signature := { rSig := { x_only := '308A639700861C2F455320EE04618DCAB5DD1D0CD9B18FA17B284EBCC04C2F9C'O }, sSig := '160485A3352E4513ED8639F5E5B9DD26D1340A89EAC746416E792A9AE7111094'O } } } } } } }, macDestinationAddress := 'FFFFFFFFFFFF'O, ssp := '000000011111111111111100'B, its_aid := 36 } id 1
05:31:17.549200 Message with id 1 was extracted from the queue of geoNetworkingPort.
05:31:17.549205 *** a_default: WARNING: Received an unexpected message ***
05:31:17.549209 Default with id 4 (altstep a_neighbourDefault) has reached a break statement. Skipping current alt statement or receiving operation.
05:31:17.549292 Receive operation on port geoNetworkingPort succeeded, message from system(): @LibItsGeoNetworking_TypesAndValues.GeoNetworkingInd: { msgIn := { basicHeader := { version := 1, nextHeader := e_securedPacket (2), reserved := 0, lifeTime := { multiplier := 6, ltBase := e_10s (2) }, routerHopLimit := 1 }, gnPacket := { packet := { commonHeader := { nextHeader := e_btpB (2), reserved := 0, headerTST := { tsbHdr := { headerType := e_topologicallyScopedBroadcast (5), headerSubType := e_singleHop (0) } }, trafficClass := { scf := e_scfDisabled (0), channelOffload := e_choffDisabled (0), tcId := 0 }, flags := '10000000'B, plLength := 30, maxHopLimit := 1, reserved2 := 0 }, extendedHeader := { shbHeader := { srcPosVector := { gnAddr := { typeOfAddress := e_initial (0), stationType := e_unknown (0), reserved := 0, mid := '020000000001'O }, timestamp_ := 3476910610, latitude := 520000000, longitude := 130000000, pai := '0'B, speed := 0, heading := 0 }, reserved := 0 } }, payload := '07D1000002020000002A0000005A946F600E612ED01FFFFFFC23B7743E80'O }, securedMsg := { protocolVersion := 3, content := { signedData := { hashId := sha256 (0), tbsData := { payload := { data := { protocolVersion := 3, content := { unsecuredData := '20500080001E01000000020000000001CF3D72121EFE920007BFA480000000000000000007D1000002020000002A0000005A946F600E612ED01FFFFFFC23B7743E80'O } }, extDataHash := omit, omitted := omit }, headerInfo := { psid := 36, generationTime := 716441481746561, expiryTime := omit, generationLocation := omit, p2pcdLearningRequest := omit, missingCrlIdentifier := omit, encryptionKey := omit, inlineP2pcdRequest := omit, requestedCertificate := omit, pduFunctionalType := omit, contributedExtensions := omit } }, signer := { certificate := { { version := 3, type_ := explicit (0), issuer := { sha256AndDigest := 'E5FA1B0F67D696EF'O }, toBeSigned := { id := { none_ := NULL }, cracaId := '000000'O, crlSeries := 0, validityPeriod := { start_ := 716440640, duration := { hours := 24 } }, region := omit, assuranceLevel := omit, appPermissions := { { psid := 36, ssp := { bitmapSsp := '01FFFC'O } }, { psid := 37, ssp := { bitmapSsp := '01FFFFFF'O } }, { psid := 141, ssp := omit }, { psid := 638, ssp := { bitmapSsp := '01'O } } }, certIssuePermissions := omit, certRequestPermissions := omit, canRequestRollover := omit, encryptionKey := omit, verifyKeyIndicator := { verificationKey := { ecdsaNistP256 := { compressed_y_0 := 'CE0D44FEB38EEC2A621802DF4AEDC4559C6362B922FC673076329142FB98B9BB'O } } }, flags := omit, appExtensions := omit, certIssueExtensions := omit, certRequestExtension := omit }, signature_ := { ecdsaNistP256Signature := { rSig := { x_only := '9A64157E524E023A54AB06957B37716AA503C45671C74E983FAB3191E9283F26'O }, sSig := 'C4B8A3ECBD3D5484A3AC9E76873F36ADCE244DE0B4DB8FD305B99558F6C94CD5'O } } } } }, signature_ := { ecdsaNistP256Signature := { rSig := { x_only := '216DA1C5C6B6C0C6F40E39E0327651880D350FF4576C54BD0992BE8CA38C3A15'O }, sSig := '3B82E361299CE46AC189B12A1E52FFBD5F03D47412C49BF0F19D7E1EAF440F68'O } } } } } } }, macDestinationAddress := 'FFFFFFFFFFFF'O, ssp := '000000011111111111111100'B, its_aid := 36 } id 2
05:31:17.549311 Message with id 2 was extracted from the queue of geoNetworkingPort.
05:31:17.549315 *** a_default: WARNING: Received an unexpected message ***
05:31:17.549317 Default with id 4 (altstep a_neighbourDefault) has reached a break statement. Skipping current alt statement or receiving operation.
05:31:17.747712 security_services_its::process_ieee_1609_dot2_signed_data: generation time check 716441482746792 / 716441477747712, delta = 4999080.000000, comp = 0
05:31:17.748303 Message enqueued on geoNetworkingPort from system @LibItsGeoNetworking_TypesAndValues.GeoNetworkingInd : { msgIn := { basicHeader := { version := 1, nextHeader := e_securedPacket (2), reserved := 0, lifeTime := { multiplier := 6, ltBase := e_10s (2) }, routerHopLimit := 1 }, gnPacket := { packet := { commonHeader := { nextHeader := e_btpB (2), reserved := 0, headerTST := { tsbHdr := { headerType := e_topologicallyScopedBroadcast (5), headerSubType := e_singleHop (0) } }, trafficClass := { scf := e_scfDisabled (0), channelOffload := e_choffDisabled (0), tcId := 0 }, flags := '10000000'B, plLength := 30, maxHopLimit := 1, reserved2 := 0 }, extendedHeader := { shbHeader := { srcPosVector := { gnAddr := { typeOfAddress := e_initial (0), stationType := e_unknown (0), reserved := 0, mid := '020000000001'O }, timestamp_ := 3476911610, latitude := 520000000, longitude := 130000000, pai := '0'B, speed := 0, heading := 0 }, reserved := 0 } }, payload := '07D1000002020000002A0000005A946F600E612ED01FFFFFFC23B7743E80'O }, securedMsg := { protocolVersion := 3, content := { signedData := { hashId := sha256 (0), tbsData := { payload := { data := { protocolVersion := 3, content := { unsecuredData := '20500080001E01000000020000000001CF3D75FA1EFE920007BFA480000000000000000007D1000002020000002A0000005A946F600E612ED01FFFFFFC23B7743E80'O } }, extDataHash := omit, omitted := omit }, headerInfo := { psid := 36, generationTime := 716441482746792, expiryTime := omit, generationLocation := omit, p2pcdLearningRequest := omit, missingCrlIdentifier := omit, encryptionKey := omit, inlineP2pcdRequest := omit, requestedCertificate := omit, pduFunctionalType := omit, contributedExtensions := omit } }, signer := { certificate := { { version := 3, type_ := explicit (0), issuer := { sha256AndDigest := 'E5FA1B0F67D696EF'O }, toBeSigned := { id := { none_ := NULL }, cracaId := '000000'O, crlSeries := 0, validityPeriod := { start_ := 716440640, duration := { hours := 24 } }, region := omit, assuranceLevel := omit, appPermissions := { { psid := 36, ssp := { bitmapSsp := '01FFFC'O } }, { psid := 37, ssp := { bitmapSsp := '01FFFFFF'O } }, { psid := 141, ssp := omit }, { psid := 638, ssp := { bitmapSsp := '01'O } } }, certIssuePermissions := omit, certRequestPermissions := omit, canRequestRollover := omit, encryptionKey := omit, verifyKeyIndicator := { verificationKey := { ecdsaNistP256 := { compressed_y_0 := 'CE0D44FEB38EEC2A621802DF4AEDC4559C6362B922FC673076329142FB98B9BB'O } } }, flags := omit, appExtensions := omit, certIssueExtensions := omit, certRequestExtension := omit }, signature_ := { ecdsaNistP256Signature := { rSig := { x_only := '9A64157E524E023A54AB06957B37716AA503C45671C74E983FAB3191E9283F26'O }, sSig := 'C4B8A3ECBD3D5484A3AC9E76873F36ADCE244DE0B4DB8FD305B99558F6C94CD5'O } } } } }, signature_ := { ecdsaNistP256Signature := { rSig := { x_only := '17406DB462D552F8A9EC69083EB369929C52ED736DF9705E06C7B8B2EF7E40F8'O }, sSig := 'CAD6ADFC92087FB8005441C89BF6F20C3CB2A6B19C33DEDDD5899848016489AA'O } } } } } } }, macDestinationAddress := 'FFFFFFFFFFFF'O, ssp := '000000011111111111111100'B, its_aid := 36 } id 3
05:31:17.748520 Receive operation on port geoNetworkingPort succeeded, message from system(): @LibItsGeoNetworking_TypesAndValues.GeoNetworkingInd: { msgIn := { basicHeader := { version := 1, nextHeader := e_securedPacket (2), reserved := 0, lifeTime := { multiplier := 6, ltBase := e_10s (2) }, routerHopLimit := 1 }, gnPacket := { packet := { commonHeader := { nextHeader := e_btpB (2), reserved := 0, headerTST := { tsbHdr := { headerType := e_topologicallyScopedBroadcast (5), headerSubType := e_singleHop (0) } }, trafficClass := { scf := e_scfDisabled (0), channelOffload := e_choffDisabled (0), tcId := 0 }, flags := '10000000'B, plLength := 30, maxHopLimit := 1, reserved2 := 0 }, extendedHeader := { shbHeader := { srcPosVector := { gnAddr := { typeOfAddress := e_initial (0), stationType := e_unknown (0), reserved := 0, mid := '020000000001'O }, timestamp_ := 3476911610, latitude := 520000000, longitude := 130000000, pai := '0'B, speed := 0, heading := 0 }, reserved := 0 } }, payload := '07D1000002020000002A0000005A946F600E612ED01FFFFFFC23B7743E80'O }, securedMsg := { protocolVersion := 3, content := { signedData := { hashId := sha256 (0), tbsData := { payload := { data := { protocolVersion := 3, content := { unsecuredData := '20500080001E01000000020000000001CF3D75FA1EFE920007BFA480000000000000000007D1000002020000002A0000005A946F600E612ED01FFFFFFC23B7743E80'O } }, extDataHash := omit, omitted := omit }, headerInfo := { psid := 36, generationTime := 716441482746792, expiryTime := omit, generationLocation := omit, p2pcdLearningRequest := omit, missingCrlIdentifier := omit, encryptionKey := omit, inlineP2pcdRequest := omit, requestedCertificate := omit, pduFunctionalType := omit, contributedExtensions := omit } }, signer := { certificate := { { version := 3, type_ := explicit (0), issuer := { sha256AndDigest := 'E5FA1B0F67D696EF'O }, toBeSigned := { id := { none_ := NULL }, cracaId := '000000'O, crlSeries := 0, validityPeriod := { start_ := 716440640, duration := { hours := 24 } }, region := omit, assuranceLevel := omit, appPermissions := { { psid := 36, ssp := { bitmapSsp := '01FFFC'O } }, { psid := 37, ssp := { bitmapSsp := '01FFFFFF'O } }, { psid := 141, ssp := omit }, { psid := 638, ssp := { bitmapSsp := '01'O } } }, certIssuePermissions := omit, certRequestPermissions := omit, canRequestRollover := omit, encryptionKey := omit, verifyKeyIndicator := { verificationKey := { ecdsaNistP256 := { compressed_y_0 := 'CE0D44FEB38EEC2A621802DF4AEDC4559C6362B922FC673076329142FB98B9BB'O } } }, flags := omit, appExtensions := omit, certIssueExtensions := omit, certRequestExtension := omit }, signature_ := { ecdsaNistP256Signature := { rSig := { x_only := '9A64157E524E023A54AB06957B37716AA503C45671C74E983FAB3191E9283F26'O }, sSig := 'C4B8A3ECBD3D5484A3AC9E76873F36ADCE244DE0B4DB8FD305B99558F6C94CD5'O } } } } }, signature_ := { ecdsaNistP256Signature := { rSig := { x_only := '17406DB462D552F8A9EC69083EB369929C52ED736DF9705E06C7B8B2EF7E40F8'O }, sSig := 'CAD6ADFC92087FB8005441C89BF6F20C3CB2A6B19C33DEDDD5899848016489AA'O } } } } } } }, macDestinationAddress := 'FFFFFFFFFFFF'O, ssp := '000000011111111111111100'B, its_aid := 36 } id 3
05:31:17.748545 Message with id 3 was extracted from the queue of geoNetworkingPort.
05:31:17.748551 *** a_default: WARNING: Received an unexpected message ***
05:31:17.748555 Default with id 4 (altstep a_neighbourDefault) has reached a break statement. Skipping current alt statement or receiving operation.
05:31:18.049004 Timeout t: 0.5 s
05:31:18.049085 Creating new alive PTC with component type LibItsDenm_TestSystem.ItsDenm, component name: DENM Trigger.
05:31:18.050963 PTC was created. Component reference: 5, alive: yes, type: LibItsDenm_TestSystem.ItsDenm, component name: DENM Trigger.
05:31:18.051007 Starting function fb_secTriggerDenmEvent() on component DENM Trigger(5).
05:31:18.051180 Function was started.
05:31:18.053195 PTC with component reference 5 is done.
05:31:18.053220 **** f_selfSync: Successfully passed PREAMBLE synchronization point. ****
05:31:18.053229 Start timer tc_ac: 30 s
05:31:18.148419 security_services_its::process_ieee_1609_dot2_signed_data: generation time check 716441483146678 / 716441478148418, delta = 4998260.000000, comp = 0
05:31:18.149309 Message enqueued on geoNetworkingPort from system @LibItsGeoNetworking_TypesAndValues.GeoNetworkingInd : { msgIn := { basicHeader := { version := 1, nextHeader := e_securedPacket (2), reserved := 0, lifeTime := { multiplier := 6, ltBase := e_10s (2) }, routerHopLimit := 10 }, gnPacket := { packet := { commonHeader := { nextHeader := e_btpB (2), reserved := 0, headerTST := { geoBroadcastHdr := { headerType := e_geoBroadcast (4), headerSubType := e_geoBroadcastCircle (0) } }, trafficClass := { scf := e_scfDisabled (0), channelOffload := e_choffDisabled (0), tcId := 0 }, flags := '10000000'B, plLength := 44, maxHopLimit := 10, reserved2 := 0 }, extendedHeader := { geoBroadcastHeader := { seqNumber := 0, reserved := 0, srcPosVector := { gnAddr := { typeOfAddress := e_initial (0), stationType := e_unknown (0), reserved := 0, mid := '020000000001'O }, timestamp_ := 3476912010, latitude := 520000000, longitude := 130000000, pai := '0'B, speed := 0, heading := 0 }, geoAreaPosLatitude := 520000000, geoAreaPosLongitude := 130000000, distanceA := 500, distanceB := 0, angle := 0, reserved2 := 0 } }, payload := '07D2000002010000002A0000000015000094D9E7AEF1453679EBBC554A37B0073097680FFFFFFE11DBBA1F00'O }, securedMsg := { protocolVersion := 3, content := { signedData := { hashId := sha256 (0), tbsData := { payload := { data := { protocolVersion := 3, content := { unsecuredData := '20400080002C0A00000000000000020000000001CF3D778A1EFE920007BFA480000000001EFE920007BFA48001F400000000000007D2000002010000002A0000000015000094D9E7AEF1453679EBBC554A37B0073097680FFFFFFE11DBBA1F00'O } }, extDataHash := omit, omitted := omit }, headerInfo := { psid := 37, generationTime := 716441483146678, expiryTime := omit, generationLocation := { latitude := 520000000, longitude := 130000000, elevation := 4096 }, p2pcdLearningRequest := omit, missingCrlIdentifier := omit, encryptionKey := omit, inlineP2pcdRequest := omit, requestedCertificate := omit, pduFunctionalType := omit, contributedExtensions := omit } }, signer := { certificate := { { version := 3, type_ := explicit (0), issuer := { sha256AndDigest := 'E5FA1B0F67D696EF'O }, toBeSigned := { id := { none_ := NULL }, cracaId := '000000'O, crlSeries := 0, validityPeriod := { start_ := 716440640, duration := { hours := 24 } }, region := omit, assuranceLevel := omit, appPermissions := { { psid := 36, ssp := { bitmapSsp := '01FFFC'O } }, { psid := 37, ssp := { bitmapSsp := '01FFFFFF'O } }, { psid := 141, ssp := omit }, { psid := 638, ssp := { bitmapSsp := '01'O } } }, certIssuePermissions := omit, certRequestPermissions := omit, canRequestRollover := omit, encryptionKey := omit, verifyKeyIndicator := { verificationKey := { ecdsaNistP256 := { compressed_y_0 := 'CE0D44FEB38EEC2A621802DF4AEDC4559C6362B922FC673076329142FB98B9BB'O } } }, flags := omit, appExtensions := omit, certIssueExtensions := omit, certRequestExtension := omit }, signature_ := { ecdsaNistP256Signature := { rSig := { x_only := '9A64157E524E023A54AB06957B37716AA503C45671C74E983FAB3191E9283F26'O }, sSig := 'C4B8A3ECBD3D5484A3AC9E76873F36ADCE244DE0B4DB8FD305B99558F6C94CD5'O } } } } }, signature_ := { ecdsaNistP256Signature := { rSig := { x_only := '2F1F7BD44A81D4BB958BD63584C43ABFC0D4576AFBD27A8398B51D8B8D702F2B'O }, sSig := '9054FAB6D72A587C510E309769E8855C5D5DB54130443F83FB957E7E341597AB'O } } } } } } }, macDestinationAddress := 'FFFFFFFFFFFF'O, ssp := '00000001111111111111111111111111'B, its_aid := 37 } id 4
05:31:18.149574 Receive operation on port geoNetworkingPort succeeded, message from system(): @LibItsGeoNetworking_TypesAndValues.GeoNetworkingInd : { msgIn := { basicHeader := { version := 1, nextHeader := e_securedPacket (2), reserved := 0, lifeTime := { multiplier := 6, ltBase := e_10s (2) }, routerHopLimit := 10 }, gnPacket := { packet := { commonHeader := { nextHeader := e_btpB (2), reserved := 0, headerTST := { geoBroadcastHdr := { headerType := e_geoBroadcast (4), headerSubType := e_geoBroadcastCircle (0) } }, trafficClass := { scf := e_scfDisabled (0), channelOffload := e_choffDisabled (0), tcId := 0 }, flags := '10000000'B, plLength := 44, maxHopLimit := 10, reserved2 := 0 }, extendedHeader := { geoBroadcastHeader := { seqNumber := 0, reserved := 0, srcPosVector := { gnAddr := { typeOfAddress := e_initial (0), stationType := e_unknown (0), reserved := 0, mid := '020000000001'O }, timestamp_ := 3476912010, latitude := 520000000, longitude := 130000000, pai := '0'B, speed := 0, heading := 0 }, geoAreaPosLatitude := 520000000, geoAreaPosLongitude := 130000000, distanceA := 500, distanceB := 0, angle := 0, reserved2 := 0 } }, payload := '07D2000002010000002A0000000015000094D9E7AEF1453679EBBC554A37B0073097680FFFFFFE11DBBA1F00'O }, securedMsg := { protocolVersion := 3, content := { signedData := { hashId := sha256 (0), tbsData := { payload := { data := { protocolVersion := 3, content := { unsecuredData := '20400080002C0A00000000000000020000000001CF3D778A1EFE920007BFA480000000001EFE920007BFA48001F400000000000007D2000002010000002A0000000015000094D9E7AEF1453679EBBC554A37B0073097680FFFFFFE11DBBA1F00'O } }, extDataHash := omit, omitted := omit }, headerInfo := { psid := 37, generationTime := 716441483146678, expiryTime := omit, generationLocation := { latitude := 520000000, longitude := 130000000, elevation := 4096 }, p2pcdLearningRequest := omit, missingCrlIdentifier := omit, encryptionKey := omit, inlineP2pcdRequest := omit, requestedCertificate := omit, pduFunctionalType := omit, contributedExtensions := omit } }, signer := { certificate := { { version := 3, type_ := explicit (0), issuer := { sha256AndDigest := 'E5FA1B0F67D696EF'O }, toBeSigned := { id := { none_ := NULL }, cracaId := '000000'O, crlSeries := 0, validityPeriod := { start_ := 716440640, duration := { hours := 24 } }, region := omit, assuranceLevel := omit, appPermissions := { { psid := 36, ssp := { bitmapSsp := '01FFFC'O } }, { psid := 37, ssp := { bitmapSsp := '01FFFFFF'O } }, { psid := 141, ssp := omit }, { psid := 638, ssp := { bitmapSsp := '01'O } } }, certIssuePermissions := omit, certRequestPermissions := omit, canRequestRollover := omit, encryptionKey := omit, verifyKeyIndicator := { verificationKey := { ecdsaNistP256 := { compressed_y_0 := 'CE0D44FEB38EEC2A621802DF4AEDC4559C6362B922FC673076329142FB98B9BB'O } } }, flags := omit, appExtensions := omit, certIssueExtensions := omit, certRequestExtension := omit }, signature_ := { ecdsaNistP256Signature := { rSig := { x_only := '9A64157E524E023A54AB06957B37716AA503C45671C74E983FAB3191E9283F26'O }, sSig := 'C4B8A3ECBD3D5484A3AC9E76873F36ADCE244DE0B4DB8FD305B99558F6C94CD5'O } } } } }, signature_ := { ecdsaNistP256Signature := { rSig := { x_only := '2F1F7BD44A81D4BB958BD63584C43ABFC0D4576AFBD27A8398B51D8B8D702F2B'O }, sSig := '9054FAB6D72A587C510E309769E8855C5D5DB54130443F83FB957E7E341597AB'O } } } } } } }, macDestinationAddress := 'FFFFFFFFFFFF'O, ssp := '00000001111111111111111111111111'B, its_aid := 37 } id 4
05:31:18.149607 Message with id 4 was extracted from the queue of geoNetworkingPort.
05:31:18.149635 Stop timer tc_ac: 30 s
05:31:18.149650 *** TC_SEC_ITSS_SND_DENM_03_BV: PASS: Correct secured packet received
05:31:18.149659 setverdict(pass): none -> pass
05:31:18.149743 **** f_selfSync: Successfully passed TEST BODY synchronization point. ****
05:31:18.149755 Starting function fb_secCancelDenmEvent() on component DENM Trigger(5).
05:31:18.150059 Function was started.
05:31:18.151341 PTC with component reference 5 is done.
05:31:18.151383 Killing PTC with component reference 5.
05:31:18.151930 PTC with component reference 5 is killed.
05:31:18.151959 Sent on acPort to system @LibItsGeoNetworking_TypesAndValues.AcGnPrimitive : { stopBeaconing := { } }
05:31:18.151973 Default with id 4 (altstep a_neighbourDefault) was deactivated.
05:31:18.151993 Sent on acPort to system @LibItsCommon_TypesAndValues.AcSecPrimitive : { acDisableSecurity := { disable := true } }
05:31:18.152002 Message enqueued on acPort from system @LibItsCommon_TypesAndValues.AdapterControlResults : { acSecResponse := true } id 2
05:31:18.152012 Start timer tc_ac: 30 s
05:31:18.152029 Receive operation on port acPort succeeded, message from system(): @LibItsCommon_TypesAndValues.AdapterControlResults : { acSecResponse := true } id 2
05:31:18.152038 Message with id 2 was extracted from the queue of acPort.
05:31:18.152045 Stop timer tc_ac: 30 s
05:31:18.152091 Unmapping port mtc:acPort from system:acPort.
05:31:18.152335 Port acPort was unmapped from system:acPort.
05:31:18.152562 Unmap operation of mtc:acPort from system:acPort finished.
05:31:18.152583 Unmapping port mtc:utPort from system:utPort.
05:31:18.152745 Port utPort was unmapped from system:utPort.
05:31:18.152977 Unmap operation of mtc:utPort from system:utPort finished.
05:31:18.152998 Unmapping port mtc:geoNetworkingPort from system:geoNetworkingPort.
05:31:18.153130 Port geoNetworkingPort was unmapped from system:geoNetworkingPort.
05:31:18.153237 Unmap operation of mtc:geoNetworkingPort from system:geoNetworkingPort finished.
05:31:18.153250 Disconnecting ports mtc:syncSendPort and mtc:syncPort.
05:31:18.153459 Port syncSendPort has terminated the connection with local port syncPort.
05:31:18.153502 Port syncPort has terminated the connection with local port syncSendPort.
05:31:18.153658 Disconnect operation on mtc:syncSendPort and mtc:syncPort finished.
05:31:18.153705 Terminating component type LibItsGeoNetworking_TestSystem.ItsGeoNetworking.
05:31:18.153715 Default with id 1 (altstep a_cf01Down) was deactivated.
05:31:18.153723 Default with id 2 (altstep a_default) was deactivated.
05:31:18.153728 Default with id 3 (altstep a_utDefault) was deactivated.
05:31:18.153735 Port syncSendPort was stopped.
05:31:18.153759 Port syncPort was stopped.
05:31:18.153765 Port utPort was stopped.
05:31:18.153771 Port acPort was stopped.
05:31:18.153776 Port geoNetworkingPort was stopped.
05:31:18.153781 Component type LibItsGeoNetworking_TestSystem.ItsGeoNetworking was shut down inside testcase TC_SEC_ITSS_SND_DENM_03_BV.
05:31:18.153789 Waiting for PTCs to finish.
05:31:18.154031 Setting final verdict of the test case.
05:31:18.154073 Local verdict of MTC: pass
05:31:18.154092 Local verdict of PTC DENM Trigger(5): none (pass -> pass)
05:31:18.154110 Test case TC_SEC_ITSS_SND_DENM_03_BV finished. Verdict: pass
05:31:18.154776 Verdict statistics: 0 none (0.00 %), 7 pass (100.00 %), 0 inconc (0.00 %), 0 fail (0.00 %), 0 error (0.00 %).
05:31:18.154835 Test execution summary: 7 test cases were executed. Overall verdict: pass
05:31:18.154844 Exit was requested from MC. Terminating MTC.
