01:09:52.045320 TTCN-3 Main Test Component started on framework-dathe. Version: 10.1.2.
01:09:52.045400 TTCN Logger v2.2 options: TimeStampFormat:=Time; LogEntityName:=No; LogEventTypes:=No; SourceInfoFormat:=None; LogSensitiveData:=No; *.FileMask:=LOG_ALL; *.ConsoleMask:=ERROR | EXECUTOR | VERDICTOP | WARNING; LogFileSize:=0; LogFileNumber:=1; DiskFullAction:=Error
01:09:52.045597 Connected to MC.
01:09:52.046584 Executing test case TC_SEC_ITSS_SND_CAM_01_BV in module ItsSecurity_TestCases.
01:09:52.046723 Test case TC_SEC_ITSS_SND_CAM_01_BV started.
01:09:52.046738 Initializing variables, timers and ports of component type LibItsGeoNetworking_TestSystem.ItsGeoNetworking inside testcase TC_SEC_ITSS_SND_CAM_01_BV.
01:09:52.046837 Port syncSendPort was started.
01:09:52.046851 Port syncPort was started.
01:09:52.046854 Port utPort was started.
01:09:52.046857 Port acPort was started.
01:09:52.046859 Port geoNetworkingPort was started.
01:09:52.046862 Component type LibItsGeoNetworking_TestSystem.ItsGeoNetworking was initialized.
01:09:52.046874 Mapping port mtc:acPort to system:acPort.
01:09:52.046947 Port acPort was mapped to system:acPort.
01:09:52.047031 Map operation of mtc:acPort to system:acPort finished.
01:09:52.047042 Mapping port mtc:utPort to system:utPort.
01:09:52.047348 Port utPort was mapped to system:utPort.
01:09:52.047472 Map operation of mtc:utPort to system:utPort finished.
01:09:52.047482 Mapping port mtc:geoNetworkingPort to system:geoNetworkingPort.
01:09:52.048358 Port geoNetworkingPort was mapped to system:geoNetworkingPort.
01:09:52.048426 Map operation of mtc:geoNetworkingPort to system:geoNetworkingPort finished.
01:09:52.048436 Connecting ports mtc:syncSendPort and mtc:syncPort.
01:09:52.048503 Port syncPort has established the connection with local port syncSendPort.
01:09:52.048509 Port syncSendPort has established the connection with local port syncPort.
01:09:52.048614 Connect operation on mtc:syncSendPort and mtc:syncPort finished.
01:09:52.048626 Altstep a_cf01Down was activated as default, id 1
01:09:52.048644 security_services_its::setup: Already done
01:09:52.048725 certificates_loader::load_certificate: Failed to open Private encryption key file
01:09:52.048937 Selected issuer: '409716B75CED98AC'O
01:09:52.048986 certificates_loader::load_certificate: Failed to open Private encryption key file
01:09:52.049232 Sent on utPort to system @LibItsGeoNetworking_TypesAndValues.UtGnInitialize : { hashedId8 := '881211CED3FBEF3E'O }
01:09:52.054150 Message enqueued on utPort from system @LibItsGeoNetworking_TypesAndValues.UtGnResults : { utGnInitializeResult := true } id 1
01:09:52.054274 Start timer tc_wait: 120 s
01:09:52.054330 Receive operation on port utPort succeeded, message from system(): @LibItsGeoNetworking_TypesAndValues.UtGnResults : { utGnInitializeResult := true } id 1
01:09:52.054354 Message with id 1 was extracted from the queue of utPort.
01:09:52.054369 Stop timer tc_wait: 120 s
01:09:52.054384 *** f_utInitializeIut: INFO: IUT initialized ***
01:09:52.054399 Start timer t: 1 s
01:09:52.150446 security_services_its::process_ieee_1609_dot2_signed_data: generation time check 716425797148479 / 716425792150436, delta = 4998043.000000, comp = 0
01:09:52.150895 certificates_loader::load_certificate: Failed to open Private encryption key file
01:09:52.151961 Message enqueued on geoNetworkingPort from system @LibItsGeoNetworking_TypesAndValues.GeoNetworkingInd : { msgIn := { basicHeader := { version := 1, nextHeader := e_securedPacket (2), reserved := 0, lifeTime := { multiplier := 6, ltBase := e_10s (2) }, routerHopLimit := 1 }, gnPacket := { packet := { commonHeader := { nextHeader := e_btpB (2), reserved := 0, headerTST := { tsbHdr := { headerType := e_topologicallyScopedBroadcast (5), headerSubType := e_singleHop (0) } }, trafficClass := { scf := e_scfDisabled (0), channelOffload := e_choffDisabled (0), tcId := 0 }, flags := '10000000'B, plLength := 30, maxHopLimit := 1, reserved2 := 0 }, extendedHeader := { shbHeader := { srcPosVector := { gnAddr := { typeOfAddress := e_initial (0), stationType := e_unknown (0), reserved := 0, mid := '020000000001'O }, timestamp_ := 3461226012, latitude := 520000000, longitude := 130000000, pai := '0'B, speed := 0, heading := 0 }, reserved := 0 } }, payload := '07D1000002020000002A0000005A946F600E612ED01FFFFFFC23B7743E80'O }, securedMsg := { protocolVersion := 3, content := { signedData := { hashId := sha256 (0), tbsData := { payload := { data := { protocolVersion := 3, content := { unsecuredData := '20500080001E01000000020000000001CE4E1E1C1EFE920007BFA480000000000000000007D1000002020000002A0000005A946F600E612ED01FFFFFFC23B7743E80'O } }, extDataHash := omit, omitted := omit }, headerInfo := { psid := 36, generationTime := 716425797148479, expiryTime := omit, generationLocation := omit, p2pcdLearningRequest := omit, missingCrlIdentifier := omit, encryptionKey := omit, inlineP2pcdRequest := omit, requestedCertificate := omit, pduFunctionalType := omit, contributedExtensions := omit } }, signer := { certificate := { { version := 3, type_ := explicit (0), issuer := { sha256AndDigest := '35A61AC81BDD1513'O }, toBeSigned := { id := { none_ := NULL }, cracaId := '000000'O, crlSeries := 0, validityPeriod := { start_ := 716425702, duration := { hours := 24 } }, region := omit, assuranceLevel := omit, appPermissions := { { psid := 36, ssp := { bitmapSsp := '01FFFC'O } }, { psid := 37, ssp := { bitmapSsp := '01FFFFFF'O } }, { psid := 141, ssp := omit }, { psid := 638, ssp := { bitmapSsp := '01'O } } }, certIssuePermissions := omit, certRequestPermissions := omit, canRequestRollover := omit, encryptionKey := omit, verifyKeyIndicator := { verificationKey := { ecdsaNistP256 := { compressed_y_1 := '83B12AE657306336A4D0DD0A35AC6D53B1188E289837B0544503F9F70F21AA53'O } } }, flags := omit, appExtensions := omit, certIssueExtensions := omit, certRequestExtension := omit }, signature_ := { ecdsaNistP256Signature := { rSig := { x_only := '33401BAA05FCA06A6E0D82C6A5EE657C68E4B44DCB212D78C18758B2F84BB7D8'O }, sSig := 'B893C9EF5163FFBCED6AA52B7BF3C428BD62377718B2EFB8C9470D4129AF5A24'O } } } } }, signature_ := { ecdsaNistP256Signature := { rSig := { x_only := 'F517C2F6FF8722A01AFEDE7C60DCFAD8F3DA75963433F2E07F1381647E42468B'O }, sSig := '271DA5E857B6E6727D9198D84224384ABD5F4983DB83B7E3AA488285A6599944'O } } } } } } }, macDestinationAddress := 'FFFFFFFFFFFF'O, ssp := '000000011111111111111100'B, its_aid := 36 } id 1
01:09:53.054424 Timeout t: 1 s
01:09:53.054887 Sent on acPort to system @LibItsGeoNetworking_TypesAndValues.AcGnPrimitive : { getLongPosVector := { gnAddress := { typeOfAddress := e_initial (0), stationType := e_unknown (0), reserved := 0, mid := '020000000001'O } } }
01:09:53.054952 Message enqueued on acPort from system @LibItsGeoNetworking_TypesAndValues.AcGnResponse : { getLongPosVector := { gnAddr := { typeOfAddress := e_initial (0), stationType := e_unknown (0), reserved := 0, mid := '020000000001'O }, timestamp_ := 0, latitude := 520000000, longitude := 130000000, pai := '0'B, speed := 0, heading := 0 } } id 1
01:09:53.054988 Start timer tc_ac: 30 s
01:09:53.055053 Receive operation on port acPort succeeded, message from system(): @LibItsGeoNetworking_TypesAndValues.AcGnResponse : { getLongPosVector := { gnAddr := { typeOfAddress := e_initial (0), stationType := e_unknown (0), reserved := 0, mid := '020000000001'O }, timestamp_ := 0, latitude := 520000000, longitude := 130000000, pai := '0'B, speed := 0, heading := 0 } } id 1
01:09:53.055073 Message with id 1 was extracted from the queue of acPort.
01:09:53.055089 Stop timer tc_ac: 30 s
01:09:53.055390 Altstep a_default was activated as default, id 2
01:09:53.055428 Altstep a_utDefault was activated as default, id 3
01:09:53.055439 Altstep a_neighbourDefault was activated as default, id 4
01:09:53.055847 Sent on acPort to system @LibItsGeoNetworking_TypesAndValues.AcGnPrimitive : { startBeaconing := { beaconPacket := { basicHeader := { version := 1, nextHeader := e_commonHeader (1), reserved := 0, lifeTime := { multiplier := 10, ltBase := e_100s (3) }, routerHopLimit := 1 }, gnPacket := { packet := { commonHeader := { nextHeader := e_any (0), reserved := 0, headerTST := { beaconHdr := { headerType := e_beacon (1), headerSubType := 0 } }, trafficClass := { scf := e_scfEnabled (1), channelOffload := e_choffDisabled (0), tcId := 0 }, flags := '00000000'B, plLength := 0, maxHopLimit := 1, reserved2 := 0 }, extendedHeader := { beaconHeader := { srcPosVector := { gnAddr := { typeOfAddress := e_manual (1), stationType := e_passengerCar (5), reserved := 0, mid := '00000000000B'O }, timestamp_ := 3461220919, latitude := 520020000, longitude := 130000000, pai := '1'B, speed := 0, heading := 0 } } }, payload := omit }, securedMsg := omit } } } }
01:09:53.056645 Start timer t: 1 s
01:09:53.056692 Warning: An [else] branch of an alt construct has been reached. Re-configuring the snapshot manager to call the event handlers even when taking the first snapshot.
01:09:53.249257 security_services_its::process_ieee_1609_dot2_signed_data: generation time check 716425798248367 / 716425793249256, delta = 4999111.000000, comp = 0
01:09:53.249718 Message enqueued on geoNetworkingPort from system @LibItsGeoNetworking_TypesAndValues.GeoNetworkingInd : { msgIn := { basicHeader := { version := 1, nextHeader := e_securedPacket (2), reserved := 0, lifeTime := { multiplier := 6, ltBase := e_10s (2) }, routerHopLimit := 1 }, gnPacket := { packet := { commonHeader := { nextHeader := e_btpB (2), reserved := 0, headerTST := { tsbHdr := { headerType := e_topologicallyScopedBroadcast (5), headerSubType := e_singleHop (0) } }, trafficClass := { scf := e_scfDisabled (0), channelOffload := e_choffDisabled (0), tcId := 0 }, flags := '10000000'B, plLength := 30, maxHopLimit := 1, reserved2 := 0 }, extendedHeader := { shbHeader := { srcPosVector := { gnAddr := { typeOfAddress := e_initial (0), stationType := e_unknown (0), reserved := 0, mid := '020000000001'O }, timestamp_ := 3461227112, latitude := 520000000, longitude := 130000000, pai := '0'B, speed := 0, heading := 0 }, reserved := 0 } }, payload := '07D1000002020000002A0000005A946F600E612ED01FFFFFFC23B7743E80'O }, securedMsg := { protocolVersion := 3, content := { signedData := { hashId := sha256 (0), tbsData := { payload := { data := { protocolVersion := 3, content := { unsecuredData := '20500080001E01000000020000000001CE4E22681EFE920007BFA480000000000000000007D1000002020000002A0000005A946F600E612ED01FFFFFFC23B7743E80'O } }, extDataHash := omit, omitted := omit }, headerInfo := { psid := 36, generationTime := 716425798248367, expiryTime := omit, generationLocation := omit, p2pcdLearningRequest := omit, missingCrlIdentifier := omit, encryptionKey := omit, inlineP2pcdRequest := omit, requestedCertificate := omit, pduFunctionalType := omit, contributedExtensions := omit } }, signer := { certificate := { { version := 3, type_ := explicit (0), issuer := { sha256AndDigest := '35A61AC81BDD1513'O }, toBeSigned := { id := { none_ := NULL }, cracaId := '000000'O, crlSeries := 0, validityPeriod := { start_ := 716425702, duration := { hours := 24 } }, region := omit, assuranceLevel := omit, appPermissions := { { psid := 36, ssp := { bitmapSsp := '01FFFC'O } }, { psid := 37, ssp := { bitmapSsp := '01FFFFFF'O } }, { psid := 141, ssp := omit }, { psid := 638, ssp := { bitmapSsp := '01'O } } }, certIssuePermissions := omit, certRequestPermissions := omit, canRequestRollover := omit, encryptionKey := omit, verifyKeyIndicator := { verificationKey := { ecdsaNistP256 := { compressed_y_1 := '83B12AE657306336A4D0DD0A35AC6D53B1188E289837B0544503F9F70F21AA53'O } } }, flags := omit, appExtensions := omit, certIssueExtensions := omit, certRequestExtension := omit }, signature_ := { ecdsaNistP256Signature := { rSig := { x_only := '33401BAA05FCA06A6E0D82C6A5EE657C68E4B44DCB212D78C18758B2F84BB7D8'O }, sSig := 'B893C9EF5163FFBCED6AA52B7BF3C428BD62377718B2EFB8C9470D4129AF5A24'O } } } } }, signature_ := { ecdsaNistP256Signature := { rSig := { x_only := 'E6485CA798E0DC0E31D84F1042544C9D40C8EB8C1D92B991CF4941EDC8F1BF13'O }, sSig := '15B2D6DA88434C14B45D8E09540E12C7160F4198388CEEF12B0A56B026BBAF2C'O } } } } } } }, macDestinationAddress := 'FFFFFFFFFFFF'O, ssp := '000000011111111111111100'B, its_aid := 36 } id 2
01:09:54.056698 Timeout t: 1 s
01:09:54.056937 Start timer t: 0.5 s
01:09:54.057341 Receive operation on port geoNetworkingPort succeeded, message from system(): @LibItsGeoNetworking_TypesAndValues.GeoNetworkingInd: { msgIn := { basicHeader := { version := 1, nextHeader := e_securedPacket (2), reserved := 0, lifeTime := { multiplier := 6, ltBase := e_10s (2) }, routerHopLimit := 1 }, gnPacket := { packet := { commonHeader := { nextHeader := e_btpB (2), reserved := 0, headerTST := { tsbHdr := { headerType := e_topologicallyScopedBroadcast (5), headerSubType := e_singleHop (0) } }, trafficClass := { scf := e_scfDisabled (0), channelOffload := e_choffDisabled (0), tcId := 0 }, flags := '10000000'B, plLength := 30, maxHopLimit := 1, reserved2 := 0 }, extendedHeader := { shbHeader := { srcPosVector := { gnAddr := { typeOfAddress := e_initial (0), stationType := e_unknown (0), reserved := 0, mid := '020000000001'O }, timestamp_ := 3461226012, latitude := 520000000, longitude := 130000000, pai := '0'B, speed := 0, heading := 0 }, reserved := 0 } }, payload := '07D1000002020000002A0000005A946F600E612ED01FFFFFFC23B7743E80'O }, securedMsg := { protocolVersion := 3, content := { signedData := { hashId := sha256 (0), tbsData := { payload := { data := { protocolVersion := 3, content := { unsecuredData := '20500080001E01000000020000000001CE4E1E1C1EFE920007BFA480000000000000000007D1000002020000002A0000005A946F600E612ED01FFFFFFC23B7743E80'O } }, extDataHash := omit, omitted := omit }, headerInfo := { psid := 36, generationTime := 716425797148479, expiryTime := omit, generationLocation := omit, p2pcdLearningRequest := omit, missingCrlIdentifier := omit, encryptionKey := omit, inlineP2pcdRequest := omit, requestedCertificate := omit, pduFunctionalType := omit, contributedExtensions := omit } }, signer := { certificate := { { version := 3, type_ := explicit (0), issuer := { sha256AndDigest := '35A61AC81BDD1513'O }, toBeSigned := { id := { none_ := NULL }, cracaId := '000000'O, crlSeries := 0, validityPeriod := { start_ := 716425702, duration := { hours := 24 } }, region := omit, assuranceLevel := omit, appPermissions := { { psid := 36, ssp := { bitmapSsp := '01FFFC'O } }, { psid := 37, ssp := { bitmapSsp := '01FFFFFF'O } }, { psid := 141, ssp := omit }, { psid := 638, ssp := { bitmapSsp := '01'O } } }, certIssuePermissions := omit, certRequestPermissions := omit, canRequestRollover := omit, encryptionKey := omit, verifyKeyIndicator := { verificationKey := { ecdsaNistP256 := { compressed_y_1 := '83B12AE657306336A4D0DD0A35AC6D53B1188E289837B0544503F9F70F21AA53'O } } }, flags := omit, appExtensions := omit, certIssueExtensions := omit, certRequestExtension := omit }, signature_ := { ecdsaNistP256Signature := { rSig := { x_only := '33401BAA05FCA06A6E0D82C6A5EE657C68E4B44DCB212D78C18758B2F84BB7D8'O }, sSig := 'B893C9EF5163FFBCED6AA52B7BF3C428BD62377718B2EFB8C9470D4129AF5A24'O } } } } }, signature_ := { ecdsaNistP256Signature := { rSig := { x_only := 'F517C2F6FF8722A01AFEDE7C60DCFAD8F3DA75963433F2E07F1381647E42468B'O }, sSig := '271DA5E857B6E6727D9198D84224384ABD5F4983DB83B7E3AA488285A6599944'O } } } } } } }, macDestinationAddress := 'FFFFFFFFFFFF'O, ssp := '000000011111111111111100'B, its_aid := 36 } id 1
01:09:54.057395 Message with id 1 was extracted from the queue of geoNetworkingPort.
01:09:54.057408 *** a_default: WARNING: Received an unexpected message ***
01:09:54.057416 Default with id 4 (altstep a_neighbourDefault) has reached a break statement. Skipping current alt statement or receiving operation.
01:09:54.057560 Receive operation on port geoNetworkingPort succeeded, message from system(): @LibItsGeoNetworking_TypesAndValues.GeoNetworkingInd: { msgIn := { basicHeader := { version := 1, nextHeader := e_securedPacket (2), reserved := 0, lifeTime := { multiplier := 6, ltBase := e_10s (2) }, routerHopLimit := 1 }, gnPacket := { packet := { commonHeader := { nextHeader := e_btpB (2), reserved := 0, headerTST := { tsbHdr := { headerType := e_topologicallyScopedBroadcast (5), headerSubType := e_singleHop (0) } }, trafficClass := { scf := e_scfDisabled (0), channelOffload := e_choffDisabled (0), tcId := 0 }, flags := '10000000'B, plLength := 30, maxHopLimit := 1, reserved2 := 0 }, extendedHeader := { shbHeader := { srcPosVector := { gnAddr := { typeOfAddress := e_initial (0), stationType := e_unknown (0), reserved := 0, mid := '020000000001'O }, timestamp_ := 3461227112, latitude := 520000000, longitude := 130000000, pai := '0'B, speed := 0, heading := 0 }, reserved := 0 } }, payload := '07D1000002020000002A0000005A946F600E612ED01FFFFFFC23B7743E80'O }, securedMsg := { protocolVersion := 3, content := { signedData := { hashId := sha256 (0), tbsData := { payload := { data := { protocolVersion := 3, content := { unsecuredData := '20500080001E01000000020000000001CE4E22681EFE920007BFA480000000000000000007D1000002020000002A0000005A946F600E612ED01FFFFFFC23B7743E80'O } }, extDataHash := omit, omitted := omit }, headerInfo := { psid := 36, generationTime := 716425798248367, expiryTime := omit, generationLocation := omit, p2pcdLearningRequest := omit, missingCrlIdentifier := omit, encryptionKey := omit, inlineP2pcdRequest := omit, requestedCertificate := omit, pduFunctionalType := omit, contributedExtensions := omit } }, signer := { certificate := { { version := 3, type_ := explicit (0), issuer := { sha256AndDigest := '35A61AC81BDD1513'O }, toBeSigned := { id := { none_ := NULL }, cracaId := '000000'O, crlSeries := 0, validityPeriod := { start_ := 716425702, duration := { hours := 24 } }, region := omit, assuranceLevel := omit, appPermissions := { { psid := 36, ssp := { bitmapSsp := '01FFFC'O } }, { psid := 37, ssp := { bitmapSsp := '01FFFFFF'O } }, { psid := 141, ssp := omit }, { psid := 638, ssp := { bitmapSsp := '01'O } } }, certIssuePermissions := omit, certRequestPermissions := omit, canRequestRollover := omit, encryptionKey := omit, verifyKeyIndicator := { verificationKey := { ecdsaNistP256 := { compressed_y_1 := '83B12AE657306336A4D0DD0A35AC6D53B1188E289837B0544503F9F70F21AA53'O } } }, flags := omit, appExtensions := omit, certIssueExtensions := omit, certRequestExtension := omit }, signature_ := { ecdsaNistP256Signature := { rSig := { x_only := '33401BAA05FCA06A6E0D82C6A5EE657C68E4B44DCB212D78C18758B2F84BB7D8'O }, sSig := 'B893C9EF5163FFBCED6AA52B7BF3C428BD62377718B2EFB8C9470D4129AF5A24'O } } } } }, signature_ := { ecdsaNistP256Signature := { rSig := { x_only := 'E6485CA798E0DC0E31D84F1042544C9D40C8EB8C1D92B991CF4941EDC8F1BF13'O }, sSig := '15B2D6DA88434C14B45D8E09540E12C7160F4198388CEEF12B0A56B026BBAF2C'O } } } } } } }, macDestinationAddress := 'FFFFFFFFFFFF'O, ssp := '000000011111111111111100'B, its_aid := 36 } id 2
01:09:54.057619 Message with id 2 was extracted from the queue of geoNetworkingPort.
01:09:54.057629 *** a_default: WARNING: Received an unexpected message ***
01:09:54.057634 Default with id 4 (altstep a_neighbourDefault) has reached a break statement. Skipping current alt statement or receiving operation.
01:09:54.249547 security_services_its::process_ieee_1609_dot2_signed_data: generation time check 716425799248489 / 716425794249547, delta = 4998942.000000, comp = 0
01:09:54.250079 Message enqueued on geoNetworkingPort from system @LibItsGeoNetworking_TypesAndValues.GeoNetworkingInd : { msgIn := { basicHeader := { version := 1, nextHeader := e_securedPacket (2), reserved := 0, lifeTime := { multiplier := 6, ltBase := e_10s (2) }, routerHopLimit := 1 }, gnPacket := { packet := { commonHeader := { nextHeader := e_btpB (2), reserved := 0, headerTST := { tsbHdr := { headerType := e_topologicallyScopedBroadcast (5), headerSubType := e_singleHop (0) } }, trafficClass := { scf := e_scfDisabled (0), channelOffload := e_choffDisabled (0), tcId := 0 }, flags := '10000000'B, plLength := 30, maxHopLimit := 1, reserved2 := 0 }, extendedHeader := { shbHeader := { srcPosVector := { gnAddr := { typeOfAddress := e_initial (0), stationType := e_unknown (0), reserved := 0, mid := '020000000001'O }, timestamp_ := 3461228112, latitude := 520000000, longitude := 130000000, pai := '0'B, speed := 0, heading := 0 }, reserved := 0 } }, payload := '07D1000002020000002A0000005A946F600E612ED01FFFFFFC23B7743E80'O }, securedMsg := { protocolVersion := 3, content := { signedData := { hashId := sha256 (0), tbsData := { payload := { data := { protocolVersion := 3, content := { unsecuredData := '20500080001E01000000020000000001CE4E26501EFE920007BFA480000000000000000007D1000002020000002A0000005A946F600E612ED01FFFFFFC23B7743E80'O } }, extDataHash := omit, omitted := omit }, headerInfo := { psid := 36, generationTime := 716425799248489, expiryTime := omit, generationLocation := omit, p2pcdLearningRequest := omit, missingCrlIdentifier := omit, encryptionKey := omit, inlineP2pcdRequest := omit, requestedCertificate := omit, pduFunctionalType := omit, contributedExtensions := omit } }, signer := { certificate := { { version := 3, type_ := explicit (0), issuer := { sha256AndDigest := '35A61AC81BDD1513'O }, toBeSigned := { id := { none_ := NULL }, cracaId := '000000'O, crlSeries := 0, validityPeriod := { start_ := 716425702, duration := { hours := 24 } }, region := omit, assuranceLevel := omit, appPermissions := { { psid := 36, ssp := { bitmapSsp := '01FFFC'O } }, { psid := 37, ssp := { bitmapSsp := '01FFFFFF'O } }, { psid := 141, ssp := omit }, { psid := 638, ssp := { bitmapSsp := '01'O } } }, certIssuePermissions := omit, certRequestPermissions := omit, canRequestRollover := omit, encryptionKey := omit, verifyKeyIndicator := { verificationKey := { ecdsaNistP256 := { compressed_y_1 := '83B12AE657306336A4D0DD0A35AC6D53B1188E289837B0544503F9F70F21AA53'O } } }, flags := omit, appExtensions := omit, certIssueExtensions := omit, certRequestExtension := omit }, signature_ := { ecdsaNistP256Signature := { rSig := { x_only := '33401BAA05FCA06A6E0D82C6A5EE657C68E4B44DCB212D78C18758B2F84BB7D8'O }, sSig := 'B893C9EF5163FFBCED6AA52B7BF3C428BD62377718B2EFB8C9470D4129AF5A24'O } } } } }, signature_ := { ecdsaNistP256Signature := { rSig := { x_only := 'BECC7A7D7403807C5A5685CD32593B701D3A67E81F6419253531CAAA32BAAC2E'O }, sSig := 'D7D411AAAF4879B3A4ADBC2E5000AF2FC605F86B41B6DF19F3D82B0CB42D9B8A'O } } } } } } }, macDestinationAddress := 'FFFFFFFFFFFF'O, ssp := '000000011111111111111100'B, its_aid := 36 } id 3
01:09:54.250240 Receive operation on port geoNetworkingPort succeeded, message from system(): @LibItsGeoNetworking_TypesAndValues.GeoNetworkingInd: { msgIn := { basicHeader := { version := 1, nextHeader := e_securedPacket (2), reserved := 0, lifeTime := { multiplier := 6, ltBase := e_10s (2) }, routerHopLimit := 1 }, gnPacket := { packet := { commonHeader := { nextHeader := e_btpB (2), reserved := 0, headerTST := { tsbHdr := { headerType := e_topologicallyScopedBroadcast (5), headerSubType := e_singleHop (0) } }, trafficClass := { scf := e_scfDisabled (0), channelOffload := e_choffDisabled (0), tcId := 0 }, flags := '10000000'B, plLength := 30, maxHopLimit := 1, reserved2 := 0 }, extendedHeader := { shbHeader := { srcPosVector := { gnAddr := { typeOfAddress := e_initial (0), stationType := e_unknown (0), reserved := 0, mid := '020000000001'O }, timestamp_ := 3461228112, latitude := 520000000, longitude := 130000000, pai := '0'B, speed := 0, heading := 0 }, reserved := 0 } }, payload := '07D1000002020000002A0000005A946F600E612ED01FFFFFFC23B7743E80'O }, securedMsg := { protocolVersion := 3, content := { signedData := { hashId := sha256 (0), tbsData := { payload := { data := { protocolVersion := 3, content := { unsecuredData := '20500080001E01000000020000000001CE4E26501EFE920007BFA480000000000000000007D1000002020000002A0000005A946F600E612ED01FFFFFFC23B7743E80'O } }, extDataHash := omit, omitted := omit }, headerInfo := { psid := 36, generationTime := 716425799248489, expiryTime := omit, generationLocation := omit, p2pcdLearningRequest := omit, missingCrlIdentifier := omit, encryptionKey := omit, inlineP2pcdRequest := omit, requestedCertificate := omit, pduFunctionalType := omit, contributedExtensions := omit } }, signer := { certificate := { { version := 3, type_ := explicit (0), issuer := { sha256AndDigest := '35A61AC81BDD1513'O }, toBeSigned := { id := { none_ := NULL }, cracaId := '000000'O, crlSeries := 0, validityPeriod := { start_ := 716425702, duration := { hours := 24 } }, region := omit, assuranceLevel := omit, appPermissions := { { psid := 36, ssp := { bitmapSsp := '01FFFC'O } }, { psid := 37, ssp := { bitmapSsp := '01FFFFFF'O } }, { psid := 141, ssp := omit }, { psid := 638, ssp := { bitmapSsp := '01'O } } }, certIssuePermissions := omit, certRequestPermissions := omit, canRequestRollover := omit, encryptionKey := omit, verifyKeyIndicator := { verificationKey := { ecdsaNistP256 := { compressed_y_1 := '83B12AE657306336A4D0DD0A35AC6D53B1188E289837B0544503F9F70F21AA53'O } } }, flags := omit, appExtensions := omit, certIssueExtensions := omit, certRequestExtension := omit }, signature_ := { ecdsaNistP256Signature := { rSig := { x_only := '33401BAA05FCA06A6E0D82C6A5EE657C68E4B44DCB212D78C18758B2F84BB7D8'O }, sSig := 'B893C9EF5163FFBCED6AA52B7BF3C428BD62377718B2EFB8C9470D4129AF5A24'O } } } } }, signature_ := { ecdsaNistP256Signature := { rSig := { x_only := 'BECC7A7D7403807C5A5685CD32593B701D3A67E81F6419253531CAAA32BAAC2E'O }, sSig := 'D7D411AAAF4879B3A4ADBC2E5000AF2FC605F86B41B6DF19F3D82B0CB42D9B8A'O } } } } } } }, macDestinationAddress := 'FFFFFFFFFFFF'O, ssp := '000000011111111111111100'B, its_aid := 36 } id 3
01:09:54.250256 Message with id 3 was extracted from the queue of geoNetworkingPort.
01:09:54.250261 *** a_default: WARNING: Received an unexpected message ***
01:09:54.250265 Default with id 4 (altstep a_neighbourDefault) has reached a break statement. Skipping current alt statement or receiving operation.
01:09:54.556977 Timeout t: 0.5 s
01:09:54.557069 **** f_selfSync: Successfully passed PREAMBLE synchronization point. ****
01:09:54.557075 Start timer tc_ac: 30 s
01:09:55.251672 security_services_its::process_ieee_1609_dot2_signed_data: generation time check 716425800248601 / 716425795251665, delta = 4996936.000000, comp = 0
01:09:55.254985 Message enqueued on geoNetworkingPort from system @LibItsGeoNetworking_TypesAndValues.GeoNetworkingInd : { msgIn := { basicHeader := { version := 1, nextHeader := e_securedPacket (2), reserved := 0, lifeTime := { multiplier := 6, ltBase := e_10s (2) }, routerHopLimit := 1 }, gnPacket := { packet := { commonHeader := { nextHeader := e_btpB (2), reserved := 0, headerTST := { tsbHdr := { headerType := e_topologicallyScopedBroadcast (5), headerSubType := e_singleHop (0) } }, trafficClass := { scf := e_scfDisabled (0), channelOffload := e_choffDisabled (0), tcId := 0 }, flags := '10000000'B, plLength := 30, maxHopLimit := 1, reserved2 := 0 }, extendedHeader := { shbHeader := { srcPosVector := { gnAddr := { typeOfAddress := e_initial (0), stationType := e_unknown (0), reserved := 0, mid := '020000000001'O }, timestamp_ := 3461229112, latitude := 520000000, longitude := 130000000, pai := '0'B, speed := 0, heading := 0 }, reserved := 0 } }, payload := '07D1000002020000002A0000005A946F600E612ED01FFFFFFC23B7743E80'O }, securedMsg := { protocolVersion := 3, content := { signedData := { hashId := sha256 (0), tbsData := { payload := { data := { protocolVersion := 3, content := { unsecuredData := '20500080001E01000000020000000001CE4E2A381EFE920007BFA480000000000000000007D1000002020000002A0000005A946F600E612ED01FFFFFFC23B7743E80'O } }, extDataHash := omit, omitted := omit }, headerInfo := { psid := 36, generationTime := 716425800248601, expiryTime := omit, generationLocation := omit, p2pcdLearningRequest := omit, missingCrlIdentifier := omit, encryptionKey := omit, inlineP2pcdRequest := omit, requestedCertificate := omit, pduFunctionalType := omit, contributedExtensions := omit } }, signer := { certificate := { { version := 3, type_ := explicit (0), issuer := { sha256AndDigest := '35A61AC81BDD1513'O }, toBeSigned := { id := { none_ := NULL }, cracaId := '000000'O, crlSeries := 0, validityPeriod := { start_ := 716425702, duration := { hours := 24 } }, region := omit, assuranceLevel := omit, appPermissions := { { psid := 36, ssp := { bitmapSsp := '01FFFC'O } }, { psid := 37, ssp := { bitmapSsp := '01FFFFFF'O } }, { psid := 141, ssp := omit }, { psid := 638, ssp := { bitmapSsp := '01'O } } }, certIssuePermissions := omit, certRequestPermissions := omit, canRequestRollover := omit, encryptionKey := omit, verifyKeyIndicator := { verificationKey := { ecdsaNistP256 := { compressed_y_1 := '83B12AE657306336A4D0DD0A35AC6D53B1188E289837B0544503F9F70F21AA53'O } } }, flags := omit, appExtensions := omit, certIssueExtensions := omit, certRequestExtension := omit }, signature_ := { ecdsaNistP256Signature := { rSig := { x_only := '33401BAA05FCA06A6E0D82C6A5EE657C68E4B44DCB212D78C18758B2F84BB7D8'O }, sSig := 'B893C9EF5163FFBCED6AA52B7BF3C428BD62377718B2EFB8C9470D4129AF5A24'O } } } } }, signature_ := { ecdsaNistP256Signature := { rSig := { x_only := '311AF56F2B2A98253CCE89A5F362F370ED179472B1B5FFB97BD095E811AD698C'O }, sSig := '81B2BFE1AC24E65949D819CD3BC3FB7120B6B83A7CAA0E868613664EAF9A78D1'O } } } } } } }, macDestinationAddress := 'FFFFFFFFFFFF'O, ssp := '000000011111111111111100'B, its_aid := 36 } id 4
01:09:55.255889 Receive operation on port geoNetworkingPort succeeded, message from system(): @LibItsGeoNetworking_TypesAndValues.GeoNetworkingInd : { msgIn := { basicHeader := { version := 1, nextHeader := e_securedPacket (2), reserved := 0, lifeTime := { multiplier := 6, ltBase := e_10s (2) }, routerHopLimit := 1 }, gnPacket := { packet := { commonHeader := { nextHeader := e_btpB (2), reserved := 0, headerTST := { tsbHdr := { headerType := e_topologicallyScopedBroadcast (5), headerSubType := e_singleHop (0) } }, trafficClass := { scf := e_scfDisabled (0), channelOffload := e_choffDisabled (0), tcId := 0 }, flags := '10000000'B, plLength := 30, maxHopLimit := 1, reserved2 := 0 }, extendedHeader := { shbHeader := { srcPosVector := { gnAddr := { typeOfAddress := e_initial (0), stationType := e_unknown (0), reserved := 0, mid := '020000000001'O }, timestamp_ := 3461229112, latitude := 520000000, longitude := 130000000, pai := '0'B, speed := 0, heading := 0 }, reserved := 0 } }, payload := '07D1000002020000002A0000005A946F600E612ED01FFFFFFC23B7743E80'O }, securedMsg := { protocolVersion := 3, content := { signedData := { hashId := sha256 (0), tbsData := { payload := { data := { protocolVersion := 3, content := { unsecuredData := '20500080001E01000000020000000001CE4E2A381EFE920007BFA480000000000000000007D1000002020000002A0000005A946F600E612ED01FFFFFFC23B7743E80'O } }, extDataHash := omit, omitted := omit }, headerInfo := { psid := 36, generationTime := 716425800248601, expiryTime := omit, generationLocation := omit, p2pcdLearningRequest := omit, missingCrlIdentifier := omit, encryptionKey := omit, inlineP2pcdRequest := omit, requestedCertificate := omit, pduFunctionalType := omit, contributedExtensions := omit } }, signer := { certificate := { { version := 3, type_ := explicit (0), issuer := { sha256AndDigest := '35A61AC81BDD1513'O }, toBeSigned := { id := { none_ := NULL }, cracaId := '000000'O, crlSeries := 0, validityPeriod := { start_ := 716425702, duration := { hours := 24 } }, region := omit, assuranceLevel := omit, appPermissions := { { psid := 36, ssp := { bitmapSsp := '01FFFC'O } }, { psid := 37, ssp := { bitmapSsp := '01FFFFFF'O } }, { psid := 141, ssp := omit }, { psid := 638, ssp := { bitmapSsp := '01'O } } }, certIssuePermissions := omit, certRequestPermissions := omit, canRequestRollover := omit, encryptionKey := omit, verifyKeyIndicator := { verificationKey := { ecdsaNistP256 := { compressed_y_1 := '83B12AE657306336A4D0DD0A35AC6D53B1188E289837B0544503F9F70F21AA53'O } } }, flags := omit, appExtensions := omit, certIssueExtensions := omit, certRequestExtension := omit }, signature_ := { ecdsaNistP256Signature := { rSig := { x_only := '33401BAA05FCA06A6E0D82C6A5EE657C68E4B44DCB212D78C18758B2F84BB7D8'O }, sSig := 'B893C9EF5163FFBCED6AA52B7BF3C428BD62377718B2EFB8C9470D4129AF5A24'O } } } } }, signature_ := { ecdsaNistP256Signature := { rSig := { x_only := '311AF56F2B2A98253CCE89A5F362F370ED179472B1B5FFB97BD095E811AD698C'O }, sSig := '81B2BFE1AC24E65949D819CD3BC3FB7120B6B83A7CAA0E868613664EAF9A78D1'O } } } } } } }, macDestinationAddress := 'FFFFFFFFFFFF'O, ssp := '000000011111111111111100'B, its_aid := 36 } id 4
01:09:55.256100 Message with id 4 was extracted from the queue of geoNetworkingPort.
01:09:55.256168 Stop timer tc_ac: 30 s
01:09:55.256209 *** TC_SEC_ITSS_SND_CAM_01_BV: PASS: The CA message is secured
01:09:55.256225 setverdict(pass): none -> pass
01:09:55.256532 **** f_selfSync: Successfully passed TEST BODY synchronization point. ****
01:09:55.256572 Sent on acPort to system @LibItsGeoNetworking_TypesAndValues.AcGnPrimitive : { stopBeaconing := { } }
01:09:55.256591 Default with id 4 (altstep a_neighbourDefault) was deactivated.
01:09:55.256641 Sent on acPort to system @LibItsCommon_TypesAndValues.AcSecPrimitive : { acDisableSecurity := { disable := true } }
01:09:55.256654 Message enqueued on acPort from system @LibItsCommon_TypesAndValues.AdapterControlResults : { acSecResponse := true } id 2
01:09:55.256667 Start timer tc_ac: 30 s
01:09:55.256690 Receive operation on port acPort succeeded, message from system(): @LibItsCommon_TypesAndValues.AdapterControlResults : { acSecResponse := true } id 2
01:09:55.256702 Message with id 2 was extracted from the queue of acPort.
01:09:55.256710 Stop timer tc_ac: 30 s
01:09:55.256721 Unmapping port mtc:acPort from system:acPort.
01:09:55.256971 Port acPort was unmapped from system:acPort.
01:09:55.257346 Unmap operation of mtc:acPort from system:acPort finished.
01:09:55.257421 Unmapping port mtc:utPort from system:utPort.
01:09:55.257655 Port utPort was unmapped from system:utPort.
01:09:55.257977 Unmap operation of mtc:utPort from system:utPort finished.
01:09:55.258022 Unmapping port mtc:geoNetworkingPort from system:geoNetworkingPort.
01:09:55.258291 Port geoNetworkingPort was unmapped from system:geoNetworkingPort.
01:09:55.258596 Unmap operation of mtc:geoNetworkingPort from system:geoNetworkingPort finished.
01:09:55.258649 Disconnecting ports mtc:syncSendPort and mtc:syncPort.
01:09:55.258958 Port syncSendPort has terminated the connection with local port syncPort.
01:09:55.259011 Port syncPort has terminated the connection with local port syncSendPort.
01:09:55.259425 Disconnect operation on mtc:syncSendPort and mtc:syncPort finished.
01:09:55.259484 Terminating component type LibItsGeoNetworking_TestSystem.ItsGeoNetworking.
01:09:55.259498 Default with id 1 (altstep a_cf01Down) was deactivated.
01:09:55.259507 Default with id 2 (altstep a_default) was deactivated.
01:09:55.259512 Default with id 3 (altstep a_utDefault) was deactivated.
01:09:55.259519 Port syncSendPort was stopped.
01:09:55.259530 Port syncPort was stopped.
01:09:55.259537 Port utPort was stopped.
01:09:55.259543 Port acPort was stopped.
01:09:55.259548 Port geoNetworkingPort was stopped.
01:09:55.259553 Component type LibItsGeoNetworking_TestSystem.ItsGeoNetworking was shut down inside testcase TC_SEC_ITSS_SND_CAM_01_BV.
01:09:55.259561 Waiting for PTCs to finish.
01:09:55.259988 Setting final verdict of the test case.
01:09:55.260130 Local verdict of MTC: pass
01:09:55.260162 No PTCs were created.
01:09:55.260178 Test case TC_SEC_ITSS_SND_CAM_01_BV finished. Verdict: pass
01:09:55.260447 Executing test case TC_SEC_ITSS_SND_CAM_02_BV in module ItsSecurity_TestCases.
01:09:55.260572 Test case TC_SEC_ITSS_SND_CAM_02_BV started.
01:09:55.260591 Initializing variables, timers and ports of component type LibItsGeoNetworking_TestSystem.ItsGeoNetworking inside testcase TC_SEC_ITSS_SND_CAM_02_BV.
01:09:55.260702 Port syncSendPort was started.
01:09:55.260715 Port syncPort was started.
01:09:55.260723 Port utPort was started.
01:09:55.260730 Port acPort was started.
01:09:55.260735 Port geoNetworkingPort was started.
01:09:55.260742 Component type LibItsGeoNetworking_TestSystem.ItsGeoNetworking was initialized.
01:09:55.260757 Mapping port mtc:acPort to system:acPort.
01:09:55.261086 Port acPort was mapped to system:acPort.
01:09:55.261343 Map operation of mtc:acPort to system:acPort finished.
01:09:55.261392 Mapping port mtc:utPort to system:utPort.
01:09:55.261848 Port utPort was mapped to system:utPort.
01:09:55.262233 Map operation of mtc:utPort to system:utPort finished.
01:09:55.262312 Mapping port mtc:geoNetworkingPort to system:geoNetworkingPort.
01:09:55.262968 security_services_its::setup: Already done
01:09:55.263139 Port geoNetworkingPort was mapped to system:geoNetworkingPort.
01:09:55.263547 Map operation of mtc:geoNetworkingPort to system:geoNetworkingPort finished.
01:09:55.263721 Connecting ports mtc:syncSendPort and mtc:syncPort.
01:09:55.263974 Port syncPort has established the connection with local port syncSendPort.
01:09:55.264017 Port syncSendPort has established the connection with local port syncPort.
01:09:55.264366 Connect operation on mtc:syncSendPort and mtc:syncPort finished.
01:09:55.264465 Altstep a_cf01Down was activated as default, id 1
01:09:55.264525 security_services_its::setup: Already done
01:09:55.264784 Selected issuer: '409716B75CED98AC'O
01:09:55.265009 Sent on utPort to system @LibItsGeoNetworking_TypesAndValues.UtGnInitialize : { hashedId8 := '881211CED3FBEF3E'O }
01:09:55.267276 Message enqueued on utPort from system @LibItsGeoNetworking_TypesAndValues.UtGnResults : { utGnInitializeResult := true } id 1
01:09:55.267390 Start timer tc_wait: 120 s
01:09:55.267428 Receive operation on port utPort succeeded, message from system(): @LibItsGeoNetworking_TypesAndValues.UtGnResults : { utGnInitializeResult := true } id 1
01:09:55.267442 Message with id 1 was extracted from the queue of utPort.
01:09:55.267450 Stop timer tc_wait: 120 s
01:09:55.267458 *** f_utInitializeIut: INFO: IUT initialized ***
01:09:55.267469 Start timer t: 1 s
01:09:55.364830 security_services_its::process_ieee_1609_dot2_signed_data: generation time check 716425800363342 / 716425795364829, delta = 4998513.000000, comp = 0
01:09:55.365601 Message enqueued on geoNetworkingPort from system @LibItsGeoNetworking_TypesAndValues.GeoNetworkingInd : { msgIn := { basicHeader := { version := 1, nextHeader := e_securedPacket (2), reserved := 0, lifeTime := { multiplier := 6, ltBase := e_10s (2) }, routerHopLimit := 1 }, gnPacket := { packet := { commonHeader := { nextHeader := e_btpB (2), reserved := 0, headerTST := { tsbHdr := { headerType := e_topologicallyScopedBroadcast (5), headerSubType := e_singleHop (0) } }, trafficClass := { scf := e_scfDisabled (0), channelOffload := e_choffDisabled (0), tcId := 0 }, flags := '10000000'B, plLength := 30, maxHopLimit := 1, reserved2 := 0 }, extendedHeader := { shbHeader := { srcPosVector := { gnAddr := { typeOfAddress := e_initial (0), stationType := e_unknown (0), reserved := 0, mid := '020000000001'O }, timestamp_ := 3461229227, latitude := 520000000, longitude := 130000000, pai := '0'B, speed := 0, heading := 0 }, reserved := 0 } }, payload := '07D1000002020000002A0000005A946F600E612ED01FFFFFFC23B7743E80'O }, securedMsg := { protocolVersion := 3, content := { signedData := { hashId := sha256 (0), tbsData := { payload := { data := { protocolVersion := 3, content := { unsecuredData := '20500080001E01000000020000000001CE4E2AAB1EFE920007BFA480000000000000000007D1000002020000002A0000005A946F600E612ED01FFFFFFC23B7743E80'O } }, extDataHash := omit, omitted := omit }, headerInfo := { psid := 36, generationTime := 716425800363342, expiryTime := omit, generationLocation := omit, p2pcdLearningRequest := omit, missingCrlIdentifier := omit, encryptionKey := omit, inlineP2pcdRequest := omit, requestedCertificate := omit, pduFunctionalType := omit, contributedExtensions := omit } }, signer := { certificate := { { version := 3, type_ := explicit (0), issuer := { sha256AndDigest := '35A61AC81BDD1513'O }, toBeSigned := { id := { none_ := NULL }, cracaId := '000000'O, crlSeries := 0, validityPeriod := { start_ := 716425702, duration := { hours := 24 } }, region := omit, assuranceLevel := omit, appPermissions := { { psid := 36, ssp := { bitmapSsp := '01FFFC'O } }, { psid := 37, ssp := { bitmapSsp := '01FFFFFF'O } }, { psid := 141, ssp := omit }, { psid := 638, ssp := { bitmapSsp := '01'O } } }, certIssuePermissions := omit, certRequestPermissions := omit, canRequestRollover := omit, encryptionKey := omit, verifyKeyIndicator := { verificationKey := { ecdsaNistP256 := { compressed_y_1 := '83B12AE657306336A4D0DD0A35AC6D53B1188E289837B0544503F9F70F21AA53'O } } }, flags := omit, appExtensions := omit, certIssueExtensions := omit, certRequestExtension := omit }, signature_ := { ecdsaNistP256Signature := { rSig := { x_only := '33401BAA05FCA06A6E0D82C6A5EE657C68E4B44DCB212D78C18758B2F84BB7D8'O }, sSig := 'B893C9EF5163FFBCED6AA52B7BF3C428BD62377718B2EFB8C9470D4129AF5A24'O } } } } }, signature_ := { ecdsaNistP256Signature := { rSig := { x_only := '771A4864B1C70F607B2EA972BF791FDB1EDE36F7D1424F1A37AEA006F5A2CE36'O }, sSig := '465420622EF2A74FEA6433EDDAC2E74F87C1E0742514030D40ECA1452E91668C'O } } } } } } }, macDestinationAddress := 'FFFFFFFFFFFF'O, ssp := '000000011111111111111100'B, its_aid := 36 } id 1
01:09:56.267486 Timeout t: 1 s
01:09:56.267671 Sent on acPort to system @LibItsGeoNetworking_TypesAndValues.AcGnPrimitive : { getLongPosVector := { gnAddress := { typeOfAddress := e_initial (0), stationType := e_unknown (0), reserved := 0, mid := '020000000001'O } } }
01:09:56.267710 Message enqueued on acPort from system @LibItsGeoNetworking_TypesAndValues.AcGnResponse : { getLongPosVector := { gnAddr := { typeOfAddress := e_initial (0), stationType := e_unknown (0), reserved := 0, mid := '020000000001'O }, timestamp_ := 0, latitude := 520000000, longitude := 130000000, pai := '0'B, speed := 0, heading := 0 } } id 1
01:09:56.267732 Start timer tc_ac: 30 s
01:09:56.267782 Receive operation on port acPort succeeded, message from system(): @LibItsGeoNetworking_TypesAndValues.AcGnResponse : { getLongPosVector := { gnAddr := { typeOfAddress := e_initial (0), stationType := e_unknown (0), reserved := 0, mid := '020000000001'O }, timestamp_ := 0, latitude := 520000000, longitude := 130000000, pai := '0'B, speed := 0, heading := 0 } } id 1
01:09:56.267795 Message with id 1 was extracted from the queue of acPort.
01:09:56.267807 Stop timer tc_ac: 30 s
01:09:56.267928 Altstep a_default was activated as default, id 2
01:09:56.267940 Altstep a_utDefault was activated as default, id 3
01:09:56.267947 Altstep a_neighbourDefault was activated as default, id 4
01:09:56.268156 Sent on acPort to system @LibItsGeoNetworking_TypesAndValues.AcGnPrimitive : { startBeaconing := { beaconPacket := { basicHeader := { version := 1, nextHeader := e_commonHeader (1), reserved := 0, lifeTime := { multiplier := 10, ltBase := e_100s (3) }, routerHopLimit := 1 }, gnPacket := { packet := { commonHeader := { nextHeader := e_any (0), reserved := 0, headerTST := { beaconHdr := { headerType := e_beacon (1), headerSubType := 0 } }, trafficClass := { scf := e_scfEnabled (1), channelOffload := e_choffDisabled (0), tcId := 0 }, flags := '00000000'B, plLength := 0, maxHopLimit := 1, reserved2 := 0 }, extendedHeader := { beaconHeader := { srcPosVector := { gnAddr := { typeOfAddress := e_manual (1), stationType := e_passengerCar (5), reserved := 0, mid := '00000000000B'O }, timestamp_ := 3461224131, latitude := 520020000, longitude := 130000000, pai := '1'B, speed := 0, heading := 0 } } }, payload := omit }, securedMsg := omit } } } }
01:09:56.268679 Start timer t: 1 s
01:09:56.464534 security_services_its::process_ieee_1609_dot2_signed_data: generation time check 716425801463151 / 716425796464533, delta = 4998618.000000, comp = 0
01:09:56.465509 Message enqueued on geoNetworkingPort from system @LibItsGeoNetworking_TypesAndValues.GeoNetworkingInd : { msgIn := { basicHeader := { version := 1, nextHeader := e_securedPacket (2), reserved := 0, lifeTime := { multiplier := 6, ltBase := e_10s (2) }, routerHopLimit := 1 }, gnPacket := { packet := { commonHeader := { nextHeader := e_btpB (2), reserved := 0, headerTST := { tsbHdr := { headerType := e_topologicallyScopedBroadcast (5), headerSubType := e_singleHop (0) } }, trafficClass := { scf := e_scfDisabled (0), channelOffload := e_choffDisabled (0), tcId := 0 }, flags := '10000000'B, plLength := 30, maxHopLimit := 1, reserved2 := 0 }, extendedHeader := { shbHeader := { srcPosVector := { gnAddr := { typeOfAddress := e_initial (0), stationType := e_unknown (0), reserved := 0, mid := '020000000001'O }, timestamp_ := 3461230327, latitude := 520000000, longitude := 130000000, pai := '0'B, speed := 0, heading := 0 }, reserved := 0 } }, payload := '07D1000002020000002A0000005A946F600E612ED01FFFFFFC23B7743E80'O }, securedMsg := { protocolVersion := 3, content := { signedData := { hashId := sha256 (0), tbsData := { payload := { data := { protocolVersion := 3, content := { unsecuredData := '20500080001E01000000020000000001CE4E2EF71EFE920007BFA480000000000000000007D1000002020000002A0000005A946F600E612ED01FFFFFFC23B7743E80'O } }, extDataHash := omit, omitted := omit }, headerInfo := { psid := 36, generationTime := 716425801463151, expiryTime := omit, generationLocation := omit, p2pcdLearningRequest := omit, missingCrlIdentifier := omit, encryptionKey := omit, inlineP2pcdRequest := omit, requestedCertificate := omit, pduFunctionalType := omit, contributedExtensions := omit } }, signer := { certificate := { { version := 3, type_ := explicit (0), issuer := { sha256AndDigest := '35A61AC81BDD1513'O }, toBeSigned := { id := { none_ := NULL }, cracaId := '000000'O, crlSeries := 0, validityPeriod := { start_ := 716425702, duration := { hours := 24 } }, region := omit, assuranceLevel := omit, appPermissions := { { psid := 36, ssp := { bitmapSsp := '01FFFC'O } }, { psid := 37, ssp := { bitmapSsp := '01FFFFFF'O } }, { psid := 141, ssp := omit }, { psid := 638, ssp := { bitmapSsp := '01'O } } }, certIssuePermissions := omit, certRequestPermissions := omit, canRequestRollover := omit, encryptionKey := omit, verifyKeyIndicator := { verificationKey := { ecdsaNistP256 := { compressed_y_1 := '83B12AE657306336A4D0DD0A35AC6D53B1188E289837B0544503F9F70F21AA53'O } } }, flags := omit, appExtensions := omit, certIssueExtensions := omit, certRequestExtension := omit }, signature_ := { ecdsaNistP256Signature := { rSig := { x_only := '33401BAA05FCA06A6E0D82C6A5EE657C68E4B44DCB212D78C18758B2F84BB7D8'O }, sSig := 'B893C9EF5163FFBCED6AA52B7BF3C428BD62377718B2EFB8C9470D4129AF5A24'O } } } } }, signature_ := { ecdsaNistP256Signature := { rSig := { x_only := '9D1DB9E86DAF9ECEC5253D12372C6E810E4F11870A2A8B87554904A3649F9365'O }, sSig := '231EDA9855AB60DEF7A18C3E55E6E75BF8E9A1D27A86E53A83DF9C0C47AE7064'O } } } } } } }, macDestinationAddress := 'FFFFFFFFFFFF'O, ssp := '000000011111111111111100'B, its_aid := 36 } id 2
01:09:57.268714 Timeout t: 1 s
01:09:57.268800 Start timer t: 0.5 s
01:09:57.269012 Receive operation on port geoNetworkingPort succeeded, message from system(): @LibItsGeoNetworking_TypesAndValues.GeoNetworkingInd: { msgIn := { basicHeader := { version := 1, nextHeader := e_securedPacket (2), reserved := 0, lifeTime := { multiplier := 6, ltBase := e_10s (2) }, routerHopLimit := 1 }, gnPacket := { packet := { commonHeader := { nextHeader := e_btpB (2), reserved := 0, headerTST := { tsbHdr := { headerType := e_topologicallyScopedBroadcast (5), headerSubType := e_singleHop (0) } }, trafficClass := { scf := e_scfDisabled (0), channelOffload := e_choffDisabled (0), tcId := 0 }, flags := '10000000'B, plLength := 30, maxHopLimit := 1, reserved2 := 0 }, extendedHeader := { shbHeader := { srcPosVector := { gnAddr := { typeOfAddress := e_initial (0), stationType := e_unknown (0), reserved := 0, mid := '020000000001'O }, timestamp_ := 3461229227, latitude := 520000000, longitude := 130000000, pai := '0'B, speed := 0, heading := 0 }, reserved := 0 } }, payload := '07D1000002020000002A0000005A946F600E612ED01FFFFFFC23B7743E80'O }, securedMsg := { protocolVersion := 3, content := { signedData := { hashId := sha256 (0), tbsData := { payload := { data := { protocolVersion := 3, content := { unsecuredData := '20500080001E01000000020000000001CE4E2AAB1EFE920007BFA480000000000000000007D1000002020000002A0000005A946F600E612ED01FFFFFFC23B7743E80'O } }, extDataHash := omit, omitted := omit }, headerInfo := { psid := 36, generationTime := 716425800363342, expiryTime := omit, generationLocation := omit, p2pcdLearningRequest := omit, missingCrlIdentifier := omit, encryptionKey := omit, inlineP2pcdRequest := omit, requestedCertificate := omit, pduFunctionalType := omit, contributedExtensions := omit } }, signer := { certificate := { { version := 3, type_ := explicit (0), issuer := { sha256AndDigest := '35A61AC81BDD1513'O }, toBeSigned := { id := { none_ := NULL }, cracaId := '000000'O, crlSeries := 0, validityPeriod := { start_ := 716425702, duration := { hours := 24 } }, region := omit, assuranceLevel := omit, appPermissions := { { psid := 36, ssp := { bitmapSsp := '01FFFC'O } }, { psid := 37, ssp := { bitmapSsp := '01FFFFFF'O } }, { psid := 141, ssp := omit }, { psid := 638, ssp := { bitmapSsp := '01'O } } }, certIssuePermissions := omit, certRequestPermissions := omit, canRequestRollover := omit, encryptionKey := omit, verifyKeyIndicator := { verificationKey := { ecdsaNistP256 := { compressed_y_1 := '83B12AE657306336A4D0DD0A35AC6D53B1188E289837B0544503F9F70F21AA53'O } } }, flags := omit, appExtensions := omit, certIssueExtensions := omit, certRequestExtension := omit }, signature_ := { ecdsaNistP256Signature := { rSig := { x_only := '33401BAA05FCA06A6E0D82C6A5EE657C68E4B44DCB212D78C18758B2F84BB7D8'O }, sSig := 'B893C9EF5163FFBCED6AA52B7BF3C428BD62377718B2EFB8C9470D4129AF5A24'O } } } } }, signature_ := { ecdsaNistP256Signature := { rSig := { x_only := '771A4864B1C70F607B2EA972BF791FDB1EDE36F7D1424F1A37AEA006F5A2CE36'O }, sSig := '465420622EF2A74FEA6433EDDAC2E74F87C1E0742514030D40ECA1452E91668C'O } } } } } } }, macDestinationAddress := 'FFFFFFFFFFFF'O, ssp := '000000011111111111111100'B, its_aid := 36 } id 1
01:09:57.269073 Message with id 1 was extracted from the queue of geoNetworkingPort.
01:09:57.269079 *** a_default: WARNING: Received an unexpected message ***
01:09:57.269083 Default with id 4 (altstep a_neighbourDefault) has reached a break statement. Skipping current alt statement or receiving operation.
01:09:57.269182 Receive operation on port geoNetworkingPort succeeded, message from system(): @LibItsGeoNetworking_TypesAndValues.GeoNetworkingInd: { msgIn := { basicHeader := { version := 1, nextHeader := e_securedPacket (2), reserved := 0, lifeTime := { multiplier := 6, ltBase := e_10s (2) }, routerHopLimit := 1 }, gnPacket := { packet := { commonHeader := { nextHeader := e_btpB (2), reserved := 0, headerTST := { tsbHdr := { headerType := e_topologicallyScopedBroadcast (5), headerSubType := e_singleHop (0) } }, trafficClass := { scf := e_scfDisabled (0), channelOffload := e_choffDisabled (0), tcId := 0 }, flags := '10000000'B, plLength := 30, maxHopLimit := 1, reserved2 := 0 }, extendedHeader := { shbHeader := { srcPosVector := { gnAddr := { typeOfAddress := e_initial (0), stationType := e_unknown (0), reserved := 0, mid := '020000000001'O }, timestamp_ := 3461230327, latitude := 520000000, longitude := 130000000, pai := '0'B, speed := 0, heading := 0 }, reserved := 0 } }, payload := '07D1000002020000002A0000005A946F600E612ED01FFFFFFC23B7743E80'O }, securedMsg := { protocolVersion := 3, content := { signedData := { hashId := sha256 (0), tbsData := { payload := { data := { protocolVersion := 3, content := { unsecuredData := '20500080001E01000000020000000001CE4E2EF71EFE920007BFA480000000000000000007D1000002020000002A0000005A946F600E612ED01FFFFFFC23B7743E80'O } }, extDataHash := omit, omitted := omit }, headerInfo := { psid := 36, generationTime := 716425801463151, expiryTime := omit, generationLocation := omit, p2pcdLearningRequest := omit, missingCrlIdentifier := omit, encryptionKey := omit, inlineP2pcdRequest := omit, requestedCertificate := omit, pduFunctionalType := omit, contributedExtensions := omit } }, signer := { certificate := { { version := 3, type_ := explicit (0), issuer := { sha256AndDigest := '35A61AC81BDD1513'O }, toBeSigned := { id := { none_ := NULL }, cracaId := '000000'O, crlSeries := 0, validityPeriod := { start_ := 716425702, duration := { hours := 24 } }, region := omit, assuranceLevel := omit, appPermissions := { { psid := 36, ssp := { bitmapSsp := '01FFFC'O } }, { psid := 37, ssp := { bitmapSsp := '01FFFFFF'O } }, { psid := 141, ssp := omit }, { psid := 638, ssp := { bitmapSsp := '01'O } } }, certIssuePermissions := omit, certRequestPermissions := omit, canRequestRollover := omit, encryptionKey := omit, verifyKeyIndicator := { verificationKey := { ecdsaNistP256 := { compressed_y_1 := '83B12AE657306336A4D0DD0A35AC6D53B1188E289837B0544503F9F70F21AA53'O } } }, flags := omit, appExtensions := omit, certIssueExtensions := omit, certRequestExtension := omit }, signature_ := { ecdsaNistP256Signature := { rSig := { x_only := '33401BAA05FCA06A6E0D82C6A5EE657C68E4B44DCB212D78C18758B2F84BB7D8'O }, sSig := 'B893C9EF5163FFBCED6AA52B7BF3C428BD62377718B2EFB8C9470D4129AF5A24'O } } } } }, signature_ := { ecdsaNistP256Signature := { rSig := { x_only := '9D1DB9E86DAF9ECEC5253D12372C6E810E4F11870A2A8B87554904A3649F9365'O }, sSig := '231EDA9855AB60DEF7A18C3E55E6E75BF8E9A1D27A86E53A83DF9C0C47AE7064'O } } } } } } }, macDestinationAddress := 'FFFFFFFFFFFF'O, ssp := '000000011111111111111100'B, its_aid := 36 } id 2
01:09:57.269193 Message with id 2 was extracted from the queue of geoNetworkingPort.
01:09:57.269196 *** a_default: WARNING: Received an unexpected message ***
01:09:57.269199 Default with id 4 (altstep a_neighbourDefault) has reached a break statement. Skipping current alt statement or receiving operation.
01:09:57.465911 security_services_its::process_ieee_1609_dot2_signed_data: generation time check 716425802463368 / 716425797465910, delta = 4997458.000000, comp = 0
01:09:57.467332 Message enqueued on geoNetworkingPort from system @LibItsGeoNetworking_TypesAndValues.GeoNetworkingInd : { msgIn := { basicHeader := { version := 1, nextHeader := e_securedPacket (2), reserved := 0, lifeTime := { multiplier := 6, ltBase := e_10s (2) }, routerHopLimit := 1 }, gnPacket := { packet := { commonHeader := { nextHeader := e_btpB (2), reserved := 0, headerTST := { tsbHdr := { headerType := e_topologicallyScopedBroadcast (5), headerSubType := e_singleHop (0) } }, trafficClass := { scf := e_scfDisabled (0), channelOffload := e_choffDisabled (0), tcId := 0 }, flags := '10000000'B, plLength := 30, maxHopLimit := 1, reserved2 := 0 }, extendedHeader := { shbHeader := { srcPosVector := { gnAddr := { typeOfAddress := e_initial (0), stationType := e_unknown (0), reserved := 0, mid := '020000000001'O }, timestamp_ := 3461231327, latitude := 520000000, longitude := 130000000, pai := '0'B, speed := 0, heading := 0 }, reserved := 0 } }, payload := '07D1000002020000002A0000005A946F600E612ED01FFFFFFC23B7743E80'O }, securedMsg := { protocolVersion := 3, content := { signedData := { hashId := sha256 (0), tbsData := { payload := { data := { protocolVersion := 3, content := { unsecuredData := '20500080001E01000000020000000001CE4E32DF1EFE920007BFA480000000000000000007D1000002020000002A0000005A946F600E612ED01FFFFFFC23B7743E80'O } }, extDataHash := omit, omitted := omit }, headerInfo := { psid := 36, generationTime := 716425802463368, expiryTime := omit, generationLocation := omit, p2pcdLearningRequest := omit, missingCrlIdentifier := omit, encryptionKey := omit, inlineP2pcdRequest := omit, requestedCertificate := omit, pduFunctionalType := omit, contributedExtensions := omit } }, signer := { certificate := { { version := 3, type_ := explicit (0), issuer := { sha256AndDigest := '35A61AC81BDD1513'O }, toBeSigned := { id := { none_ := NULL }, cracaId := '000000'O, crlSeries := 0, validityPeriod := { start_ := 716425702, duration := { hours := 24 } }, region := omit, assuranceLevel := omit, appPermissions := { { psid := 36, ssp := { bitmapSsp := '01FFFC'O } }, { psid := 37, ssp := { bitmapSsp := '01FFFFFF'O } }, { psid := 141, ssp := omit }, { psid := 638, ssp := { bitmapSsp := '01'O } } }, certIssuePermissions := omit, certRequestPermissions := omit, canRequestRollover := omit, encryptionKey := omit, verifyKeyIndicator := { verificationKey := { ecdsaNistP256 := { compressed_y_1 := '83B12AE657306336A4D0DD0A35AC6D53B1188E289837B0544503F9F70F21AA53'O } } }, flags := omit, appExtensions := omit, certIssueExtensions := omit, certRequestExtension := omit }, signature_ := { ecdsaNistP256Signature := { rSig := { x_only := '33401BAA05FCA06A6E0D82C6A5EE657C68E4B44DCB212D78C18758B2F84BB7D8'O }, sSig := 'B893C9EF5163FFBCED6AA52B7BF3C428BD62377718B2EFB8C9470D4129AF5A24'O } } } } }, signature_ := { ecdsaNistP256Signature := { rSig := { x_only := '932CB4DFC7503D36CC9CD47CB37458B2526D9DE05C6A563513E7E15B1115E2E2'O }, sSig := '327BA52B85EDDCC1F24038E4955CE28C150F76895579D506622A3AA7A1CB7615'O } } } } } } }, macDestinationAddress := 'FFFFFFFFFFFF'O, ssp := '000000011111111111111100'B, its_aid := 36 } id 3
01:09:57.467896 Receive operation on port geoNetworkingPort succeeded, message from system(): @LibItsGeoNetworking_TypesAndValues.GeoNetworkingInd: { msgIn := { basicHeader := { version := 1, nextHeader := e_securedPacket (2), reserved := 0, lifeTime := { multiplier := 6, ltBase := e_10s (2) }, routerHopLimit := 1 }, gnPacket := { packet := { commonHeader := { nextHeader := e_btpB (2), reserved := 0, headerTST := { tsbHdr := { headerType := e_topologicallyScopedBroadcast (5), headerSubType := e_singleHop (0) } }, trafficClass := { scf := e_scfDisabled (0), channelOffload := e_choffDisabled (0), tcId := 0 }, flags := '10000000'B, plLength := 30, maxHopLimit := 1, reserved2 := 0 }, extendedHeader := { shbHeader := { srcPosVector := { gnAddr := { typeOfAddress := e_initial (0), stationType := e_unknown (0), reserved := 0, mid := '020000000001'O }, timestamp_ := 3461231327, latitude := 520000000, longitude := 130000000, pai := '0'B, speed := 0, heading := 0 }, reserved := 0 } }, payload := '07D1000002020000002A0000005A946F600E612ED01FFFFFFC23B7743E80'O }, securedMsg := { protocolVersion := 3, content := { signedData := { hashId := sha256 (0), tbsData := { payload := { data := { protocolVersion := 3, content := { unsecuredData := '20500080001E01000000020000000001CE4E32DF1EFE920007BFA480000000000000000007D1000002020000002A0000005A946F600E612ED01FFFFFFC23B7743E80'O } }, extDataHash := omit, omitted := omit }, headerInfo := { psid := 36, generationTime := 716425802463368, expiryTime := omit, generationLocation := omit, p2pcdLearningRequest := omit, missingCrlIdentifier := omit, encryptionKey := omit, inlineP2pcdRequest := omit, requestedCertificate := omit, pduFunctionalType := omit, contributedExtensions := omit } }, signer := { certificate := { { version := 3, type_ := explicit (0), issuer := { sha256AndDigest := '35A61AC81BDD1513'O }, toBeSigned := { id := { none_ := NULL }, cracaId := '000000'O, crlSeries := 0, validityPeriod := { start_ := 716425702, duration := { hours := 24 } }, region := omit, assuranceLevel := omit, appPermissions := { { psid := 36, ssp := { bitmapSsp := '01FFFC'O } }, { psid := 37, ssp := { bitmapSsp := '01FFFFFF'O } }, { psid := 141, ssp := omit }, { psid := 638, ssp := { bitmapSsp := '01'O } } }, certIssuePermissions := omit, certRequestPermissions := omit, canRequestRollover := omit, encryptionKey := omit, verifyKeyIndicator := { verificationKey := { ecdsaNistP256 := { compressed_y_1 := '83B12AE657306336A4D0DD0A35AC6D53B1188E289837B0544503F9F70F21AA53'O } } }, flags := omit, appExtensions := omit, certIssueExtensions := omit, certRequestExtension := omit }, signature_ := { ecdsaNistP256Signature := { rSig := { x_only := '33401BAA05FCA06A6E0D82C6A5EE657C68E4B44DCB212D78C18758B2F84BB7D8'O }, sSig := 'B893C9EF5163FFBCED6AA52B7BF3C428BD62377718B2EFB8C9470D4129AF5A24'O } } } } }, signature_ := { ecdsaNistP256Signature := { rSig := { x_only := '932CB4DFC7503D36CC9CD47CB37458B2526D9DE05C6A563513E7E15B1115E2E2'O }, sSig := '327BA52B85EDDCC1F24038E4955CE28C150F76895579D506622A3AA7A1CB7615'O } } } } } } }, macDestinationAddress := 'FFFFFFFFFFFF'O, ssp := '000000011111111111111100'B, its_aid := 36 } id 3
01:09:57.467957 Message with id 3 was extracted from the queue of geoNetworkingPort.
01:09:57.467974 *** a_default: WARNING: Received an unexpected message ***
01:09:57.467985 Default with id 4 (altstep a_neighbourDefault) has reached a break statement. Skipping current alt statement or receiving operation.
01:09:57.768816 Timeout t: 0.5 s
01:09:57.768920 **** f_selfSync: Successfully passed PREAMBLE synchronization point. ****
01:09:57.768933 Start timer tc_ac: 30 s
01:09:58.467046 security_services_its::process_ieee_1609_dot2_signed_data: generation time check 716425803463388 / 716425798467044, delta = 4996344.000000, comp = 0
01:09:58.469033 Message enqueued on geoNetworkingPort from system @LibItsGeoNetworking_TypesAndValues.GeoNetworkingInd : { msgIn := { basicHeader := { version := 1, nextHeader := e_securedPacket (2), reserved := 0, lifeTime := { multiplier := 6, ltBase := e_10s (2) }, routerHopLimit := 1 }, gnPacket := { packet := { commonHeader := { nextHeader := e_btpB (2), reserved := 0, headerTST := { tsbHdr := { headerType := e_topologicallyScopedBroadcast (5), headerSubType := e_singleHop (0) } }, trafficClass := { scf := e_scfDisabled (0), channelOffload := e_choffDisabled (0), tcId := 0 }, flags := '10000000'B, plLength := 30, maxHopLimit := 1, reserved2 := 0 }, extendedHeader := { shbHeader := { srcPosVector := { gnAddr := { typeOfAddress := e_initial (0), stationType := e_unknown (0), reserved := 0, mid := '020000000001'O }, timestamp_ := 3461232327, latitude := 520000000, longitude := 130000000, pai := '0'B, speed := 0, heading := 0 }, reserved := 0 } }, payload := '07D1000002020000002A0000005A946F600E612ED01FFFFFFC23B7743E80'O }, securedMsg := { protocolVersion := 3, content := { signedData := { hashId := sha256 (0), tbsData := { payload := { data := { protocolVersion := 3, content := { unsecuredData := '20500080001E01000000020000000001CE4E36C71EFE920007BFA480000000000000000007D1000002020000002A0000005A946F600E612ED01FFFFFFC23B7743E80'O } }, extDataHash := omit, omitted := omit }, headerInfo := { psid := 36, generationTime := 716425803463388, expiryTime := omit, generationLocation := omit, p2pcdLearningRequest := omit, missingCrlIdentifier := omit, encryptionKey := omit, inlineP2pcdRequest := omit, requestedCertificate := omit, pduFunctionalType := omit, contributedExtensions := omit } }, signer := { certificate := { { version := 3, type_ := explicit (0), issuer := { sha256AndDigest := '35A61AC81BDD1513'O }, toBeSigned := { id := { none_ := NULL }, cracaId := '000000'O, crlSeries := 0, validityPeriod := { start_ := 716425702, duration := { hours := 24 } }, region := omit, assuranceLevel := omit, appPermissions := { { psid := 36, ssp := { bitmapSsp := '01FFFC'O } }, { psid := 37, ssp := { bitmapSsp := '01FFFFFF'O } }, { psid := 141, ssp := omit }, { psid := 638, ssp := { bitmapSsp := '01'O } } }, certIssuePermissions := omit, certRequestPermissions := omit, canRequestRollover := omit, encryptionKey := omit, verifyKeyIndicator := { verificationKey := { ecdsaNistP256 := { compressed_y_1 := '83B12AE657306336A4D0DD0A35AC6D53B1188E289837B0544503F9F70F21AA53'O } } }, flags := omit, appExtensions := omit, certIssueExtensions := omit, certRequestExtension := omit }, signature_ := { ecdsaNistP256Signature := { rSig := { x_only := '33401BAA05FCA06A6E0D82C6A5EE657C68E4B44DCB212D78C18758B2F84BB7D8'O }, sSig := 'B893C9EF5163FFBCED6AA52B7BF3C428BD62377718B2EFB8C9470D4129AF5A24'O } } } } }, signature_ := { ecdsaNistP256Signature := { rSig := { x_only := '6980B5AC627D4C1CD2B68FCA42F0E244659D89DF6D6B442EC730500BCDD15596'O }, sSig := 'E0AF8B0105E4E6E9E8A61C680644011B3AB5826105C3734221B13E90ED8FE2BF'O } } } } } } }, macDestinationAddress := 'FFFFFFFFFFFF'O, ssp := '000000011111111111111100'B, its_aid := 36 } id 4
01:09:58.469524 Receive operation on port geoNetworkingPort succeeded, message from system(): @LibItsGeoNetworking_TypesAndValues.GeoNetworkingInd : { msgIn := { basicHeader := { version := 1, nextHeader := e_securedPacket (2), reserved := 0, lifeTime := { multiplier := 6, ltBase := e_10s (2) }, routerHopLimit := 1 }, gnPacket := { packet := { commonHeader := { nextHeader := e_btpB (2), reserved := 0, headerTST := { tsbHdr := { headerType := e_topologicallyScopedBroadcast (5), headerSubType := e_singleHop (0) } }, trafficClass := { scf := e_scfDisabled (0), channelOffload := e_choffDisabled (0), tcId := 0 }, flags := '10000000'B, plLength := 30, maxHopLimit := 1, reserved2 := 0 }, extendedHeader := { shbHeader := { srcPosVector := { gnAddr := { typeOfAddress := e_initial (0), stationType := e_unknown (0), reserved := 0, mid := '020000000001'O }, timestamp_ := 3461232327, latitude := 520000000, longitude := 130000000, pai := '0'B, speed := 0, heading := 0 }, reserved := 0 } }, payload := '07D1000002020000002A0000005A946F600E612ED01FFFFFFC23B7743E80'O }, securedMsg := { protocolVersion := 3, content := { signedData := { hashId := sha256 (0), tbsData := { payload := { data := { protocolVersion := 3, content := { unsecuredData := '20500080001E01000000020000000001CE4E36C71EFE920007BFA480000000000000000007D1000002020000002A0000005A946F600E612ED01FFFFFFC23B7743E80'O } }, extDataHash := omit, omitted := omit }, headerInfo := { psid := 36, generationTime := 716425803463388, expiryTime := omit, generationLocation := omit, p2pcdLearningRequest := omit, missingCrlIdentifier := omit, encryptionKey := omit, inlineP2pcdRequest := omit, requestedCertificate := omit, pduFunctionalType := omit, contributedExtensions := omit } }, signer := { certificate := { { version := 3, type_ := explicit (0), issuer := { sha256AndDigest := '35A61AC81BDD1513'O }, toBeSigned := { id := { none_ := NULL }, cracaId := '000000'O, crlSeries := 0, validityPeriod := { start_ := 716425702, duration := { hours := 24 } }, region := omit, assuranceLevel := omit, appPermissions := { { psid := 36, ssp := { bitmapSsp := '01FFFC'O } }, { psid := 37, ssp := { bitmapSsp := '01FFFFFF'O } }, { psid := 141, ssp := omit }, { psid := 638, ssp := { bitmapSsp := '01'O } } }, certIssuePermissions := omit, certRequestPermissions := omit, canRequestRollover := omit, encryptionKey := omit, verifyKeyIndicator := { verificationKey := { ecdsaNistP256 := { compressed_y_1 := '83B12AE657306336A4D0DD0A35AC6D53B1188E289837B0544503F9F70F21AA53'O } } }, flags := omit, appExtensions := omit, certIssueExtensions := omit, certRequestExtension := omit }, signature_ := { ecdsaNistP256Signature := { rSig := { x_only := '33401BAA05FCA06A6E0D82C6A5EE657C68E4B44DCB212D78C18758B2F84BB7D8'O }, sSig := 'B893C9EF5163FFBCED6AA52B7BF3C428BD62377718B2EFB8C9470D4129AF5A24'O } } } } }, signature_ := { ecdsaNistP256Signature := { rSig := { x_only := '6980B5AC627D4C1CD2B68FCA42F0E244659D89DF6D6B442EC730500BCDD15596'O }, sSig := 'E0AF8B0105E4E6E9E8A61C680644011B3AB5826105C3734221B13E90ED8FE2BF'O } } } } } } }, macDestinationAddress := 'FFFFFFFFFFFF'O, ssp := '000000011111111111111100'B, its_aid := 36 } id 4
01:09:58.469671 Message with id 4 was extracted from the queue of geoNetworkingPort.
01:09:58.469720 Stop timer tc_ac: 30 s
01:09:58.469745 *** TC_SEC_ITSS_SND_CAM_02_BV: PASS: Correct secured packet received
01:09:58.469757 setverdict(pass): none -> pass
01:09:58.469916 **** f_selfSync: Successfully passed TEST BODY synchronization point. ****
01:09:58.469945 Sent on acPort to system @LibItsGeoNetworking_TypesAndValues.AcGnPrimitive : { stopBeaconing := { } }
01:09:58.469964 Default with id 4 (altstep a_neighbourDefault) was deactivated.
01:09:58.469996 Sent on acPort to system @LibItsCommon_TypesAndValues.AcSecPrimitive : { acDisableSecurity := { disable := true } }
01:09:58.470009 Message enqueued on acPort from system @LibItsCommon_TypesAndValues.AdapterControlResults : { acSecResponse := true } id 2
01:09:58.470021 Start timer tc_ac: 30 s
01:09:58.470042 Receive operation on port acPort succeeded, message from system(): @LibItsCommon_TypesAndValues.AdapterControlResults : { acSecResponse := true } id 2
01:09:58.470054 Message with id 2 was extracted from the queue of acPort.
01:09:58.470062 Stop timer tc_ac: 30 s
01:09:58.470075 Unmapping port mtc:acPort from system:acPort.
01:09:58.471093 Port acPort was unmapped from system:acPort.
01:09:58.471609 Unmap operation of mtc:acPort from system:acPort finished.
01:09:58.471709 Unmapping port mtc:utPort from system:utPort.
01:09:58.472335 Port utPort was unmapped from system:utPort.
01:09:58.473025 Unmap operation of mtc:utPort from system:utPort finished.
01:09:58.473153 Unmapping port mtc:geoNetworkingPort from system:geoNetworkingPort.
01:09:58.473500 Port geoNetworkingPort was unmapped from system:geoNetworkingPort.
01:09:58.474554 Unmap operation of mtc:geoNetworkingPort from system:geoNetworkingPort finished.
01:09:58.474690 Disconnecting ports mtc:syncSendPort and mtc:syncPort.
01:09:58.475094 Port syncSendPort has terminated the connection with local port syncPort.
01:09:58.475185 Port syncPort has terminated the connection with local port syncSendPort.
01:09:58.475416 Disconnect operation on mtc:syncSendPort and mtc:syncPort finished.
01:09:58.475446 Terminating component type LibItsGeoNetworking_TestSystem.ItsGeoNetworking.
01:09:58.475464 Default with id 1 (altstep a_cf01Down) was deactivated.
01:09:58.475479 Default with id 2 (altstep a_default) was deactivated.
01:09:58.475487 Default with id 3 (altstep a_utDefault) was deactivated.
01:09:58.475497 Port syncSendPort was stopped.
01:09:58.475512 Port syncPort was stopped.
01:09:58.475522 Port utPort was stopped.
01:09:58.475532 Port acPort was stopped.
01:09:58.475539 Port geoNetworkingPort was stopped.
01:09:58.475548 Component type LibItsGeoNetworking_TestSystem.ItsGeoNetworking was shut down inside testcase TC_SEC_ITSS_SND_CAM_02_BV.
01:09:58.475562 Waiting for PTCs to finish.
01:09:58.476478 Setting final verdict of the test case.
01:09:58.476677 Local verdict of MTC: pass
01:09:58.476714 No PTCs were created.
01:09:58.476734 Test case TC_SEC_ITSS_SND_CAM_02_BV finished. Verdict: pass
01:09:58.476936 Executing test case TC_SEC_ITSS_SND_CAM_03_BV in module ItsSecurity_TestCases.
01:09:58.477246 Test case TC_SEC_ITSS_SND_CAM_03_BV started.
01:09:58.477298 Initializing variables, timers and ports of component type LibItsGeoNetworking_TestSystem.ItsGeoNetworking inside testcase TC_SEC_ITSS_SND_CAM_03_BV.
01:09:58.477455 Port syncSendPort was started.
01:09:58.477485 Port syncPort was started.
01:09:58.477500 Port utPort was started.
01:09:58.477510 Port acPort was started.
01:09:58.477521 Port geoNetworkingPort was started.
01:09:58.477533 Component type LibItsGeoNetworking_TestSystem.ItsGeoNetworking was initialized.
01:09:58.477558 Mapping port mtc:acPort to system:acPort.
01:09:58.477950 Port acPort was mapped to system:acPort.
01:09:58.478447 Map operation of mtc:acPort to system:acPort finished.
01:09:58.478531 Mapping port mtc:utPort to system:utPort.
01:09:58.479534 Port utPort was mapped to system:utPort.
01:09:58.480616 Map operation of mtc:utPort to system:utPort finished.
01:09:58.480758 Mapping port mtc:geoNetworkingPort to system:geoNetworkingPort.
01:09:58.481661 security_services_its::setup: Already done
01:09:58.482025 Port geoNetworkingPort was mapped to system:geoNetworkingPort.
01:09:58.482850 Map operation of mtc:geoNetworkingPort to system:geoNetworkingPort finished.
01:09:58.484316 Connecting ports mtc:syncSendPort and mtc:syncPort.
01:09:58.487099 Port syncPort has established the connection with local port syncSendPort.
01:09:58.487382 Port syncSendPort has established the connection with local port syncPort.
01:09:58.488035 Connect operation on mtc:syncSendPort and mtc:syncPort finished.
01:09:58.488123 Altstep a_cf01Down was activated as default, id 1
01:09:58.488181 security_services_its::setup: Already done
01:09:58.488509 Selected issuer: '409716B75CED98AC'O
01:09:58.488848 Sent on utPort to system @LibItsGeoNetworking_TypesAndValues.UtGnInitialize : { hashedId8 := '881211CED3FBEF3E'O }
01:09:58.490649 Message enqueued on utPort from system @LibItsGeoNetworking_TypesAndValues.UtGnResults : { utGnInitializeResult := true } id 1
01:09:58.490770 Start timer tc_wait: 120 s
01:09:58.490813 Receive operation on port utPort succeeded, message from system(): @LibItsGeoNetworking_TypesAndValues.UtGnResults : { utGnInitializeResult := true } id 1
01:09:58.490829 Message with id 1 was extracted from the queue of utPort.
01:09:58.490839 Stop timer tc_wait: 120 s
01:09:58.490847 *** f_utInitializeIut: INFO: IUT initialized ***
01:09:58.490859 Start timer t: 1 s
01:09:58.586425 security_services_its::process_ieee_1609_dot2_signed_data: generation time check 716425803582256 / 716425798586420, delta = 4995836.000000, comp = 0
01:09:58.588595 Message enqueued on geoNetworkingPort from system @LibItsGeoNetworking_TypesAndValues.GeoNetworkingInd : { msgIn := { basicHeader := { version := 1, nextHeader := e_securedPacket (2), reserved := 0, lifeTime := { multiplier := 6, ltBase := e_10s (2) }, routerHopLimit := 1 }, gnPacket := { packet := { commonHeader := { nextHeader := e_btpB (2), reserved := 0, headerTST := { tsbHdr := { headerType := e_topologicallyScopedBroadcast (5), headerSubType := e_singleHop (0) } }, trafficClass := { scf := e_scfDisabled (0), channelOffload := e_choffDisabled (0), tcId := 0 }, flags := '10000000'B, plLength := 30, maxHopLimit := 1, reserved2 := 0 }, extendedHeader := { shbHeader := { srcPosVector := { gnAddr := { typeOfAddress := e_initial (0), stationType := e_unknown (0), reserved := 0, mid := '020000000001'O }, timestamp_ := 3461232446, latitude := 520000000, longitude := 130000000, pai := '0'B, speed := 0, heading := 0 }, reserved := 0 } }, payload := '07D1000002020000002A0000005A946F600E612ED01FFFFFFC23B7743E80'O }, securedMsg := { protocolVersion := 3, content := { signedData := { hashId := sha256 (0), tbsData := { payload := { data := { protocolVersion := 3, content := { unsecuredData := '20500080001E01000000020000000001CE4E373E1EFE920007BFA480000000000000000007D1000002020000002A0000005A946F600E612ED01FFFFFFC23B7743E80'O } }, extDataHash := omit, omitted := omit }, headerInfo := { psid := 36, generationTime := 716425803582256, expiryTime := omit, generationLocation := omit, p2pcdLearningRequest := omit, missingCrlIdentifier := omit, encryptionKey := omit, inlineP2pcdRequest := omit, requestedCertificate := omit, pduFunctionalType := omit, contributedExtensions := omit } }, signer := { certificate := { { version := 3, type_ := explicit (0), issuer := { sha256AndDigest := '35A61AC81BDD1513'O }, toBeSigned := { id := { none_ := NULL }, cracaId := '000000'O, crlSeries := 0, validityPeriod := { start_ := 716425702, duration := { hours := 24 } }, region := omit, assuranceLevel := omit, appPermissions := { { psid := 36, ssp := { bitmapSsp := '01FFFC'O } }, { psid := 37, ssp := { bitmapSsp := '01FFFFFF'O } }, { psid := 141, ssp := omit }, { psid := 638, ssp := { bitmapSsp := '01'O } } }, certIssuePermissions := omit, certRequestPermissions := omit, canRequestRollover := omit, encryptionKey := omit, verifyKeyIndicator := { verificationKey := { ecdsaNistP256 := { compressed_y_1 := '83B12AE657306336A4D0DD0A35AC6D53B1188E289837B0544503F9F70F21AA53'O } } }, flags := omit, appExtensions := omit, certIssueExtensions := omit, certRequestExtension := omit }, signature_ := { ecdsaNistP256Signature := { rSig := { x_only := '33401BAA05FCA06A6E0D82C6A5EE657C68E4B44DCB212D78C18758B2F84BB7D8'O }, sSig := 'B893C9EF5163FFBCED6AA52B7BF3C428BD62377718B2EFB8C9470D4129AF5A24'O } } } } }, signature_ := { ecdsaNistP256Signature := { rSig := { x_only := '09E699ADDD1F4EA2152D3A602D651E2A56D89AF8D492B7D4D8C460DF879CEB17'O }, sSig := '6ECF1A101E6D28206FA78B51555960D89D32880D606DD608D1732488F69AF086'O } } } } } } }, macDestinationAddress := 'FFFFFFFFFFFF'O, ssp := '000000011111111111111100'B, its_aid := 36 } id 1
01:09:59.490872 Timeout t: 1 s
01:09:59.490989 Sent on acPort to system @LibItsGeoNetworking_TypesAndValues.AcGnPrimitive : { getLongPosVector := { gnAddress := { typeOfAddress := e_initial (0), stationType := e_unknown (0), reserved := 0, mid := '020000000001'O } } }
01:09:59.491012 Message enqueued on acPort from system @LibItsGeoNetworking_TypesAndValues.AcGnResponse : { getLongPosVector := { gnAddr := { typeOfAddress := e_initial (0), stationType := e_unknown (0), reserved := 0, mid := '020000000001'O }, timestamp_ := 0, latitude := 520000000, longitude := 130000000, pai := '0'B, speed := 0, heading := 0 } } id 1
01:09:59.491023 Start timer tc_ac: 30 s
01:09:59.491050 Receive operation on port acPort succeeded, message from system(): @LibItsGeoNetworking_TypesAndValues.AcGnResponse : { getLongPosVector := { gnAddr := { typeOfAddress := e_initial (0), stationType := e_unknown (0), reserved := 0, mid := '020000000001'O }, timestamp_ := 0, latitude := 520000000, longitude := 130000000, pai := '0'B, speed := 0, heading := 0 } } id 1
01:09:59.491057 Message with id 1 was extracted from the queue of acPort.
01:09:59.491075 Stop timer tc_ac: 30 s
01:09:59.491143 Altstep a_default was activated as default, id 2
01:09:59.491151 Altstep a_utDefault was activated as default, id 3
01:09:59.491154 Altstep a_neighbourDefault was activated as default, id 4
01:09:59.491263 Sent on acPort to system @LibItsGeoNetworking_TypesAndValues.AcGnPrimitive : { startBeaconing := { beaconPacket := { basicHeader := { version := 1, nextHeader := e_commonHeader (1), reserved := 0, lifeTime := { multiplier := 10, ltBase := e_100s (3) }, routerHopLimit := 1 }, gnPacket := { packet := { commonHeader := { nextHeader := e_any (0), reserved := 0, headerTST := { beaconHdr := { headerType := e_beacon (1), headerSubType := 0 } }, trafficClass := { scf := e_scfEnabled (1), channelOffload := e_choffDisabled (0), tcId := 0 }, flags := '00000000'B, plLength := 0, maxHopLimit := 1, reserved2 := 0 }, extendedHeader := { beaconHeader := { srcPosVector := { gnAddr := { typeOfAddress := e_manual (1), stationType := e_passengerCar (5), reserved := 0, mid := '00000000000B'O }, timestamp_ := 3461227355, latitude := 520020000, longitude := 130000000, pai := '1'B, speed := 0, heading := 0 } } }, payload := omit }, securedMsg := omit } } } }
01:09:59.491533 Start timer t: 1 s
01:09:59.682829 security_services_its::process_ieee_1609_dot2_signed_data: generation time check 716425804681998 / 716425799682828, delta = 4999170.000000, comp = 0
01:09:59.683277 Message enqueued on geoNetworkingPort from system @LibItsGeoNetworking_TypesAndValues.GeoNetworkingInd : { msgIn := { basicHeader := { version := 1, nextHeader := e_securedPacket (2), reserved := 0, lifeTime := { multiplier := 6, ltBase := e_10s (2) }, routerHopLimit := 1 }, gnPacket := { packet := { commonHeader := { nextHeader := e_btpB (2), reserved := 0, headerTST := { tsbHdr := { headerType := e_topologicallyScopedBroadcast (5), headerSubType := e_singleHop (0) } }, trafficClass := { scf := e_scfDisabled (0), channelOffload := e_choffDisabled (0), tcId := 0 }, flags := '10000000'B, plLength := 30, maxHopLimit := 1, reserved2 := 0 }, extendedHeader := { shbHeader := { srcPosVector := { gnAddr := { typeOfAddress := e_initial (0), stationType := e_unknown (0), reserved := 0, mid := '020000000001'O }, timestamp_ := 3461233545, latitude := 520000000, longitude := 130000000, pai := '0'B, speed := 0, heading := 0 }, reserved := 0 } }, payload := '07D1000002020000002A0000005A946F600E612ED01FFFFFFC23B7743E80'O }, securedMsg := { protocolVersion := 3, content := { signedData := { hashId := sha256 (0), tbsData := { payload := { data := { protocolVersion := 3, content := { unsecuredData := '20500080001E01000000020000000001CE4E3B891EFE920007BFA480000000000000000007D1000002020000002A0000005A946F600E612ED01FFFFFFC23B7743E80'O } }, extDataHash := omit, omitted := omit }, headerInfo := { psid := 36, generationTime := 716425804681998, expiryTime := omit, generationLocation := omit, p2pcdLearningRequest := omit, missingCrlIdentifier := omit, encryptionKey := omit, inlineP2pcdRequest := omit, requestedCertificate := omit, pduFunctionalType := omit, contributedExtensions := omit } }, signer := { certificate := { { version := 3, type_ := explicit (0), issuer := { sha256AndDigest := '35A61AC81BDD1513'O }, toBeSigned := { id := { none_ := NULL }, cracaId := '000000'O, crlSeries := 0, validityPeriod := { start_ := 716425702, duration := { hours := 24 } }, region := omit, assuranceLevel := omit, appPermissions := { { psid := 36, ssp := { bitmapSsp := '01FFFC'O } }, { psid := 37, ssp := { bitmapSsp := '01FFFFFF'O } }, { psid := 141, ssp := omit }, { psid := 638, ssp := { bitmapSsp := '01'O } } }, certIssuePermissions := omit, certRequestPermissions := omit, canRequestRollover := omit, encryptionKey := omit, verifyKeyIndicator := { verificationKey := { ecdsaNistP256 := { compressed_y_1 := '83B12AE657306336A4D0DD0A35AC6D53B1188E289837B0544503F9F70F21AA53'O } } }, flags := omit, appExtensions := omit, certIssueExtensions := omit, certRequestExtension := omit }, signature_ := { ecdsaNistP256Signature := { rSig := { x_only := '33401BAA05FCA06A6E0D82C6A5EE657C68E4B44DCB212D78C18758B2F84BB7D8'O }, sSig := 'B893C9EF5163FFBCED6AA52B7BF3C428BD62377718B2EFB8C9470D4129AF5A24'O } } } } }, signature_ := { ecdsaNistP256Signature := { rSig := { x_only := '3C8E19CF6AD0C12037D08D63652B8525648EA07062FA57B212E47032E6F953A9'O }, sSig := '0A0DBE049A09B2F3065BE2B8BCFA5239591484953D27627F688493F5AF84BABF'O } } } } } } }, macDestinationAddress := 'FFFFFFFFFFFF'O, ssp := '000000011111111111111100'B, its_aid := 36 } id 2
01:10:00.491555 Timeout t: 1 s
01:10:00.491631 Start timer t: 0.5 s
01:10:00.491876 Receive operation on port geoNetworkingPort succeeded, message from system(): @LibItsGeoNetworking_TypesAndValues.GeoNetworkingInd: { msgIn := { basicHeader := { version := 1, nextHeader := e_securedPacket (2), reserved := 0, lifeTime := { multiplier := 6, ltBase := e_10s (2) }, routerHopLimit := 1 }, gnPacket := { packet := { commonHeader := { nextHeader := e_btpB (2), reserved := 0, headerTST := { tsbHdr := { headerType := e_topologicallyScopedBroadcast (5), headerSubType := e_singleHop (0) } }, trafficClass := { scf := e_scfDisabled (0), channelOffload := e_choffDisabled (0), tcId := 0 }, flags := '10000000'B, plLength := 30, maxHopLimit := 1, reserved2 := 0 }, extendedHeader := { shbHeader := { srcPosVector := { gnAddr := { typeOfAddress := e_initial (0), stationType := e_unknown (0), reserved := 0, mid := '020000000001'O }, timestamp_ := 3461232446, latitude := 520000000, longitude := 130000000, pai := '0'B, speed := 0, heading := 0 }, reserved := 0 } }, payload := '07D1000002020000002A0000005A946F600E612ED01FFFFFFC23B7743E80'O }, securedMsg := { protocolVersion := 3, content := { signedData := { hashId := sha256 (0), tbsData := { payload := { data := { protocolVersion := 3, content := { unsecuredData := '20500080001E01000000020000000001CE4E373E1EFE920007BFA480000000000000000007D1000002020000002A0000005A946F600E612ED01FFFFFFC23B7743E80'O } }, extDataHash := omit, omitted := omit }, headerInfo := { psid := 36, generationTime := 716425803582256, expiryTime := omit, generationLocation := omit, p2pcdLearningRequest := omit, missingCrlIdentifier := omit, encryptionKey := omit, inlineP2pcdRequest := omit, requestedCertificate := omit, pduFunctionalType := omit, contributedExtensions := omit } }, signer := { certificate := { { version := 3, type_ := explicit (0), issuer := { sha256AndDigest := '35A61AC81BDD1513'O }, toBeSigned := { id := { none_ := NULL }, cracaId := '000000'O, crlSeries := 0, validityPeriod := { start_ := 716425702, duration := { hours := 24 } }, region := omit, assuranceLevel := omit, appPermissions := { { psid := 36, ssp := { bitmapSsp := '01FFFC'O } }, { psid := 37, ssp := { bitmapSsp := '01FFFFFF'O } }, { psid := 141, ssp := omit }, { psid := 638, ssp := { bitmapSsp := '01'O } } }, certIssuePermissions := omit, certRequestPermissions := omit, canRequestRollover := omit, encryptionKey := omit, verifyKeyIndicator := { verificationKey := { ecdsaNistP256 := { compressed_y_1 := '83B12AE657306336A4D0DD0A35AC6D53B1188E289837B0544503F9F70F21AA53'O } } }, flags := omit, appExtensions := omit, certIssueExtensions := omit, certRequestExtension := omit }, signature_ := { ecdsaNistP256Signature := { rSig := { x_only := '33401BAA05FCA06A6E0D82C6A5EE657C68E4B44DCB212D78C18758B2F84BB7D8'O }, sSig := 'B893C9EF5163FFBCED6AA52B7BF3C428BD62377718B2EFB8C9470D4129AF5A24'O } } } } }, signature_ := { ecdsaNistP256Signature := { rSig := { x_only := '09E699ADDD1F4EA2152D3A602D651E2A56D89AF8D492B7D4D8C460DF879CEB17'O }, sSig := '6ECF1A101E6D28206FA78B51555960D89D32880D606DD608D1732488F69AF086'O } } } } } } }, macDestinationAddress := 'FFFFFFFFFFFF'O, ssp := '000000011111111111111100'B, its_aid := 36 } id 1
01:10:00.491913 Message with id 1 was extracted from the queue of geoNetworkingPort.
01:10:00.491921 *** a_default: WARNING: Received an unexpected message ***
01:10:00.491926 Default with id 4 (altstep a_neighbourDefault) has reached a break statement. Skipping current alt statement or receiving operation.
01:10:00.492061 Receive operation on port geoNetworkingPort succeeded, message from system(): @LibItsGeoNetworking_TypesAndValues.GeoNetworkingInd: { msgIn := { basicHeader := { version := 1, nextHeader := e_securedPacket (2), reserved := 0, lifeTime := { multiplier := 6, ltBase := e_10s (2) }, routerHopLimit := 1 }, gnPacket := { packet := { commonHeader := { nextHeader := e_btpB (2), reserved := 0, headerTST := { tsbHdr := { headerType := e_topologicallyScopedBroadcast (5), headerSubType := e_singleHop (0) } }, trafficClass := { scf := e_scfDisabled (0), channelOffload := e_choffDisabled (0), tcId := 0 }, flags := '10000000'B, plLength := 30, maxHopLimit := 1, reserved2 := 0 }, extendedHeader := { shbHeader := { srcPosVector := { gnAddr := { typeOfAddress := e_initial (0), stationType := e_unknown (0), reserved := 0, mid := '020000000001'O }, timestamp_ := 3461233545, latitude := 520000000, longitude := 130000000, pai := '0'B, speed := 0, heading := 0 }, reserved := 0 } }, payload := '07D1000002020000002A0000005A946F600E612ED01FFFFFFC23B7743E80'O }, securedMsg := { protocolVersion := 3, content := { signedData := { hashId := sha256 (0), tbsData := { payload := { data := { protocolVersion := 3, content := { unsecuredData := '20500080001E01000000020000000001CE4E3B891EFE920007BFA480000000000000000007D1000002020000002A0000005A946F600E612ED01FFFFFFC23B7743E80'O } }, extDataHash := omit, omitted := omit }, headerInfo := { psid := 36, generationTime := 716425804681998, expiryTime := omit, generationLocation := omit, p2pcdLearningRequest := omit, missingCrlIdentifier := omit, encryptionKey := omit, inlineP2pcdRequest := omit, requestedCertificate := omit, pduFunctionalType := omit, contributedExtensions := omit } }, signer := { certificate := { { version := 3, type_ := explicit (0), issuer := { sha256AndDigest := '35A61AC81BDD1513'O }, toBeSigned := { id := { none_ := NULL }, cracaId := '000000'O, crlSeries := 0, validityPeriod := { start_ := 716425702, duration := { hours := 24 } }, region := omit, assuranceLevel := omit, appPermissions := { { psid := 36, ssp := { bitmapSsp := '01FFFC'O } }, { psid := 37, ssp := { bitmapSsp := '01FFFFFF'O } }, { psid := 141, ssp := omit }, { psid := 638, ssp := { bitmapSsp := '01'O } } }, certIssuePermissions := omit, certRequestPermissions := omit, canRequestRollover := omit, encryptionKey := omit, verifyKeyIndicator := { verificationKey := { ecdsaNistP256 := { compressed_y_1 := '83B12AE657306336A4D0DD0A35AC6D53B1188E289837B0544503F9F70F21AA53'O } } }, flags := omit, appExtensions := omit, certIssueExtensions := omit, certRequestExtension := omit }, signature_ := { ecdsaNistP256Signature := { rSig := { x_only := '33401BAA05FCA06A6E0D82C6A5EE657C68E4B44DCB212D78C18758B2F84BB7D8'O }, sSig := 'B893C9EF5163FFBCED6AA52B7BF3C428BD62377718B2EFB8C9470D4129AF5A24'O } } } } }, signature_ := { ecdsaNistP256Signature := { rSig := { x_only := '3C8E19CF6AD0C12037D08D63652B8525648EA07062FA57B212E47032E6F953A9'O }, sSig := '0A0DBE049A09B2F3065BE2B8BCFA5239591484953D27627F688493F5AF84BABF'O } } } } } } }, macDestinationAddress := 'FFFFFFFFFFFF'O, ssp := '000000011111111111111100'B, its_aid := 36 } id 2
01:10:00.492097 Message with id 2 was extracted from the queue of geoNetworkingPort.
01:10:00.492102 *** a_default: WARNING: Received an unexpected message ***
01:10:00.492105 Default with id 4 (altstep a_neighbourDefault) has reached a break statement. Skipping current alt statement or receiving operation.
01:10:00.683436 security_services_its::process_ieee_1609_dot2_signed_data: generation time check 716425805682158 / 716425800683435, delta = 4998723.000000, comp = 0
01:10:00.684053 Message enqueued on geoNetworkingPort from system @LibItsGeoNetworking_TypesAndValues.GeoNetworkingInd : { msgIn := { basicHeader := { version := 1, nextHeader := e_securedPacket (2), reserved := 0, lifeTime := { multiplier := 6, ltBase := e_10s (2) }, routerHopLimit := 1 }, gnPacket := { packet := { commonHeader := { nextHeader := e_btpB (2), reserved := 0, headerTST := { tsbHdr := { headerType := e_topologicallyScopedBroadcast (5), headerSubType := e_singleHop (0) } }, trafficClass := { scf := e_scfDisabled (0), channelOffload := e_choffDisabled (0), tcId := 0 }, flags := '10000000'B, plLength := 30, maxHopLimit := 1, reserved2 := 0 }, extendedHeader := { shbHeader := { srcPosVector := { gnAddr := { typeOfAddress := e_initial (0), stationType := e_unknown (0), reserved := 0, mid := '020000000001'O }, timestamp_ := 3461234546, latitude := 520000000, longitude := 130000000, pai := '0'B, speed := 0, heading := 0 }, reserved := 0 } }, payload := '07D1000002020000002A0000005A946F600E612ED01FFFFFFC23B7743E80'O }, securedMsg := { protocolVersion := 3, content := { signedData := { hashId := sha256 (0), tbsData := { payload := { data := { protocolVersion := 3, content := { unsecuredData := '20500080001E01000000020000000001CE4E3F721EFE920007BFA480000000000000000007D1000002020000002A0000005A946F600E612ED01FFFFFFC23B7743E80'O } }, extDataHash := omit, omitted := omit }, headerInfo := { psid := 36, generationTime := 716425805682158, expiryTime := omit, generationLocation := omit, p2pcdLearningRequest := omit, missingCrlIdentifier := omit, encryptionKey := omit, inlineP2pcdRequest := omit, requestedCertificate := omit, pduFunctionalType := omit, contributedExtensions := omit } }, signer := { certificate := { { version := 3, type_ := explicit (0), issuer := { sha256AndDigest := '35A61AC81BDD1513'O }, toBeSigned := { id := { none_ := NULL }, cracaId := '000000'O, crlSeries := 0, validityPeriod := { start_ := 716425702, duration := { hours := 24 } }, region := omit, assuranceLevel := omit, appPermissions := { { psid := 36, ssp := { bitmapSsp := '01FFFC'O } }, { psid := 37, ssp := { bitmapSsp := '01FFFFFF'O } }, { psid := 141, ssp := omit }, { psid := 638, ssp := { bitmapSsp := '01'O } } }, certIssuePermissions := omit, certRequestPermissions := omit, canRequestRollover := omit, encryptionKey := omit, verifyKeyIndicator := { verificationKey := { ecdsaNistP256 := { compressed_y_1 := '83B12AE657306336A4D0DD0A35AC6D53B1188E289837B0544503F9F70F21AA53'O } } }, flags := omit, appExtensions := omit, certIssueExtensions := omit, certRequestExtension := omit }, signature_ := { ecdsaNistP256Signature := { rSig := { x_only := '33401BAA05FCA06A6E0D82C6A5EE657C68E4B44DCB212D78C18758B2F84BB7D8'O }, sSig := 'B893C9EF5163FFBCED6AA52B7BF3C428BD62377718B2EFB8C9470D4129AF5A24'O } } } } }, signature_ := { ecdsaNistP256Signature := { rSig := { x_only := '2A6EBC12FA1E9A85112374C15EF5050F754A13925EC954089BBDDE38E6060044'O }, sSig := '7AA368F73941009565C6718B991B2C1679BC308467962FE13FDECF631140C29D'O } } } } } } }, macDestinationAddress := 'FFFFFFFFFFFF'O, ssp := '000000011111111111111100'B, its_aid := 36 } id 3
01:10:00.684262 Receive operation on port geoNetworkingPort succeeded, message from system(): @LibItsGeoNetworking_TypesAndValues.GeoNetworkingInd: { msgIn := { basicHeader := { version := 1, nextHeader := e_securedPacket (2), reserved := 0, lifeTime := { multiplier := 6, ltBase := e_10s (2) }, routerHopLimit := 1 }, gnPacket := { packet := { commonHeader := { nextHeader := e_btpB (2), reserved := 0, headerTST := { tsbHdr := { headerType := e_topologicallyScopedBroadcast (5), headerSubType := e_singleHop (0) } }, trafficClass := { scf := e_scfDisabled (0), channelOffload := e_choffDisabled (0), tcId := 0 }, flags := '10000000'B, plLength := 30, maxHopLimit := 1, reserved2 := 0 }, extendedHeader := { shbHeader := { srcPosVector := { gnAddr := { typeOfAddress := e_initial (0), stationType := e_unknown (0), reserved := 0, mid := '020000000001'O }, timestamp_ := 3461234546, latitude := 520000000, longitude := 130000000, pai := '0'B, speed := 0, heading := 0 }, reserved := 0 } }, payload := '07D1000002020000002A0000005A946F600E612ED01FFFFFFC23B7743E80'O }, securedMsg := { protocolVersion := 3, content := { signedData := { hashId := sha256 (0), tbsData := { payload := { data := { protocolVersion := 3, content := { unsecuredData := '20500080001E01000000020000000001CE4E3F721EFE920007BFA480000000000000000007D1000002020000002A0000005A946F600E612ED01FFFFFFC23B7743E80'O } }, extDataHash := omit, omitted := omit }, headerInfo := { psid := 36, generationTime := 716425805682158, expiryTime := omit, generationLocation := omit, p2pcdLearningRequest := omit, missingCrlIdentifier := omit, encryptionKey := omit, inlineP2pcdRequest := omit, requestedCertificate := omit, pduFunctionalType := omit, contributedExtensions := omit } }, signer := { certificate := { { version := 3, type_ := explicit (0), issuer := { sha256AndDigest := '35A61AC81BDD1513'O }, toBeSigned := { id := { none_ := NULL }, cracaId := '000000'O, crlSeries := 0, validityPeriod := { start_ := 716425702, duration := { hours := 24 } }, region := omit, assuranceLevel := omit, appPermissions := { { psid := 36, ssp := { bitmapSsp := '01FFFC'O } }, { psid := 37, ssp := { bitmapSsp := '01FFFFFF'O } }, { psid := 141, ssp := omit }, { psid := 638, ssp := { bitmapSsp := '01'O } } }, certIssuePermissions := omit, certRequestPermissions := omit, canRequestRollover := omit, encryptionKey := omit, verifyKeyIndicator := { verificationKey := { ecdsaNistP256 := { compressed_y_1 := '83B12AE657306336A4D0DD0A35AC6D53B1188E289837B0544503F9F70F21AA53'O } } }, flags := omit, appExtensions := omit, certIssueExtensions := omit, certRequestExtension := omit }, signature_ := { ecdsaNistP256Signature := { rSig := { x_only := '33401BAA05FCA06A6E0D82C6A5EE657C68E4B44DCB212D78C18758B2F84BB7D8'O }, sSig := 'B893C9EF5163FFBCED6AA52B7BF3C428BD62377718B2EFB8C9470D4129AF5A24'O } } } } }, signature_ := { ecdsaNistP256Signature := { rSig := { x_only := '2A6EBC12FA1E9A85112374C15EF5050F754A13925EC954089BBDDE38E6060044'O }, sSig := '7AA368F73941009565C6718B991B2C1679BC308467962FE13FDECF631140C29D'O } } } } } } }, macDestinationAddress := 'FFFFFFFFFFFF'O, ssp := '000000011111111111111100'B, its_aid := 36 } id 3
01:10:00.684301 Message with id 3 was extracted from the queue of geoNetworkingPort.
01:10:00.684308 *** a_default: WARNING: Received an unexpected message ***
01:10:00.684313 Default with id 4 (altstep a_neighbourDefault) has reached a break statement. Skipping current alt statement or receiving operation.
01:10:00.991646 Timeout t: 0.5 s
01:10:00.991764 **** f_selfSync: Successfully passed PREAMBLE synchronization point. ****
01:10:00.991775 Start timer tc_ac: 30 s
01:10:01.683657 security_services_its::process_ieee_1609_dot2_signed_data: generation time check 716425806682309 / 716425801683656, delta = 4998653.000000, comp = 0
01:10:01.684358 Message enqueued on geoNetworkingPort from system @LibItsGeoNetworking_TypesAndValues.GeoNetworkingInd : { msgIn := { basicHeader := { version := 1, nextHeader := e_securedPacket (2), reserved := 0, lifeTime := { multiplier := 6, ltBase := e_10s (2) }, routerHopLimit := 1 }, gnPacket := { packet := { commonHeader := { nextHeader := e_btpB (2), reserved := 0, headerTST := { tsbHdr := { headerType := e_topologicallyScopedBroadcast (5), headerSubType := e_singleHop (0) } }, trafficClass := { scf := e_scfDisabled (0), channelOffload := e_choffDisabled (0), tcId := 0 }, flags := '10000000'B, plLength := 30, maxHopLimit := 1, reserved2 := 0 }, extendedHeader := { shbHeader := { srcPosVector := { gnAddr := { typeOfAddress := e_initial (0), stationType := e_unknown (0), reserved := 0, mid := '020000000001'O }, timestamp_ := 3461235546, latitude := 520000000, longitude := 130000000, pai := '0'B, speed := 0, heading := 0 }, reserved := 0 } }, payload := '07D1000002020000002A0000005A946F600E612ED01FFFFFFC23B7743E80'O }, securedMsg := { protocolVersion := 3, content := { signedData := { hashId := sha256 (0), tbsData := { payload := { data := { protocolVersion := 3, content := { unsecuredData := '20500080001E01000000020000000001CE4E435A1EFE920007BFA480000000000000000007D1000002020000002A0000005A946F600E612ED01FFFFFFC23B7743E80'O } }, extDataHash := omit, omitted := omit }, headerInfo := { psid := 36, generationTime := 716425806682309, expiryTime := omit, generationLocation := omit, p2pcdLearningRequest := omit, missingCrlIdentifier := omit, encryptionKey := omit, inlineP2pcdRequest := omit, requestedCertificate := omit, pduFunctionalType := omit, contributedExtensions := omit } }, signer := { certificate := { { version := 3, type_ := explicit (0), issuer := { sha256AndDigest := '35A61AC81BDD1513'O }, toBeSigned := { id := { none_ := NULL }, cracaId := '000000'O, crlSeries := 0, validityPeriod := { start_ := 716425702, duration := { hours := 24 } }, region := omit, assuranceLevel := omit, appPermissions := { { psid := 36, ssp := { bitmapSsp := '01FFFC'O } }, { psid := 37, ssp := { bitmapSsp := '01FFFFFF'O } }, { psid := 141, ssp := omit }, { psid := 638, ssp := { bitmapSsp := '01'O } } }, certIssuePermissions := omit, certRequestPermissions := omit, canRequestRollover := omit, encryptionKey := omit, verifyKeyIndicator := { verificationKey := { ecdsaNistP256 := { compressed_y_1 := '83B12AE657306336A4D0DD0A35AC6D53B1188E289837B0544503F9F70F21AA53'O } } }, flags := omit, appExtensions := omit, certIssueExtensions := omit, certRequestExtension := omit }, signature_ := { ecdsaNistP256Signature := { rSig := { x_only := '33401BAA05FCA06A6E0D82C6A5EE657C68E4B44DCB212D78C18758B2F84BB7D8'O }, sSig := 'B893C9EF5163FFBCED6AA52B7BF3C428BD62377718B2EFB8C9470D4129AF5A24'O } } } } }, signature_ := { ecdsaNistP256Signature := { rSig := { x_only := '655D950010F71ED005313480B761ED48D1BFA04536471D0AB633526A197FDD13'O }, sSig := '3060116D0F185A2CD91793D506C7DF201CAFFB0D6C2CA97FF1850D4B947D9A00'O } } } } } } }, macDestinationAddress := 'FFFFFFFFFFFF'O, ssp := '000000011111111111111100'B, its_aid := 36 } id 4
01:10:01.684561 Receive operation on port geoNetworkingPort succeeded, message from system(): @LibItsGeoNetworking_TypesAndValues.GeoNetworkingInd : { msgIn := { basicHeader := { version := 1, nextHeader := e_securedPacket (2), reserved := 0, lifeTime := { multiplier := 6, ltBase := e_10s (2) }, routerHopLimit := 1 }, gnPacket := { packet := { commonHeader := { nextHeader := e_btpB (2), reserved := 0, headerTST := { tsbHdr := { headerType := e_topologicallyScopedBroadcast (5), headerSubType := e_singleHop (0) } }, trafficClass := { scf := e_scfDisabled (0), channelOffload := e_choffDisabled (0), tcId := 0 }, flags := '10000000'B, plLength := 30, maxHopLimit := 1, reserved2 := 0 }, extendedHeader := { shbHeader := { srcPosVector := { gnAddr := { typeOfAddress := e_initial (0), stationType := e_unknown (0), reserved := 0, mid := '020000000001'O }, timestamp_ := 3461235546, latitude := 520000000, longitude := 130000000, pai := '0'B, speed := 0, heading := 0 }, reserved := 0 } }, payload := '07D1000002020000002A0000005A946F600E612ED01FFFFFFC23B7743E80'O }, securedMsg := { protocolVersion := 3, content := { signedData := { hashId := sha256 (0), tbsData := { payload := { data := { protocolVersion := 3, content := { unsecuredData := '20500080001E01000000020000000001CE4E435A1EFE920007BFA480000000000000000007D1000002020000002A0000005A946F600E612ED01FFFFFFC23B7743E80'O } }, extDataHash := omit, omitted := omit }, headerInfo := { psid := 36, generationTime := 716425806682309, expiryTime := omit, generationLocation := omit, p2pcdLearningRequest := omit, missingCrlIdentifier := omit, encryptionKey := omit, inlineP2pcdRequest := omit, requestedCertificate := omit, pduFunctionalType := omit, contributedExtensions := omit } }, signer := { certificate := { { version := 3, type_ := explicit (0), issuer := { sha256AndDigest := '35A61AC81BDD1513'O }, toBeSigned := { id := { none_ := NULL }, cracaId := '000000'O, crlSeries := 0, validityPeriod := { start_ := 716425702, duration := { hours := 24 } }, region := omit, assuranceLevel := omit, appPermissions := { { psid := 36, ssp := { bitmapSsp := '01FFFC'O } }, { psid := 37, ssp := { bitmapSsp := '01FFFFFF'O } }, { psid := 141, ssp := omit }, { psid := 638, ssp := { bitmapSsp := '01'O } } }, certIssuePermissions := omit, certRequestPermissions := omit, canRequestRollover := omit, encryptionKey := omit, verifyKeyIndicator := { verificationKey := { ecdsaNistP256 := { compressed_y_1 := '83B12AE657306336A4D0DD0A35AC6D53B1188E289837B0544503F9F70F21AA53'O } } }, flags := omit, appExtensions := omit, certIssueExtensions := omit, certRequestExtension := omit }, signature_ := { ecdsaNistP256Signature := { rSig := { x_only := '33401BAA05FCA06A6E0D82C6A5EE657C68E4B44DCB212D78C18758B2F84BB7D8'O }, sSig := 'B893C9EF5163FFBCED6AA52B7BF3C428BD62377718B2EFB8C9470D4129AF5A24'O } } } } }, signature_ := { ecdsaNistP256Signature := { rSig := { x_only := '655D950010F71ED005313480B761ED48D1BFA04536471D0AB633526A197FDD13'O }, sSig := '3060116D0F185A2CD91793D506C7DF201CAFFB0D6C2CA97FF1850D4B947D9A00'O } } } } } } }, macDestinationAddress := 'FFFFFFFFFFFF'O, ssp := '000000011111111111111100'B, its_aid := 36 } id 4
01:10:01.684594 Message with id 4 was extracted from the queue of geoNetworkingPort.
01:10:01.684614 Stop timer tc_ac: 30 s
01:10:01.684627 *** TC_SEC_ITSS_SND_CAM_03_BV: PASS: Correct secured packet received
01:10:01.684634 setverdict(pass): none -> pass
01:10:01.684703 **** f_selfSync: Successfully passed TEST BODY synchronization point. ****
01:10:01.684741 Sent on acPort to system @LibItsGeoNetworking_TypesAndValues.AcGnPrimitive : { stopBeaconing := { } }
01:10:01.684753 Default with id 4 (altstep a_neighbourDefault) was deactivated.
01:10:01.684772 Sent on acPort to system @LibItsCommon_TypesAndValues.AcSecPrimitive : { acDisableSecurity := { disable := true } }
01:10:01.684779 Message enqueued on acPort from system @LibItsCommon_TypesAndValues.AdapterControlResults : { acSecResponse := true } id 2
01:10:01.684787 Start timer tc_ac: 30 s
01:10:01.684798 Receive operation on port acPort succeeded, message from system(): @LibItsCommon_TypesAndValues.AdapterControlResults : { acSecResponse := true } id 2
01:10:01.684805 Message with id 2 was extracted from the queue of acPort.
01:10:01.684810 Stop timer tc_ac: 30 s
01:10:01.684816 Unmapping port mtc:acPort from system:acPort.
01:10:01.684976 Port acPort was unmapped from system:acPort.
01:10:01.685190 Unmap operation of mtc:acPort from system:acPort finished.
01:10:01.685229 Unmapping port mtc:utPort from system:utPort.
01:10:01.685423 Port utPort was unmapped from system:utPort.
01:10:01.685563 Unmap operation of mtc:utPort from system:utPort finished.
01:10:01.685606 Unmapping port mtc:geoNetworkingPort from system:geoNetworkingPort.
01:10:01.685765 Port geoNetworkingPort was unmapped from system:geoNetworkingPort.
01:10:01.685921 Unmap operation of mtc:geoNetworkingPort from system:geoNetworkingPort finished.
01:10:01.685939 Disconnecting ports mtc:syncSendPort and mtc:syncPort.
01:10:01.686032 Port syncSendPort has terminated the connection with local port syncPort.
01:10:01.686044 Port syncPort has terminated the connection with local port syncSendPort.
01:10:01.686170 Disconnect operation on mtc:syncSendPort and mtc:syncPort finished.
01:10:01.686242 Terminating component type LibItsGeoNetworking_TestSystem.ItsGeoNetworking.
01:10:01.686272 Default with id 1 (altstep a_cf01Down) was deactivated.
01:10:01.686286 Default with id 2 (altstep a_default) was deactivated.
01:10:01.686293 Default with id 3 (altstep a_utDefault) was deactivated.
01:10:01.686305 Port syncSendPort was stopped.
01:10:01.686323 Port syncPort was stopped.
01:10:01.686329 Port utPort was stopped.
01:10:01.686334 Port acPort was stopped.
01:10:01.686339 Port geoNetworkingPort was stopped.
01:10:01.686343 Component type LibItsGeoNetworking_TestSystem.ItsGeoNetworking was shut down inside testcase TC_SEC_ITSS_SND_CAM_03_BV.
01:10:01.686353 Waiting for PTCs to finish.
01:10:01.686602 Setting final verdict of the test case.
01:10:01.686658 Local verdict of MTC: pass
01:10:01.686681 No PTCs were created.
01:10:01.686697 Test case TC_SEC_ITSS_SND_CAM_03_BV finished. Verdict: pass
01:10:01.686784 Executing test case TC_SEC_ITSS_SND_CAM_04_BV in module ItsSecurity_TestCases.
01:10:01.686852 Test case TC_SEC_ITSS_SND_CAM_04_BV started.
01:10:01.686863 Initializing variables, timers and ports of component type LibItsGeoNetworking_TestSystem.ItsGeoNetworking inside testcase TC_SEC_ITSS_SND_CAM_04_BV.
01:10:01.687007 Port syncSendPort was started.
01:10:01.687050 Port syncPort was started.
01:10:01.687062 Port utPort was started.
01:10:01.687068 Port acPort was started.
01:10:01.687073 Port geoNetworkingPort was started.
01:10:01.687113 Component type LibItsGeoNetworking_TestSystem.ItsGeoNetworking was initialized.
01:10:01.687127 Mapping port mtc:acPort to system:acPort.
01:10:01.687241 Port acPort was mapped to system:acPort.
01:10:01.687369 Map operation of mtc:acPort to system:acPort finished.
01:10:01.687389 Mapping port mtc:utPort to system:utPort.
01:10:01.687872 Port utPort was mapped to system:utPort.
01:10:01.688080 Map operation of mtc:utPort to system:utPort finished.
01:10:01.688114 Mapping port mtc:geoNetworkingPort to system:geoNetworkingPort.
01:10:01.688555 security_services_its::setup: Already done
01:10:01.688936 Port geoNetworkingPort was mapped to system:geoNetworkingPort.
01:10:01.689219 Map operation of mtc:geoNetworkingPort to system:geoNetworkingPort finished.
01:10:01.689349 Connecting ports mtc:syncSendPort and mtc:syncPort.
01:10:01.689568 Port syncPort has established the connection with local port syncSendPort.
01:10:01.689593 Port syncSendPort has established the connection with local port syncPort.
01:10:01.689772 Connect operation on mtc:syncSendPort and mtc:syncPort finished.
01:10:01.689790 Altstep a_cf01Down was activated as default, id 1
01:10:01.689825 security_services_its::setup: Already done
01:10:01.690007 Selected issuer: '409716B75CED98AC'O
01:10:01.690224 Sent on utPort to system @LibItsGeoNetworking_TypesAndValues.UtGnInitialize : { hashedId8 := '881211CED3FBEF3E'O }
01:10:01.691862 Message enqueued on utPort from system @LibItsGeoNetworking_TypesAndValues.UtGnResults : { utGnInitializeResult := true } id 1
01:10:01.691923 Start timer tc_wait: 120 s
01:10:01.691948 Receive operation on port utPort succeeded, message from system(): @LibItsGeoNetworking_TypesAndValues.UtGnResults : { utGnInitializeResult := true } id 1
01:10:01.691958 Message with id 1 was extracted from the queue of utPort.
01:10:01.691964 Stop timer tc_wait: 120 s
01:10:01.691971 *** f_utInitializeIut: INFO: IUT initialized ***
01:10:01.691978 Start timer t: 1 s
01:10:01.791163 security_services_its::process_ieee_1609_dot2_signed_data: generation time check 716425806789059 / 716425801791161, delta = 4997898.000000, comp = 0
01:10:01.792740 Message enqueued on geoNetworkingPort from system @LibItsGeoNetworking_TypesAndValues.GeoNetworkingInd : { msgIn := { basicHeader := { version := 1, nextHeader := e_securedPacket (2), reserved := 0, lifeTime := { multiplier := 6, ltBase := e_10s (2) }, routerHopLimit := 1 }, gnPacket := { packet := { commonHeader := { nextHeader := e_btpB (2), reserved := 0, headerTST := { tsbHdr := { headerType := e_topologicallyScopedBroadcast (5), headerSubType := e_singleHop (0) } }, trafficClass := { scf := e_scfDisabled (0), channelOffload := e_choffDisabled (0), tcId := 0 }, flags := '10000000'B, plLength := 30, maxHopLimit := 1, reserved2 := 0 }, extendedHeader := { shbHeader := { srcPosVector := { gnAddr := { typeOfAddress := e_initial (0), stationType := e_unknown (0), reserved := 0, mid := '020000000001'O }, timestamp_ := 3461235653, latitude := 520000000, longitude := 130000000, pai := '0'B, speed := 0, heading := 0 }, reserved := 0 } }, payload := '07D1000002020000002A0000005A946F600E612ED01FFFFFFC23B7743E80'O }, securedMsg := { protocolVersion := 3, content := { signedData := { hashId := sha256 (0), tbsData := { payload := { data := { protocolVersion := 3, content := { unsecuredData := '20500080001E01000000020000000001CE4E43C51EFE920007BFA480000000000000000007D1000002020000002A0000005A946F600E612ED01FFFFFFC23B7743E80'O } }, extDataHash := omit, omitted := omit }, headerInfo := { psid := 36, generationTime := 716425806789059, expiryTime := omit, generationLocation := omit, p2pcdLearningRequest := omit, missingCrlIdentifier := omit, encryptionKey := omit, inlineP2pcdRequest := omit, requestedCertificate := omit, pduFunctionalType := omit, contributedExtensions := omit } }, signer := { certificate := { { version := 3, type_ := explicit (0), issuer := { sha256AndDigest := '35A61AC81BDD1513'O }, toBeSigned := { id := { none_ := NULL }, cracaId := '000000'O, crlSeries := 0, validityPeriod := { start_ := 716425702, duration := { hours := 24 } }, region := omit, assuranceLevel := omit, appPermissions := { { psid := 36, ssp := { bitmapSsp := '01FFFC'O } }, { psid := 37, ssp := { bitmapSsp := '01FFFFFF'O } }, { psid := 141, ssp := omit }, { psid := 638, ssp := { bitmapSsp := '01'O } } }, certIssuePermissions := omit, certRequestPermissions := omit, canRequestRollover := omit, encryptionKey := omit, verifyKeyIndicator := { verificationKey := { ecdsaNistP256 := { compressed_y_1 := '83B12AE657306336A4D0DD0A35AC6D53B1188E289837B0544503F9F70F21AA53'O } } }, flags := omit, appExtensions := omit, certIssueExtensions := omit, certRequestExtension := omit }, signature_ := { ecdsaNistP256Signature := { rSig := { x_only := '33401BAA05FCA06A6E0D82C6A5EE657C68E4B44DCB212D78C18758B2F84BB7D8'O }, sSig := 'B893C9EF5163FFBCED6AA52B7BF3C428BD62377718B2EFB8C9470D4129AF5A24'O } } } } }, signature_ := { ecdsaNistP256Signature := { rSig := { x_only := 'DDB12568207CCA3869D4D03FED25A28627A18EEA341E3F85D1EAF7143BB8EEDD'O }, sSig := 'FE9947EF338EF5B097EA79062BF47136D89E8744FC286B4593C1F15E9E9DF49B'O } } } } } } }, macDestinationAddress := 'FFFFFFFFFFFF'O, ssp := '000000011111111111111100'B, its_aid := 36 } id 1
01:10:02.692202 Timeout t: 1 s
01:10:02.692359 Sent on acPort to system @LibItsGeoNetworking_TypesAndValues.AcGnPrimitive : { getLongPosVector := { gnAddress := { typeOfAddress := e_initial (0), stationType := e_unknown (0), reserved := 0, mid := '020000000001'O } } }
01:10:02.692391 Message enqueued on acPort from system @LibItsGeoNetworking_TypesAndValues.AcGnResponse : { getLongPosVector := { gnAddr := { typeOfAddress := e_initial (0), stationType := e_unknown (0), reserved := 0, mid := '020000000001'O }, timestamp_ := 0, latitude := 520000000, longitude := 130000000, pai := '0'B, speed := 0, heading := 0 } } id 1
01:10:02.692407 Start timer tc_ac: 30 s
01:10:02.692444 Receive operation on port acPort succeeded, message from system(): @LibItsGeoNetworking_TypesAndValues.AcGnResponse : { getLongPosVector := { gnAddr := { typeOfAddress := e_initial (0), stationType := e_unknown (0), reserved := 0, mid := '020000000001'O }, timestamp_ := 0, latitude := 520000000, longitude := 130000000, pai := '0'B, speed := 0, heading := 0 } } id 1
01:10:02.692455 Message with id 1 was extracted from the queue of acPort.
01:10:02.692463 Stop timer tc_ac: 30 s
01:10:02.692552 Altstep a_default was activated as default, id 2
01:10:02.692562 Altstep a_utDefault was activated as default, id 3
01:10:02.692567 Altstep a_neighbourDefault was activated as default, id 4
01:10:02.692753 Sent on acPort to system @LibItsGeoNetworking_TypesAndValues.AcGnPrimitive : { startBeaconing := { beaconPacket := { basicHeader := { version := 1, nextHeader := e_commonHeader (1), reserved := 0, lifeTime := { multiplier := 10, ltBase := e_100s (3) }, routerHopLimit := 1 }, gnPacket := { packet := { commonHeader := { nextHeader := e_any (0), reserved := 0, headerTST := { beaconHdr := { headerType := e_beacon (1), headerSubType := 0 } }, trafficClass := { scf := e_scfEnabled (1), channelOffload := e_choffDisabled (0), tcId := 0 }, flags := '00000000'B, plLength := 0, maxHopLimit := 1, reserved2 := 0 }, extendedHeader := { beaconHeader := { srcPosVector := { gnAddr := { typeOfAddress := e_manual (1), stationType := e_passengerCar (5), reserved := 0, mid := '00000000000B'O }, timestamp_ := 3461230556, latitude := 520020000, longitude := 130000000, pai := '1'B, speed := 0, heading := 0 } } }, payload := omit }, securedMsg := omit } } } }
01:10:02.693120 Start timer t: 1 s
01:10:02.889840 security_services_its::process_ieee_1609_dot2_signed_data: generation time check 716425807888959 / 716425802889840, delta = 4999119.000000, comp = 0
01:10:02.890305 Message enqueued on geoNetworkingPort from system @LibItsGeoNetworking_TypesAndValues.GeoNetworkingInd : { msgIn := { basicHeader := { version := 1, nextHeader := e_securedPacket (2), reserved := 0, lifeTime := { multiplier := 6, ltBase := e_10s (2) }, routerHopLimit := 1 }, gnPacket := { packet := { commonHeader := { nextHeader := e_btpB (2), reserved := 0, headerTST := { tsbHdr := { headerType := e_topologicallyScopedBroadcast (5), headerSubType := e_singleHop (0) } }, trafficClass := { scf := e_scfDisabled (0), channelOffload := e_choffDisabled (0), tcId := 0 }, flags := '10000000'B, plLength := 30, maxHopLimit := 1, reserved2 := 0 }, extendedHeader := { shbHeader := { srcPosVector := { gnAddr := { typeOfAddress := e_initial (0), stationType := e_unknown (0), reserved := 0, mid := '020000000001'O }, timestamp_ := 3461236752, latitude := 520000000, longitude := 130000000, pai := '0'B, speed := 0, heading := 0 }, reserved := 0 } }, payload := '07D1000002020000002A0000005A946F600E612ED01FFFFFFC23B7743E80'O }, securedMsg := { protocolVersion := 3, content := { signedData := { hashId := sha256 (0), tbsData := { payload := { data := { protocolVersion := 3, content := { unsecuredData := '20500080001E01000000020000000001CE4E48101EFE920007BFA480000000000000000007D1000002020000002A0000005A946F600E612ED01FFFFFFC23B7743E80'O } }, extDataHash := omit, omitted := omit }, headerInfo := { psid := 36, generationTime := 716425807888959, expiryTime := omit, generationLocation := omit, p2pcdLearningRequest := omit, missingCrlIdentifier := omit, encryptionKey := omit, inlineP2pcdRequest := omit, requestedCertificate := omit, pduFunctionalType := omit, contributedExtensions := omit } }, signer := { certificate := { { version := 3, type_ := explicit (0), issuer := { sha256AndDigest := '35A61AC81BDD1513'O }, toBeSigned := { id := { none_ := NULL }, cracaId := '000000'O, crlSeries := 0, validityPeriod := { start_ := 716425702, duration := { hours := 24 } }, region := omit, assuranceLevel := omit, appPermissions := { { psid := 36, ssp := { bitmapSsp := '01FFFC'O } }, { psid := 37, ssp := { bitmapSsp := '01FFFFFF'O } }, { psid := 141, ssp := omit }, { psid := 638, ssp := { bitmapSsp := '01'O } } }, certIssuePermissions := omit, certRequestPermissions := omit, canRequestRollover := omit, encryptionKey := omit, verifyKeyIndicator := { verificationKey := { ecdsaNistP256 := { compressed_y_1 := '83B12AE657306336A4D0DD0A35AC6D53B1188E289837B0544503F9F70F21AA53'O } } }, flags := omit, appExtensions := omit, certIssueExtensions := omit, certRequestExtension := omit }, signature_ := { ecdsaNistP256Signature := { rSig := { x_only := '33401BAA05FCA06A6E0D82C6A5EE657C68E4B44DCB212D78C18758B2F84BB7D8'O }, sSig := 'B893C9EF5163FFBCED6AA52B7BF3C428BD62377718B2EFB8C9470D4129AF5A24'O } } } } }, signature_ := { ecdsaNistP256Signature := { rSig := { x_only := '17A1E2ECD602038BCC0F14B3A0974D9D2D89CC0DADC9977B394D4E4872086A4D'O }, sSig := '0F44F13C9879FCD14428EF056D0D41EAF74B31FF975DA32BD3E78E26BC2DD75C'O } } } } } } }, macDestinationAddress := 'FFFFFFFFFFFF'O, ssp := '000000011111111111111100'B, its_aid := 36 } id 2
01:10:03.693147 Timeout t: 1 s
01:10:03.693286 Start timer t: 0.5 s
01:10:03.693510 Receive operation on port geoNetworkingPort succeeded, message from system(): @LibItsGeoNetworking_TypesAndValues.GeoNetworkingInd: { msgIn := { basicHeader := { version := 1, nextHeader := e_securedPacket (2), reserved := 0, lifeTime := { multiplier := 6, ltBase := e_10s (2) }, routerHopLimit := 1 }, gnPacket := { packet := { commonHeader := { nextHeader := e_btpB (2), reserved := 0, headerTST := { tsbHdr := { headerType := e_topologicallyScopedBroadcast (5), headerSubType := e_singleHop (0) } }, trafficClass := { scf := e_scfDisabled (0), channelOffload := e_choffDisabled (0), tcId := 0 }, flags := '10000000'B, plLength := 30, maxHopLimit := 1, reserved2 := 0 }, extendedHeader := { shbHeader := { srcPosVector := { gnAddr := { typeOfAddress := e_initial (0), stationType := e_unknown (0), reserved := 0, mid := '020000000001'O }, timestamp_ := 3461235653, latitude := 520000000, longitude := 130000000, pai := '0'B, speed := 0, heading := 0 }, reserved := 0 } }, payload := '07D1000002020000002A0000005A946F600E612ED01FFFFFFC23B7743E80'O }, securedMsg := { protocolVersion := 3, content := { signedData := { hashId := sha256 (0), tbsData := { payload := { data := { protocolVersion := 3, content := { unsecuredData := '20500080001E01000000020000000001CE4E43C51EFE920007BFA480000000000000000007D1000002020000002A0000005A946F600E612ED01FFFFFFC23B7743E80'O } }, extDataHash := omit, omitted := omit }, headerInfo := { psid := 36, generationTime := 716425806789059, expiryTime := omit, generationLocation := omit, p2pcdLearningRequest := omit, missingCrlIdentifier := omit, encryptionKey := omit, inlineP2pcdRequest := omit, requestedCertificate := omit, pduFunctionalType := omit, contributedExtensions := omit } }, signer := { certificate := { { version := 3, type_ := explicit (0), issuer := { sha256AndDigest := '35A61AC81BDD1513'O }, toBeSigned := { id := { none_ := NULL }, cracaId := '000000'O, crlSeries := 0, validityPeriod := { start_ := 716425702, duration := { hours := 24 } }, region := omit, assuranceLevel := omit, appPermissions := { { psid := 36, ssp := { bitmapSsp := '01FFFC'O } }, { psid := 37, ssp := { bitmapSsp := '01FFFFFF'O } }, { psid := 141, ssp := omit }, { psid := 638, ssp := { bitmapSsp := '01'O } } }, certIssuePermissions := omit, certRequestPermissions := omit, canRequestRollover := omit, encryptionKey := omit, verifyKeyIndicator := { verificationKey := { ecdsaNistP256 := { compressed_y_1 := '83B12AE657306336A4D0DD0A35AC6D53B1188E289837B0544503F9F70F21AA53'O } } }, flags := omit, appExtensions := omit, certIssueExtensions := omit, certRequestExtension := omit }, signature_ := { ecdsaNistP256Signature := { rSig := { x_only := '33401BAA05FCA06A6E0D82C6A5EE657C68E4B44DCB212D78C18758B2F84BB7D8'O }, sSig := 'B893C9EF5163FFBCED6AA52B7BF3C428BD62377718B2EFB8C9470D4129AF5A24'O } } } } }, signature_ := { ecdsaNistP256Signature := { rSig := { x_only := 'DDB12568207CCA3869D4D03FED25A28627A18EEA341E3F85D1EAF7143BB8EEDD'O }, sSig := 'FE9947EF338EF5B097EA79062BF47136D89E8744FC286B4593C1F15E9E9DF49B'O } } } } } } }, macDestinationAddress := 'FFFFFFFFFFFF'O, ssp := '000000011111111111111100'B, its_aid := 36 } id 1
01:10:03.693976 Message with id 1 was extracted from the queue of geoNetworkingPort.
01:10:03.694022 *** a_default: WARNING: Received an unexpected message ***
01:10:03.694027 Default with id 4 (altstep a_neighbourDefault) has reached a break statement. Skipping current alt statement or receiving operation.
01:10:03.694200 Receive operation on port geoNetworkingPort succeeded, message from system(): @LibItsGeoNetworking_TypesAndValues.GeoNetworkingInd: { msgIn := { basicHeader := { version := 1, nextHeader := e_securedPacket (2), reserved := 0, lifeTime := { multiplier := 6, ltBase := e_10s (2) }, routerHopLimit := 1 }, gnPacket := { packet := { commonHeader := { nextHeader := e_btpB (2), reserved := 0, headerTST := { tsbHdr := { headerType := e_topologicallyScopedBroadcast (5), headerSubType := e_singleHop (0) } }, trafficClass := { scf := e_scfDisabled (0), channelOffload := e_choffDisabled (0), tcId := 0 }, flags := '10000000'B, plLength := 30, maxHopLimit := 1, reserved2 := 0 }, extendedHeader := { shbHeader := { srcPosVector := { gnAddr := { typeOfAddress := e_initial (0), stationType := e_unknown (0), reserved := 0, mid := '020000000001'O }, timestamp_ := 3461236752, latitude := 520000000, longitude := 130000000, pai := '0'B, speed := 0, heading := 0 }, reserved := 0 } }, payload := '07D1000002020000002A0000005A946F600E612ED01FFFFFFC23B7743E80'O }, securedMsg := { protocolVersion := 3, content := { signedData := { hashId := sha256 (0), tbsData := { payload := { data := { protocolVersion := 3, content := { unsecuredData := '20500080001E01000000020000000001CE4E48101EFE920007BFA480000000000000000007D1000002020000002A0000005A946F600E612ED01FFFFFFC23B7743E80'O } }, extDataHash := omit, omitted := omit }, headerInfo := { psid := 36, generationTime := 716425807888959, expiryTime := omit, generationLocation := omit, p2pcdLearningRequest := omit, missingCrlIdentifier := omit, encryptionKey := omit, inlineP2pcdRequest := omit, requestedCertificate := omit, pduFunctionalType := omit, contributedExtensions := omit } }, signer := { certificate := { { version := 3, type_ := explicit (0), issuer := { sha256AndDigest := '35A61AC81BDD1513'O }, toBeSigned := { id := { none_ := NULL }, cracaId := '000000'O, crlSeries := 0, validityPeriod := { start_ := 716425702, duration := { hours := 24 } }, region := omit, assuranceLevel := omit, appPermissions := { { psid := 36, ssp := { bitmapSsp := '01FFFC'O } }, { psid := 37, ssp := { bitmapSsp := '01FFFFFF'O } }, { psid := 141, ssp := omit }, { psid := 638, ssp := { bitmapSsp := '01'O } } }, certIssuePermissions := omit, certRequestPermissions := omit, canRequestRollover := omit, encryptionKey := omit, verifyKeyIndicator := { verificationKey := { ecdsaNistP256 := { compressed_y_1 := '83B12AE657306336A4D0DD0A35AC6D53B1188E289837B0544503F9F70F21AA53'O } } }, flags := omit, appExtensions := omit, certIssueExtensions := omit, certRequestExtension := omit }, signature_ := { ecdsaNistP256Signature := { rSig := { x_only := '33401BAA05FCA06A6E0D82C6A5EE657C68E4B44DCB212D78C18758B2F84BB7D8'O }, sSig := 'B893C9EF5163FFBCED6AA52B7BF3C428BD62377718B2EFB8C9470D4129AF5A24'O } } } } }, signature_ := { ecdsaNistP256Signature := { rSig := { x_only := '17A1E2ECD602038BCC0F14B3A0974D9D2D89CC0DADC9977B394D4E4872086A4D'O }, sSig := '0F44F13C9879FCD14428EF056D0D41EAF74B31FF975DA32BD3E78E26BC2DD75C'O } } } } } } }, macDestinationAddress := 'FFFFFFFFFFFF'O, ssp := '000000011111111111111100'B, its_aid := 36 } id 2
01:10:03.694222 Message with id 2 was extracted from the queue of geoNetworkingPort.
01:10:03.694227 *** a_default: WARNING: Received an unexpected message ***
01:10:03.694230 Default with id 4 (altstep a_neighbourDefault) has reached a break statement. Skipping current alt statement or receiving operation.
01:10:03.890632 security_services_its::process_ieee_1609_dot2_signed_data: generation time check 716425808889394 / 716425803890631, delta = 4998763.000000, comp = 0
01:10:03.891209 Message enqueued on geoNetworkingPort from system @LibItsGeoNetworking_TypesAndValues.GeoNetworkingInd : { msgIn := { basicHeader := { version := 1, nextHeader := e_securedPacket (2), reserved := 0, lifeTime := { multiplier := 6, ltBase := e_10s (2) }, routerHopLimit := 1 }, gnPacket := { packet := { commonHeader := { nextHeader := e_btpB (2), reserved := 0, headerTST := { tsbHdr := { headerType := e_topologicallyScopedBroadcast (5), headerSubType := e_singleHop (0) } }, trafficClass := { scf := e_scfDisabled (0), channelOffload := e_choffDisabled (0), tcId := 0 }, flags := '10000000'B, plLength := 30, maxHopLimit := 1, reserved2 := 0 }, extendedHeader := { shbHeader := { srcPosVector := { gnAddr := { typeOfAddress := e_initial (0), stationType := e_unknown (0), reserved := 0, mid := '020000000001'O }, timestamp_ := 3461237753, latitude := 520000000, longitude := 130000000, pai := '0'B, speed := 0, heading := 0 }, reserved := 0 } }, payload := '07D1000002020000002A0000005A946F600E612ED01FFFFFFC23B7743E80'O }, securedMsg := { protocolVersion := 3, content := { signedData := { hashId := sha256 (0), tbsData := { payload := { data := { protocolVersion := 3, content := { unsecuredData := '20500080001E01000000020000000001CE4E4BF91EFE920007BFA480000000000000000007D1000002020000002A0000005A946F600E612ED01FFFFFFC23B7743E80'O } }, extDataHash := omit, omitted := omit }, headerInfo := { psid := 36, generationTime := 716425808889394, expiryTime := omit, generationLocation := omit, p2pcdLearningRequest := omit, missingCrlIdentifier := omit, encryptionKey := omit, inlineP2pcdRequest := omit, requestedCertificate := omit, pduFunctionalType := omit, contributedExtensions := omit } }, signer := { certificate := { { version := 3, type_ := explicit (0), issuer := { sha256AndDigest := '35A61AC81BDD1513'O }, toBeSigned := { id := { none_ := NULL }, cracaId := '000000'O, crlSeries := 0, validityPeriod := { start_ := 716425702, duration := { hours := 24 } }, region := omit, assuranceLevel := omit, appPermissions := { { psid := 36, ssp := { bitmapSsp := '01FFFC'O } }, { psid := 37, ssp := { bitmapSsp := '01FFFFFF'O } }, { psid := 141, ssp := omit }, { psid := 638, ssp := { bitmapSsp := '01'O } } }, certIssuePermissions := omit, certRequestPermissions := omit, canRequestRollover := omit, encryptionKey := omit, verifyKeyIndicator := { verificationKey := { ecdsaNistP256 := { compressed_y_1 := '83B12AE657306336A4D0DD0A35AC6D53B1188E289837B0544503F9F70F21AA53'O } } }, flags := omit, appExtensions := omit, certIssueExtensions := omit, certRequestExtension := omit }, signature_ := { ecdsaNistP256Signature := { rSig := { x_only := '33401BAA05FCA06A6E0D82C6A5EE657C68E4B44DCB212D78C18758B2F84BB7D8'O }, sSig := 'B893C9EF5163FFBCED6AA52B7BF3C428BD62377718B2EFB8C9470D4129AF5A24'O } } } } }, signature_ := { ecdsaNistP256Signature := { rSig := { x_only := 'B46E43E8748489F31A823B3FE025216CA60BCDB92CDB90FD4BF12E7C70614A10'O }, sSig := 'BC4015A591A8E0781F3EA773423B67777D2014DCAE0154B49AD2693F35E33C07'O } } } } } } }, macDestinationAddress := 'FFFFFFFFFFFF'O, ssp := '000000011111111111111100'B, its_aid := 36 } id 3
01:10:03.891445 Receive operation on port geoNetworkingPort succeeded, message from system(): @LibItsGeoNetworking_TypesAndValues.GeoNetworkingInd: { msgIn := { basicHeader := { version := 1, nextHeader := e_securedPacket (2), reserved := 0, lifeTime := { multiplier := 6, ltBase := e_10s (2) }, routerHopLimit := 1 }, gnPacket := { packet := { commonHeader := { nextHeader := e_btpB (2), reserved := 0, headerTST := { tsbHdr := { headerType := e_topologicallyScopedBroadcast (5), headerSubType := e_singleHop (0) } }, trafficClass := { scf := e_scfDisabled (0), channelOffload := e_choffDisabled (0), tcId := 0 }, flags := '10000000'B, plLength := 30, maxHopLimit := 1, reserved2 := 0 }, extendedHeader := { shbHeader := { srcPosVector := { gnAddr := { typeOfAddress := e_initial (0), stationType := e_unknown (0), reserved := 0, mid := '020000000001'O }, timestamp_ := 3461237753, latitude := 520000000, longitude := 130000000, pai := '0'B, speed := 0, heading := 0 }, reserved := 0 } }, payload := '07D1000002020000002A0000005A946F600E612ED01FFFFFFC23B7743E80'O }, securedMsg := { protocolVersion := 3, content := { signedData := { hashId := sha256 (0), tbsData := { payload := { data := { protocolVersion := 3, content := { unsecuredData := '20500080001E01000000020000000001CE4E4BF91EFE920007BFA480000000000000000007D1000002020000002A0000005A946F600E612ED01FFFFFFC23B7743E80'O } }, extDataHash := omit, omitted := omit }, headerInfo := { psid := 36, generationTime := 716425808889394, expiryTime := omit, generationLocation := omit, p2pcdLearningRequest := omit, missingCrlIdentifier := omit, encryptionKey := omit, inlineP2pcdRequest := omit, requestedCertificate := omit, pduFunctionalType := omit, contributedExtensions := omit } }, signer := { certificate := { { version := 3, type_ := explicit (0), issuer := { sha256AndDigest := '35A61AC81BDD1513'O }, toBeSigned := { id := { none_ := NULL }, cracaId := '000000'O, crlSeries := 0, validityPeriod := { start_ := 716425702, duration := { hours := 24 } }, region := omit, assuranceLevel := omit, appPermissions := { { psid := 36, ssp := { bitmapSsp := '01FFFC'O } }, { psid := 37, ssp := { bitmapSsp := '01FFFFFF'O } }, { psid := 141, ssp := omit }, { psid := 638, ssp := { bitmapSsp := '01'O } } }, certIssuePermissions := omit, certRequestPermissions := omit, canRequestRollover := omit, encryptionKey := omit, verifyKeyIndicator := { verificationKey := { ecdsaNistP256 := { compressed_y_1 := '83B12AE657306336A4D0DD0A35AC6D53B1188E289837B0544503F9F70F21AA53'O } } }, flags := omit, appExtensions := omit, certIssueExtensions := omit, certRequestExtension := omit }, signature_ := { ecdsaNistP256Signature := { rSig := { x_only := '33401BAA05FCA06A6E0D82C6A5EE657C68E4B44DCB212D78C18758B2F84BB7D8'O }, sSig := 'B893C9EF5163FFBCED6AA52B7BF3C428BD62377718B2EFB8C9470D4129AF5A24'O } } } } }, signature_ := { ecdsaNistP256Signature := { rSig := { x_only := 'B46E43E8748489F31A823B3FE025216CA60BCDB92CDB90FD4BF12E7C70614A10'O }, sSig := 'BC4015A591A8E0781F3EA773423B67777D2014DCAE0154B49AD2693F35E33C07'O } } } } } } }, macDestinationAddress := 'FFFFFFFFFFFF'O, ssp := '000000011111111111111100'B, its_aid := 36 } id 3
01:10:03.891463 Message with id 3 was extracted from the queue of geoNetworkingPort.
01:10:03.891473 *** a_default: WARNING: Received an unexpected message ***
01:10:03.891478 Default with id 4 (altstep a_neighbourDefault) has reached a break statement. Skipping current alt statement or receiving operation.
01:10:04.193312 Timeout t: 0.5 s
01:10:04.193565 **** f_selfSync: Successfully passed PREAMBLE synchronization point. ****
01:10:04.193586 Start timer tc_ac: 30 s
01:10:04.891228 security_services_its::process_ieee_1609_dot2_signed_data: generation time check 716425809889505 / 716425804891228, delta = 4998277.000000, comp = 0
01:10:04.892183 Message enqueued on geoNetworkingPort from system @LibItsGeoNetworking_TypesAndValues.GeoNetworkingInd : { msgIn := { basicHeader := { version := 1, nextHeader := e_securedPacket (2), reserved := 0, lifeTime := { multiplier := 6, ltBase := e_10s (2) }, routerHopLimit := 1 }, gnPacket := { packet := { commonHeader := { nextHeader := e_btpB (2), reserved := 0, headerTST := { tsbHdr := { headerType := e_topologicallyScopedBroadcast (5), headerSubType := e_singleHop (0) } }, trafficClass := { scf := e_scfDisabled (0), channelOffload := e_choffDisabled (0), tcId := 0 }, flags := '10000000'B, plLength := 30, maxHopLimit := 1, reserved2 := 0 }, extendedHeader := { shbHeader := { srcPosVector := { gnAddr := { typeOfAddress := e_initial (0), stationType := e_unknown (0), reserved := 0, mid := '020000000001'O }, timestamp_ := 3461238753, latitude := 520000000, longitude := 130000000, pai := '0'B, speed := 0, heading := 0 }, reserved := 0 } }, payload := '07D1000002020000002A0000005A946F600E612ED01FFFFFFC23B7743E80'O }, securedMsg := { protocolVersion := 3, content := { signedData := { hashId := sha256 (0), tbsData := { payload := { data := { protocolVersion := 3, content := { unsecuredData := '20500080001E01000000020000000001CE4E4FE11EFE920007BFA480000000000000000007D1000002020000002A0000005A946F600E612ED01FFFFFFC23B7743E80'O } }, extDataHash := omit, omitted := omit }, headerInfo := { psid := 36, generationTime := 716425809889505, expiryTime := omit, generationLocation := omit, p2pcdLearningRequest := omit, missingCrlIdentifier := omit, encryptionKey := omit, inlineP2pcdRequest := omit, requestedCertificate := omit, pduFunctionalType := omit, contributedExtensions := omit } }, signer := { certificate := { { version := 3, type_ := explicit (0), issuer := { sha256AndDigest := '35A61AC81BDD1513'O }, toBeSigned := { id := { none_ := NULL }, cracaId := '000000'O, crlSeries := 0, validityPeriod := { start_ := 716425702, duration := { hours := 24 } }, region := omit, assuranceLevel := omit, appPermissions := { { psid := 36, ssp := { bitmapSsp := '01FFFC'O } }, { psid := 37, ssp := { bitmapSsp := '01FFFFFF'O } }, { psid := 141, ssp := omit }, { psid := 638, ssp := { bitmapSsp := '01'O } } }, certIssuePermissions := omit, certRequestPermissions := omit, canRequestRollover := omit, encryptionKey := omit, verifyKeyIndicator := { verificationKey := { ecdsaNistP256 := { compressed_y_1 := '83B12AE657306336A4D0DD0A35AC6D53B1188E289837B0544503F9F70F21AA53'O } } }, flags := omit, appExtensions := omit, certIssueExtensions := omit, certRequestExtension := omit }, signature_ := { ecdsaNistP256Signature := { rSig := { x_only := '33401BAA05FCA06A6E0D82C6A5EE657C68E4B44DCB212D78C18758B2F84BB7D8'O }, sSig := 'B893C9EF5163FFBCED6AA52B7BF3C428BD62377718B2EFB8C9470D4129AF5A24'O } } } } }, signature_ := { ecdsaNistP256Signature := { rSig := { x_only := '5BA382425222C701FD3BE1C445985BE8C293A746E7D4AA69E38A6131EBE1C958'O }, sSig := '8727AB8DE14AB86F8E43CE10CDB35660BEB2D8C8D220A5067FAA86E741C311D7'O } } } } } } }, macDestinationAddress := 'FFFFFFFFFFFF'O, ssp := '000000011111111111111100'B, its_aid := 36 } id 4
01:10:04.892558 Receive operation on port geoNetworkingPort succeeded, message from system(): @LibItsGeoNetworking_TypesAndValues.GeoNetworkingInd : { msgIn := { basicHeader := { version := 1, nextHeader := e_securedPacket (2), reserved := 0, lifeTime := { multiplier := 6, ltBase := e_10s (2) }, routerHopLimit := 1 }, gnPacket := { packet := { commonHeader := { nextHeader := e_btpB (2), reserved := 0, headerTST := { tsbHdr := { headerType := e_topologicallyScopedBroadcast (5), headerSubType := e_singleHop (0) } }, trafficClass := { scf := e_scfDisabled (0), channelOffload := e_choffDisabled (0), tcId := 0 }, flags := '10000000'B, plLength := 30, maxHopLimit := 1, reserved2 := 0 }, extendedHeader := { shbHeader := { srcPosVector := { gnAddr := { typeOfAddress := e_initial (0), stationType := e_unknown (0), reserved := 0, mid := '020000000001'O }, timestamp_ := 3461238753, latitude := 520000000, longitude := 130000000, pai := '0'B, speed := 0, heading := 0 }, reserved := 0 } }, payload := '07D1000002020000002A0000005A946F600E612ED01FFFFFFC23B7743E80'O }, securedMsg := { protocolVersion := 3, content := { signedData := { hashId := sha256 (0), tbsData := { payload := { data := { protocolVersion := 3, content := { unsecuredData := '20500080001E01000000020000000001CE4E4FE11EFE920007BFA480000000000000000007D1000002020000002A0000005A946F600E612ED01FFFFFFC23B7743E80'O } }, extDataHash := omit, omitted := omit }, headerInfo := { psid := 36, generationTime := 716425809889505, expiryTime := omit, generationLocation := omit, p2pcdLearningRequest := omit, missingCrlIdentifier := omit, encryptionKey := omit, inlineP2pcdRequest := omit, requestedCertificate := omit, pduFunctionalType := omit, contributedExtensions := omit } }, signer := { certificate := { { version := 3, type_ := explicit (0), issuer := { sha256AndDigest := '35A61AC81BDD1513'O }, toBeSigned := { id := { none_ := NULL }, cracaId := '000000'O, crlSeries := 0, validityPeriod := { start_ := 716425702, duration := { hours := 24 } }, region := omit, assuranceLevel := omit, appPermissions := { { psid := 36, ssp := { bitmapSsp := '01FFFC'O } }, { psid := 37, ssp := { bitmapSsp := '01FFFFFF'O } }, { psid := 141, ssp := omit }, { psid := 638, ssp := { bitmapSsp := '01'O } } }, certIssuePermissions := omit, certRequestPermissions := omit, canRequestRollover := omit, encryptionKey := omit, verifyKeyIndicator := { verificationKey := { ecdsaNistP256 := { compressed_y_1 := '83B12AE657306336A4D0DD0A35AC6D53B1188E289837B0544503F9F70F21AA53'O } } }, flags := omit, appExtensions := omit, certIssueExtensions := omit, certRequestExtension := omit }, signature_ := { ecdsaNistP256Signature := { rSig := { x_only := '33401BAA05FCA06A6E0D82C6A5EE657C68E4B44DCB212D78C18758B2F84BB7D8'O }, sSig := 'B893C9EF5163FFBCED6AA52B7BF3C428BD62377718B2EFB8C9470D4129AF5A24'O } } } } }, signature_ := { ecdsaNistP256Signature := { rSig := { x_only := '5BA382425222C701FD3BE1C445985BE8C293A746E7D4AA69E38A6131EBE1C958'O }, sSig := '8727AB8DE14AB86F8E43CE10CDB35660BEB2D8C8D220A5067FAA86E741C311D7'O } } } } } } }, macDestinationAddress := 'FFFFFFFFFFFF'O, ssp := '000000011111111111111100'B, its_aid := 36 } id 4
01:10:04.892602 Message with id 4 was extracted from the queue of geoNetworkingPort.
01:10:04.892753 Stop timer tc_ac: 30 s
01:10:04.892778 *** TC_SEC_ITSS_SND_CAM_04_BV: PASS: Correct secured packet received, containing certificate
01:10:04.892788 setverdict(pass): none -> pass
01:10:04.892868 **** f_selfSync: Successfully passed TEST BODY synchronization point. ****
01:10:04.892888 Sent on acPort to system @LibItsGeoNetworking_TypesAndValues.AcGnPrimitive : { stopBeaconing := { } }
01:10:04.892900 Default with id 4 (altstep a_neighbourDefault) was deactivated.
01:10:04.892921 Sent on acPort to system @LibItsCommon_TypesAndValues.AcSecPrimitive : { acDisableSecurity := { disable := true } }
01:10:04.892930 Message enqueued on acPort from system @LibItsCommon_TypesAndValues.AdapterControlResults : { acSecResponse := true } id 2
01:10:04.892938 Start timer tc_ac: 30 s
01:10:04.892952 Receive operation on port acPort succeeded, message from system(): @LibItsCommon_TypesAndValues.AdapterControlResults : { acSecResponse := true } id 2
01:10:04.892960 Message with id 2 was extracted from the queue of acPort.
01:10:04.892965 Stop timer tc_ac: 30 s
01:10:04.892972 Unmapping port mtc:acPort from system:acPort.
01:10:04.893102 Port acPort was unmapped from system:acPort.
01:10:04.893287 Unmap operation of mtc:acPort from system:acPort finished.
01:10:04.893339 Unmapping port mtc:utPort from system:utPort.
01:10:04.893476 Port utPort was unmapped from system:utPort.
01:10:04.893607 Unmap operation of mtc:utPort from system:utPort finished.
01:10:04.893624 Unmapping port mtc:geoNetworkingPort from system:geoNetworkingPort.
01:10:04.893748 Port geoNetworkingPort was unmapped from system:geoNetworkingPort.
01:10:04.893856 Unmap operation of mtc:geoNetworkingPort from system:geoNetworkingPort finished.
01:10:04.893871 Disconnecting ports mtc:syncSendPort and mtc:syncPort.
01:10:04.893957 Port syncSendPort has terminated the connection with local port syncPort.
01:10:04.893969 Port syncPort has terminated the connection with local port syncSendPort.
01:10:04.894085 Disconnect operation on mtc:syncSendPort and mtc:syncPort finished.
01:10:04.894102 Terminating component type LibItsGeoNetworking_TestSystem.ItsGeoNetworking.
01:10:04.894113 Default with id 1 (altstep a_cf01Down) was deactivated.
01:10:04.894121 Default with id 2 (altstep a_default) was deactivated.
01:10:04.894126 Default with id 3 (altstep a_utDefault) was deactivated.
01:10:04.894132 Port syncSendPort was stopped.
01:10:04.894141 Port syncPort was stopped.
01:10:04.894147 Port utPort was stopped.
01:10:04.894152 Port acPort was stopped.
01:10:04.894157 Port geoNetworkingPort was stopped.
01:10:04.894162 Component type LibItsGeoNetworking_TestSystem.ItsGeoNetworking was shut down inside testcase TC_SEC_ITSS_SND_CAM_04_BV.
01:10:04.894170 Waiting for PTCs to finish.
01:10:04.894326 Setting final verdict of the test case.
01:10:04.894374 Local verdict of MTC: pass
01:10:04.894393 No PTCs were created.
01:10:04.894405 Test case TC_SEC_ITSS_SND_CAM_04_BV finished. Verdict: pass
01:10:04.894496 Executing test case TC_SEC_ITSS_SND_DENM_01_BV in module ItsSecurity_TestCases.
01:10:04.894620 Test case TC_SEC_ITSS_SND_DENM_01_BV started.
01:10:04.894635 Initializing variables, timers and ports of component type LibItsGeoNetworking_TestSystem.ItsGeoNetworking inside testcase TC_SEC_ITSS_SND_DENM_01_BV.
01:10:04.894711 Port syncSendPort was started.
01:10:04.894720 Port syncPort was started.
01:10:04.894725 Port utPort was started.
01:10:04.894730 Port acPort was started.
01:10:04.894735 Port geoNetworkingPort was started.
01:10:04.894740 Component type LibItsGeoNetworking_TestSystem.ItsGeoNetworking was initialized.
01:10:04.894748 Mapping port mtc:acPort to system:acPort.
01:10:04.894879 Port acPort was mapped to system:acPort.
01:10:04.894998 Map operation of mtc:acPort to system:acPort finished.
01:10:04.895015 Mapping port mtc:utPort to system:utPort.
01:10:04.895366 Port utPort was mapped to system:utPort.
01:10:04.895490 Map operation of mtc:utPort to system:utPort finished.
01:10:04.895509 Mapping port mtc:geoNetworkingPort to system:geoNetworkingPort.
01:10:04.895775 security_services_its::setup: Already done
01:10:04.895867 Port geoNetworkingPort was mapped to system:geoNetworkingPort.
01:10:04.895971 Map operation of mtc:geoNetworkingPort to system:geoNetworkingPort finished.
01:10:04.895991 Connecting ports mtc:syncSendPort and mtc:syncPort.
01:10:04.896090 Port syncPort has established the connection with local port syncSendPort.
01:10:04.896105 Port syncSendPort has established the connection with local port syncPort.
01:10:04.896190 Connect operation on mtc:syncSendPort and mtc:syncPort finished.
01:10:04.896209 Altstep a_cf01Down was activated as default, id 1
01:10:04.896231 security_services_its::setup: Already done
01:10:04.896376 Selected issuer: '409716B75CED98AC'O
01:10:04.896521 Sent on utPort to system @LibItsGeoNetworking_TypesAndValues.UtGnInitialize : { hashedId8 := '881211CED3FBEF3E'O }
01:10:04.897836 Message enqueued on utPort from system @LibItsGeoNetworking_TypesAndValues.UtGnResults : { utGnInitializeResult := true } id 1
01:10:04.897917 Start timer tc_wait: 120 s
01:10:04.897947 Receive operation on port utPort succeeded, message from system(): @LibItsGeoNetworking_TypesAndValues.UtGnResults : { utGnInitializeResult := true } id 1
01:10:04.897981 Message with id 1 was extracted from the queue of utPort.
01:10:04.897988 Stop timer tc_wait: 120 s
01:10:04.897996 *** f_utInitializeIut: INFO: IUT initialized ***
01:10:04.898004 Start timer t: 1 s
01:10:04.998314 security_services_its::process_ieee_1609_dot2_signed_data: generation time check 716425809996185 / 716425804998312, delta = 4997873.000000, comp = 0
01:10:04.999413 Message enqueued on geoNetworkingPort from system @LibItsGeoNetworking_TypesAndValues.GeoNetworkingInd : { msgIn := { basicHeader := { version := 1, nextHeader := e_securedPacket (2), reserved := 0, lifeTime := { multiplier := 6, ltBase := e_10s (2) }, routerHopLimit := 1 }, gnPacket := { packet := { commonHeader := { nextHeader := e_btpB (2), reserved := 0, headerTST := { tsbHdr := { headerType := e_topologicallyScopedBroadcast (5), headerSubType := e_singleHop (0) } }, trafficClass := { scf := e_scfDisabled (0), channelOffload := e_choffDisabled (0), tcId := 0 }, flags := '10000000'B, plLength := 30, maxHopLimit := 1, reserved2 := 0 }, extendedHeader := { shbHeader := { srcPosVector := { gnAddr := { typeOfAddress := e_initial (0), stationType := e_unknown (0), reserved := 0, mid := '020000000001'O }, timestamp_ := 3461238860, latitude := 520000000, longitude := 130000000, pai := '0'B, speed := 0, heading := 0 }, reserved := 0 } }, payload := '07D1000002020000002A0000005A946F600E612ED01FFFFFFC23B7743E80'O }, securedMsg := { protocolVersion := 3, content := { signedData := { hashId := sha256 (0), tbsData := { payload := { data := { protocolVersion := 3, content := { unsecuredData := '20500080001E01000000020000000001CE4E504C1EFE920007BFA480000000000000000007D1000002020000002A0000005A946F600E612ED01FFFFFFC23B7743E80'O } }, extDataHash := omit, omitted := omit }, headerInfo := { psid := 36, generationTime := 716425809996185, expiryTime := omit, generationLocation := omit, p2pcdLearningRequest := omit, missingCrlIdentifier := omit, encryptionKey := omit, inlineP2pcdRequest := omit, requestedCertificate := omit, pduFunctionalType := omit, contributedExtensions := omit } }, signer := { certificate := { { version := 3, type_ := explicit (0), issuer := { sha256AndDigest := '35A61AC81BDD1513'O }, toBeSigned := { id := { none_ := NULL }, cracaId := '000000'O, crlSeries := 0, validityPeriod := { start_ := 716425702, duration := { hours := 24 } }, region := omit, assuranceLevel := omit, appPermissions := { { psid := 36, ssp := { bitmapSsp := '01FFFC'O } }, { psid := 37, ssp := { bitmapSsp := '01FFFFFF'O } }, { psid := 141, ssp := omit }, { psid := 638, ssp := { bitmapSsp := '01'O } } }, certIssuePermissions := omit, certRequestPermissions := omit, canRequestRollover := omit, encryptionKey := omit, verifyKeyIndicator := { verificationKey := { ecdsaNistP256 := { compressed_y_1 := '83B12AE657306336A4D0DD0A35AC6D53B1188E289837B0544503F9F70F21AA53'O } } }, flags := omit, appExtensions := omit, certIssueExtensions := omit, certRequestExtension := omit }, signature_ := { ecdsaNistP256Signature := { rSig := { x_only := '33401BAA05FCA06A6E0D82C6A5EE657C68E4B44DCB212D78C18758B2F84BB7D8'O }, sSig := 'B893C9EF5163FFBCED6AA52B7BF3C428BD62377718B2EFB8C9470D4129AF5A24'O } } } } }, signature_ := { ecdsaNistP256Signature := { rSig := { x_only := '82B38A4DD0DE7314C33FBC31DF875670920EF4B0D5C900A9242F165E1C2D4259'O }, sSig := '95F7238B55D7564C46E9DBAB3D1CF9F717FAC9139A73125141C476C21A501837'O } } } } } } }, macDestinationAddress := 'FFFFFFFFFFFF'O, ssp := '000000011111111111111100'B, its_aid := 36 } id 1
01:10:05.898013 Timeout t: 1 s
01:10:05.898121 Sent on acPort to system @LibItsGeoNetworking_TypesAndValues.AcGnPrimitive : { getLongPosVector := { gnAddress := { typeOfAddress := e_initial (0), stationType := e_unknown (0), reserved := 0, mid := '020000000001'O } } }
01:10:05.898144 Message enqueued on acPort from system @LibItsGeoNetworking_TypesAndValues.AcGnResponse : { getLongPosVector := { gnAddr := { typeOfAddress := e_initial (0), stationType := e_unknown (0), reserved := 0, mid := '020000000001'O }, timestamp_ := 0, latitude := 520000000, longitude := 130000000, pai := '0'B, speed := 0, heading := 0 } } id 1
01:10:05.898171 Start timer tc_ac: 30 s
01:10:05.898199 Receive operation on port acPort succeeded, message from system(): @LibItsGeoNetworking_TypesAndValues.AcGnResponse : { getLongPosVector := { gnAddr := { typeOfAddress := e_initial (0), stationType := e_unknown (0), reserved := 0, mid := '020000000001'O }, timestamp_ := 0, latitude := 520000000, longitude := 130000000, pai := '0'B, speed := 0, heading := 0 } } id 1
01:10:05.898206 Message with id 1 was extracted from the queue of acPort.
01:10:05.898213 Stop timer tc_ac: 30 s
01:10:05.898286 Altstep a_default was activated as default, id 2
01:10:05.898295 Altstep a_utDefault was activated as default, id 3
01:10:05.898299 Altstep a_neighbourDefault was activated as default, id 4
01:10:05.898429 Sent on acPort to system @LibItsGeoNetworking_TypesAndValues.AcGnPrimitive : { startBeaconing := { beaconPacket := { basicHeader := { version := 1, nextHeader := e_commonHeader (1), reserved := 0, lifeTime := { multiplier := 10, ltBase := e_100s (3) }, routerHopLimit := 1 }, gnPacket := { packet := { commonHeader := { nextHeader := e_any (0), reserved := 0, headerTST := { beaconHdr := { headerType := e_beacon (1), headerSubType := 0 } }, trafficClass := { scf := e_scfEnabled (1), channelOffload := e_choffDisabled (0), tcId := 0 }, flags := '00000000'B, plLength := 0, maxHopLimit := 1, reserved2 := 0 }, extendedHeader := { beaconHeader := { srcPosVector := { gnAddr := { typeOfAddress := e_manual (1), stationType := e_passengerCar (5), reserved := 0, mid := '00000000000B'O }, timestamp_ := 3461233762, latitude := 520020000, longitude := 130000000, pai := '1'B, speed := 0, heading := 0 } } }, payload := omit }, securedMsg := omit } } } }
01:10:05.898720 Start timer t: 1 s
01:10:06.096929 security_services_its::process_ieee_1609_dot2_signed_data: generation time check 716425811095897 / 716425806096928, delta = 4998969.000000, comp = 0
01:10:06.097473 Message enqueued on geoNetworkingPort from system @LibItsGeoNetworking_TypesAndValues.GeoNetworkingInd : { msgIn := { basicHeader := { version := 1, nextHeader := e_securedPacket (2), reserved := 0, lifeTime := { multiplier := 6, ltBase := e_10s (2) }, routerHopLimit := 1 }, gnPacket := { packet := { commonHeader := { nextHeader := e_btpB (2), reserved := 0, headerTST := { tsbHdr := { headerType := e_topologicallyScopedBroadcast (5), headerSubType := e_singleHop (0) } }, trafficClass := { scf := e_scfDisabled (0), channelOffload := e_choffDisabled (0), tcId := 0 }, flags := '10000000'B, plLength := 30, maxHopLimit := 1, reserved2 := 0 }, extendedHeader := { shbHeader := { srcPosVector := { gnAddr := { typeOfAddress := e_initial (0), stationType := e_unknown (0), reserved := 0, mid := '020000000001'O }, timestamp_ := 3461239959, latitude := 520000000, longitude := 130000000, pai := '0'B, speed := 0, heading := 0 }, reserved := 0 } }, payload := '07D1000002020000002A0000005A946F600E612ED01FFFFFFC23B7743E80'O }, securedMsg := { protocolVersion := 3, content := { signedData := { hashId := sha256 (0), tbsData := { payload := { data := { protocolVersion := 3, content := { unsecuredData := '20500080001E01000000020000000001CE4E54971EFE920007BFA480000000000000000007D1000002020000002A0000005A946F600E612ED01FFFFFFC23B7743E80'O } }, extDataHash := omit, omitted := omit }, headerInfo := { psid := 36, generationTime := 716425811095897, expiryTime := omit, generationLocation := omit, p2pcdLearningRequest := omit, missingCrlIdentifier := omit, encryptionKey := omit, inlineP2pcdRequest := omit, requestedCertificate := omit, pduFunctionalType := omit, contributedExtensions := omit } }, signer := { certificate := { { version := 3, type_ := explicit (0), issuer := { sha256AndDigest := '35A61AC81BDD1513'O }, toBeSigned := { id := { none_ := NULL }, cracaId := '000000'O, crlSeries := 0, validityPeriod := { start_ := 716425702, duration := { hours := 24 } }, region := omit, assuranceLevel := omit, appPermissions := { { psid := 36, ssp := { bitmapSsp := '01FFFC'O } }, { psid := 37, ssp := { bitmapSsp := '01FFFFFF'O } }, { psid := 141, ssp := omit }, { psid := 638, ssp := { bitmapSsp := '01'O } } }, certIssuePermissions := omit, certRequestPermissions := omit, canRequestRollover := omit, encryptionKey := omit, verifyKeyIndicator := { verificationKey := { ecdsaNistP256 := { compressed_y_1 := '83B12AE657306336A4D0DD0A35AC6D53B1188E289837B0544503F9F70F21AA53'O } } }, flags := omit, appExtensions := omit, certIssueExtensions := omit, certRequestExtension := omit }, signature_ := { ecdsaNistP256Signature := { rSig := { x_only := '33401BAA05FCA06A6E0D82C6A5EE657C68E4B44DCB212D78C18758B2F84BB7D8'O }, sSig := 'B893C9EF5163FFBCED6AA52B7BF3C428BD62377718B2EFB8C9470D4129AF5A24'O } } } } }, signature_ := { ecdsaNistP256Signature := { rSig := { x_only := 'F6CE257A7D6DE3432FB4868B80FE94EEE92B6128CD7DC5EBF6AD7462BB117785'O }, sSig := '174A7EC09B4387B21079FEC2E71CB267152133182E63FA39A563CF026603A5E4'O } } } } } } }, macDestinationAddress := 'FFFFFFFFFFFF'O, ssp := '000000011111111111111100'B, its_aid := 36 } id 2
01:10:06.899888 Timeout t: 1 s
01:10:06.900032 Start timer t: 0.5 s
01:10:06.900376 Receive operation on port geoNetworkingPort succeeded, message from system(): @LibItsGeoNetworking_TypesAndValues.GeoNetworkingInd: { msgIn := { basicHeader := { version := 1, nextHeader := e_securedPacket (2), reserved := 0, lifeTime := { multiplier := 6, ltBase := e_10s (2) }, routerHopLimit := 1 }, gnPacket := { packet := { commonHeader := { nextHeader := e_btpB (2), reserved := 0, headerTST := { tsbHdr := { headerType := e_topologicallyScopedBroadcast (5), headerSubType := e_singleHop (0) } }, trafficClass := { scf := e_scfDisabled (0), channelOffload := e_choffDisabled (0), tcId := 0 }, flags := '10000000'B, plLength := 30, maxHopLimit := 1, reserved2 := 0 }, extendedHeader := { shbHeader := { srcPosVector := { gnAddr := { typeOfAddress := e_initial (0), stationType := e_unknown (0), reserved := 0, mid := '020000000001'O }, timestamp_ := 3461238860, latitude := 520000000, longitude := 130000000, pai := '0'B, speed := 0, heading := 0 }, reserved := 0 } }, payload := '07D1000002020000002A0000005A946F600E612ED01FFFFFFC23B7743E80'O }, securedMsg := { protocolVersion := 3, content := { signedData := { hashId := sha256 (0), tbsData := { payload := { data := { protocolVersion := 3, content := { unsecuredData := '20500080001E01000000020000000001CE4E504C1EFE920007BFA480000000000000000007D1000002020000002A0000005A946F600E612ED01FFFFFFC23B7743E80'O } }, extDataHash := omit, omitted := omit }, headerInfo := { psid := 36, generationTime := 716425809996185, expiryTime := omit, generationLocation := omit, p2pcdLearningRequest := omit, missingCrlIdentifier := omit, encryptionKey := omit, inlineP2pcdRequest := omit, requestedCertificate := omit, pduFunctionalType := omit, contributedExtensions := omit } }, signer := { certificate := { { version := 3, type_ := explicit (0), issuer := { sha256AndDigest := '35A61AC81BDD1513'O }, toBeSigned := { id := { none_ := NULL }, cracaId := '000000'O, crlSeries := 0, validityPeriod := { start_ := 716425702, duration := { hours := 24 } }, region := omit, assuranceLevel := omit, appPermissions := { { psid := 36, ssp := { bitmapSsp := '01FFFC'O } }, { psid := 37, ssp := { bitmapSsp := '01FFFFFF'O } }, { psid := 141, ssp := omit }, { psid := 638, ssp := { bitmapSsp := '01'O } } }, certIssuePermissions := omit, certRequestPermissions := omit, canRequestRollover := omit, encryptionKey := omit, verifyKeyIndicator := { verificationKey := { ecdsaNistP256 := { compressed_y_1 := '83B12AE657306336A4D0DD0A35AC6D53B1188E289837B0544503F9F70F21AA53'O } } }, flags := omit, appExtensions := omit, certIssueExtensions := omit, certRequestExtension := omit }, signature_ := { ecdsaNistP256Signature := { rSig := { x_only := '33401BAA05FCA06A6E0D82C6A5EE657C68E4B44DCB212D78C18758B2F84BB7D8'O }, sSig := 'B893C9EF5163FFBCED6AA52B7BF3C428BD62377718B2EFB8C9470D4129AF5A24'O } } } } }, signature_ := { ecdsaNistP256Signature := { rSig := { x_only := '82B38A4DD0DE7314C33FBC31DF875670920EF4B0D5C900A9242F165E1C2D4259'O }, sSig := '95F7238B55D7564C46E9DBAB3D1CF9F717FAC9139A73125141C476C21A501837'O } } } } } } }, macDestinationAddress := 'FFFFFFFFFFFF'O, ssp := '000000011111111111111100'B, its_aid := 36 } id 1
01:10:06.900436 Message with id 1 was extracted from the queue of geoNetworkingPort.
01:10:06.900445 *** a_default: WARNING: Received an unexpected message ***
01:10:06.900451 Default with id 4 (altstep a_neighbourDefault) has reached a break statement. Skipping current alt statement or receiving operation.
01:10:06.900590 Receive operation on port geoNetworkingPort succeeded, message from system(): @LibItsGeoNetworking_TypesAndValues.GeoNetworkingInd: { msgIn := { basicHeader := { version := 1, nextHeader := e_securedPacket (2), reserved := 0, lifeTime := { multiplier := 6, ltBase := e_10s (2) }, routerHopLimit := 1 }, gnPacket := { packet := { commonHeader := { nextHeader := e_btpB (2), reserved := 0, headerTST := { tsbHdr := { headerType := e_topologicallyScopedBroadcast (5), headerSubType := e_singleHop (0) } }, trafficClass := { scf := e_scfDisabled (0), channelOffload := e_choffDisabled (0), tcId := 0 }, flags := '10000000'B, plLength := 30, maxHopLimit := 1, reserved2 := 0 }, extendedHeader := { shbHeader := { srcPosVector := { gnAddr := { typeOfAddress := e_initial (0), stationType := e_unknown (0), reserved := 0, mid := '020000000001'O }, timestamp_ := 3461239959, latitude := 520000000, longitude := 130000000, pai := '0'B, speed := 0, heading := 0 }, reserved := 0 } }, payload := '07D1000002020000002A0000005A946F600E612ED01FFFFFFC23B7743E80'O }, securedMsg := { protocolVersion := 3, content := { signedData := { hashId := sha256 (0), tbsData := { payload := { data := { protocolVersion := 3, content := { unsecuredData := '20500080001E01000000020000000001CE4E54971EFE920007BFA480000000000000000007D1000002020000002A0000005A946F600E612ED01FFFFFFC23B7743E80'O } }, extDataHash := omit, omitted := omit }, headerInfo := { psid := 36, generationTime := 716425811095897, expiryTime := omit, generationLocation := omit, p2pcdLearningRequest := omit, missingCrlIdentifier := omit, encryptionKey := omit, inlineP2pcdRequest := omit, requestedCertificate := omit, pduFunctionalType := omit, contributedExtensions := omit } }, signer := { certificate := { { version := 3, type_ := explicit (0), issuer := { sha256AndDigest := '35A61AC81BDD1513'O }, toBeSigned := { id := { none_ := NULL }, cracaId := '000000'O, crlSeries := 0, validityPeriod := { start_ := 716425702, duration := { hours := 24 } }, region := omit, assuranceLevel := omit, appPermissions := { { psid := 36, ssp := { bitmapSsp := '01FFFC'O } }, { psid := 37, ssp := { bitmapSsp := '01FFFFFF'O } }, { psid := 141, ssp := omit }, { psid := 638, ssp := { bitmapSsp := '01'O } } }, certIssuePermissions := omit, certRequestPermissions := omit, canRequestRollover := omit, encryptionKey := omit, verifyKeyIndicator := { verificationKey := { ecdsaNistP256 := { compressed_y_1 := '83B12AE657306336A4D0DD0A35AC6D53B1188E289837B0544503F9F70F21AA53'O } } }, flags := omit, appExtensions := omit, certIssueExtensions := omit, certRequestExtension := omit }, signature_ := { ecdsaNistP256Signature := { rSig := { x_only := '33401BAA05FCA06A6E0D82C6A5EE657C68E4B44DCB212D78C18758B2F84BB7D8'O }, sSig := 'B893C9EF5163FFBCED6AA52B7BF3C428BD62377718B2EFB8C9470D4129AF5A24'O } } } } }, signature_ := { ecdsaNistP256Signature := { rSig := { x_only := 'F6CE257A7D6DE3432FB4868B80FE94EEE92B6128CD7DC5EBF6AD7462BB117785'O }, sSig := '174A7EC09B4387B21079FEC2E71CB267152133182E63FA39A563CF026603A5E4'O } } } } } } }, macDestinationAddress := 'FFFFFFFFFFFF'O, ssp := '000000011111111111111100'B, its_aid := 36 } id 2
01:10:06.900604 Message with id 2 was extracted from the queue of geoNetworkingPort.
01:10:06.900609 *** a_default: WARNING: Received an unexpected message ***
01:10:06.900614 Default with id 4 (altstep a_neighbourDefault) has reached a break statement. Skipping current alt statement or receiving operation.
01:10:07.098483 security_services_its::process_ieee_1609_dot2_signed_data: generation time check 716425812096884 / 716425807098482, delta = 4998402.000000, comp = 0
01:10:07.099259 Message enqueued on geoNetworkingPort from system @LibItsGeoNetworking_TypesAndValues.GeoNetworkingInd : { msgIn := { basicHeader := { version := 1, nextHeader := e_securedPacket (2), reserved := 0, lifeTime := { multiplier := 6, ltBase := e_10s (2) }, routerHopLimit := 1 }, gnPacket := { packet := { commonHeader := { nextHeader := e_btpB (2), reserved := 0, headerTST := { tsbHdr := { headerType := e_topologicallyScopedBroadcast (5), headerSubType := e_singleHop (0) } }, trafficClass := { scf := e_scfDisabled (0), channelOffload := e_choffDisabled (0), tcId := 0 }, flags := '10000000'B, plLength := 30, maxHopLimit := 1, reserved2 := 0 }, extendedHeader := { shbHeader := { srcPosVector := { gnAddr := { typeOfAddress := e_initial (0), stationType := e_unknown (0), reserved := 0, mid := '020000000001'O }, timestamp_ := 3461240960, latitude := 520000000, longitude := 130000000, pai := '0'B, speed := 0, heading := 0 }, reserved := 0 } }, payload := '07D1000002020000002A0000005A946F600E612ED01FFFFFFC23B7743E80'O }, securedMsg := { protocolVersion := 3, content := { signedData := { hashId := sha256 (0), tbsData := { payload := { data := { protocolVersion := 3, content := { unsecuredData := '20500080001E01000000020000000001CE4E58801EFE920007BFA480000000000000000007D1000002020000002A0000005A946F600E612ED01FFFFFFC23B7743E80'O } }, extDataHash := omit, omitted := omit }, headerInfo := { psid := 36, generationTime := 716425812096884, expiryTime := omit, generationLocation := omit, p2pcdLearningRequest := omit, missingCrlIdentifier := omit, encryptionKey := omit, inlineP2pcdRequest := omit, requestedCertificate := omit, pduFunctionalType := omit, contributedExtensions := omit } }, signer := { certificate := { { version := 3, type_ := explicit (0), issuer := { sha256AndDigest := '35A61AC81BDD1513'O }, toBeSigned := { id := { none_ := NULL }, cracaId := '000000'O, crlSeries := 0, validityPeriod := { start_ := 716425702, duration := { hours := 24 } }, region := omit, assuranceLevel := omit, appPermissions := { { psid := 36, ssp := { bitmapSsp := '01FFFC'O } }, { psid := 37, ssp := { bitmapSsp := '01FFFFFF'O } }, { psid := 141, ssp := omit }, { psid := 638, ssp := { bitmapSsp := '01'O } } }, certIssuePermissions := omit, certRequestPermissions := omit, canRequestRollover := omit, encryptionKey := omit, verifyKeyIndicator := { verificationKey := { ecdsaNistP256 := { compressed_y_1 := '83B12AE657306336A4D0DD0A35AC6D53B1188E289837B0544503F9F70F21AA53'O } } }, flags := omit, appExtensions := omit, certIssueExtensions := omit, certRequestExtension := omit }, signature_ := { ecdsaNistP256Signature := { rSig := { x_only := '33401BAA05FCA06A6E0D82C6A5EE657C68E4B44DCB212D78C18758B2F84BB7D8'O }, sSig := 'B893C9EF5163FFBCED6AA52B7BF3C428BD62377718B2EFB8C9470D4129AF5A24'O } } } } }, signature_ := { ecdsaNistP256Signature := { rSig := { x_only := '0E3C3CA3090BA2319DA4C27D53F7EACD32EEFB082874DEFAF6EFB1D1132CC3F9'O }, sSig := 'C7D999E143A721FA3E02F9CA6306DB8A9AEB73A1A09460ED49FC584AD24A8805'O } } } } } } }, macDestinationAddress := 'FFFFFFFFFFFF'O, ssp := '000000011111111111111100'B, its_aid := 36 } id 3
01:10:07.099512 Receive operation on port geoNetworkingPort succeeded, message from system(): @LibItsGeoNetworking_TypesAndValues.GeoNetworkingInd: { msgIn := { basicHeader := { version := 1, nextHeader := e_securedPacket (2), reserved := 0, lifeTime := { multiplier := 6, ltBase := e_10s (2) }, routerHopLimit := 1 }, gnPacket := { packet := { commonHeader := { nextHeader := e_btpB (2), reserved := 0, headerTST := { tsbHdr := { headerType := e_topologicallyScopedBroadcast (5), headerSubType := e_singleHop (0) } }, trafficClass := { scf := e_scfDisabled (0), channelOffload := e_choffDisabled (0), tcId := 0 }, flags := '10000000'B, plLength := 30, maxHopLimit := 1, reserved2 := 0 }, extendedHeader := { shbHeader := { srcPosVector := { gnAddr := { typeOfAddress := e_initial (0), stationType := e_unknown (0), reserved := 0, mid := '020000000001'O }, timestamp_ := 3461240960, latitude := 520000000, longitude := 130000000, pai := '0'B, speed := 0, heading := 0 }, reserved := 0 } }, payload := '07D1000002020000002A0000005A946F600E612ED01FFFFFFC23B7743E80'O }, securedMsg := { protocolVersion := 3, content := { signedData := { hashId := sha256 (0), tbsData := { payload := { data := { protocolVersion := 3, content := { unsecuredData := '20500080001E01000000020000000001CE4E58801EFE920007BFA480000000000000000007D1000002020000002A0000005A946F600E612ED01FFFFFFC23B7743E80'O } }, extDataHash := omit, omitted := omit }, headerInfo := { psid := 36, generationTime := 716425812096884, expiryTime := omit, generationLocation := omit, p2pcdLearningRequest := omit, missingCrlIdentifier := omit, encryptionKey := omit, inlineP2pcdRequest := omit, requestedCertificate := omit, pduFunctionalType := omit, contributedExtensions := omit } }, signer := { certificate := { { version := 3, type_ := explicit (0), issuer := { sha256AndDigest := '35A61AC81BDD1513'O }, toBeSigned := { id := { none_ := NULL }, cracaId := '000000'O, crlSeries := 0, validityPeriod := { start_ := 716425702, duration := { hours := 24 } }, region := omit, assuranceLevel := omit, appPermissions := { { psid := 36, ssp := { bitmapSsp := '01FFFC'O } }, { psid := 37, ssp := { bitmapSsp := '01FFFFFF'O } }, { psid := 141, ssp := omit }, { psid := 638, ssp := { bitmapSsp := '01'O } } }, certIssuePermissions := omit, certRequestPermissions := omit, canRequestRollover := omit, encryptionKey := omit, verifyKeyIndicator := { verificationKey := { ecdsaNistP256 := { compressed_y_1 := '83B12AE657306336A4D0DD0A35AC6D53B1188E289837B0544503F9F70F21AA53'O } } }, flags := omit, appExtensions := omit, certIssueExtensions := omit, certRequestExtension := omit }, signature_ := { ecdsaNistP256Signature := { rSig := { x_only := '33401BAA05FCA06A6E0D82C6A5EE657C68E4B44DCB212D78C18758B2F84BB7D8'O }, sSig := 'B893C9EF5163FFBCED6AA52B7BF3C428BD62377718B2EFB8C9470D4129AF5A24'O } } } } }, signature_ := { ecdsaNistP256Signature := { rSig := { x_only := '0E3C3CA3090BA2319DA4C27D53F7EACD32EEFB082874DEFAF6EFB1D1132CC3F9'O }, sSig := 'C7D999E143A721FA3E02F9CA6306DB8A9AEB73A1A09460ED49FC584AD24A8805'O } } } } } } }, macDestinationAddress := 'FFFFFFFFFFFF'O, ssp := '000000011111111111111100'B, its_aid := 36 } id 3
01:10:07.099580 Message with id 3 was extracted from the queue of geoNetworkingPort.
01:10:07.099592 *** a_default: WARNING: Received an unexpected message ***
01:10:07.099598 Default with id 4 (altstep a_neighbourDefault) has reached a break statement. Skipping current alt statement or receiving operation.
01:10:07.400050 Timeout t: 0.5 s
01:10:07.400132 Creating new alive PTC with component type LibItsDenm_TestSystem.ItsDenm, component name: DENM Trigger.
01:10:07.403741 PTC was created. Component reference: 3, alive: yes, type: LibItsDenm_TestSystem.ItsDenm, component name: DENM Trigger.
01:10:07.403923 Starting function fb_secTriggerDenmEvent() on component DENM Trigger(3).
01:10:07.404468 Function was started.
01:10:07.407670 PTC with component reference 3 is done.
01:10:07.407696 **** f_selfSync: Successfully passed PREAMBLE synchronization point. ****
01:10:07.407704 Start timer tc_ac: 30 s
01:10:07.498283 security_services_its::process_ieee_1609_dot2_signed_data: generation time check 716425812496439 / 716425807498282, delta = 4998157.000000, comp = 0
01:10:07.498990 Message enqueued on geoNetworkingPort from system @LibItsGeoNetworking_TypesAndValues.GeoNetworkingInd : { msgIn := { basicHeader := { version := 1, nextHeader := e_securedPacket (2), reserved := 0, lifeTime := { multiplier := 6, ltBase := e_10s (2) }, routerHopLimit := 10 }, gnPacket := { packet := { commonHeader := { nextHeader := e_btpB (2), reserved := 0, headerTST := { geoBroadcastHdr := { headerType := e_geoBroadcast (4), headerSubType := e_geoBroadcastCircle (0) } }, trafficClass := { scf := e_scfDisabled (0), channelOffload := e_choffDisabled (0), tcId := 0 }, flags := '10000000'B, plLength := 44, maxHopLimit := 10, reserved2 := 0 }, extendedHeader := { geoBroadcastHeader := { seqNumber := 0, reserved := 0, srcPosVector := { gnAddr := { typeOfAddress := e_initial (0), stationType := e_unknown (0), reserved := 0, mid := '020000000001'O }, timestamp_ := 3461241360, latitude := 520000000, longitude := 130000000, pai := '0'B, speed := 0, heading := 0 }, geoAreaPosLatitude := 520000000, geoAreaPosLongitude := 130000000, distanceA := 500, distanceB := 0, angle := 0, reserved2 := 0 } }, payload := '07D2000002010000002A0000000015000094D9C9CB4205367272D0854A37B0073097680FFFFFFE11DBBA1F00'O }, securedMsg := { protocolVersion := 3, content := { signedData := { hashId := sha256 (0), tbsData := { payload := { data := { protocolVersion := 3, content := { unsecuredData := '20400080002C0A00000000000000020000000001CE4E5A101EFE920007BFA480000000001EFE920007BFA48001F400000000000007D2000002010000002A0000000015000094D9C9CB4205367272D0854A37B0073097680FFFFFFE11DBBA1F00'O } }, extDataHash := omit, omitted := omit }, headerInfo := { psid := 37, generationTime := 716425812496439, expiryTime := omit, generationLocation := { latitude := 520000000, longitude := 130000000, elevation := 4096 }, p2pcdLearningRequest := omit, missingCrlIdentifier := omit, encryptionKey := omit, inlineP2pcdRequest := omit, requestedCertificate := omit, pduFunctionalType := omit, contributedExtensions := omit } }, signer := { certificate := { { version := 3, type_ := explicit (0), issuer := { sha256AndDigest := '35A61AC81BDD1513'O }, toBeSigned := { id := { none_ := NULL }, cracaId := '000000'O, crlSeries := 0, validityPeriod := { start_ := 716425702, duration := { hours := 24 } }, region := omit, assuranceLevel := omit, appPermissions := { { psid := 36, ssp := { bitmapSsp := '01FFFC'O } }, { psid := 37, ssp := { bitmapSsp := '01FFFFFF'O } }, { psid := 141, ssp := omit }, { psid := 638, ssp := { bitmapSsp := '01'O } } }, certIssuePermissions := omit, certRequestPermissions := omit, canRequestRollover := omit, encryptionKey := omit, verifyKeyIndicator := { verificationKey := { ecdsaNistP256 := { compressed_y_1 := '83B12AE657306336A4D0DD0A35AC6D53B1188E289837B0544503F9F70F21AA53'O } } }, flags := omit, appExtensions := omit, certIssueExtensions := omit, certRequestExtension := omit }, signature_ := { ecdsaNistP256Signature := { rSig := { x_only := '33401BAA05FCA06A6E0D82C6A5EE657C68E4B44DCB212D78C18758B2F84BB7D8'O }, sSig := 'B893C9EF5163FFBCED6AA52B7BF3C428BD62377718B2EFB8C9470D4129AF5A24'O } } } } }, signature_ := { ecdsaNistP256Signature := { rSig := { x_only := 'AD1EAABB6E8A71A59BDD710F9603F03569EF2859A97ED583F1D3F9410FEA7993'O }, sSig := '08F5041C7F688B14A8F7D7C8ECB68AA2CCD2153E2915EEE912B2DC9D24845FB9'O } } } } } } }, macDestinationAddress := 'FFFFFFFFFFFF'O, ssp := '00000001111111111111111111111111'B, its_aid := 37 } id 4
01:10:07.499196 Receive operation on port geoNetworkingPort succeeded, message from system(): @LibItsGeoNetworking_TypesAndValues.GeoNetworkingInd : { msgIn := { basicHeader := { version := 1, nextHeader := e_securedPacket (2), reserved := 0, lifeTime := { multiplier := 6, ltBase := e_10s (2) }, routerHopLimit := 10 }, gnPacket := { packet := { commonHeader := { nextHeader := e_btpB (2), reserved := 0, headerTST := { geoBroadcastHdr := { headerType := e_geoBroadcast (4), headerSubType := e_geoBroadcastCircle (0) } }, trafficClass := { scf := e_scfDisabled (0), channelOffload := e_choffDisabled (0), tcId := 0 }, flags := '10000000'B, plLength := 44, maxHopLimit := 10, reserved2 := 0 }, extendedHeader := { geoBroadcastHeader := { seqNumber := 0, reserved := 0, srcPosVector := { gnAddr := { typeOfAddress := e_initial (0), stationType := e_unknown (0), reserved := 0, mid := '020000000001'O }, timestamp_ := 3461241360, latitude := 520000000, longitude := 130000000, pai := '0'B, speed := 0, heading := 0 }, geoAreaPosLatitude := 520000000, geoAreaPosLongitude := 130000000, distanceA := 500, distanceB := 0, angle := 0, reserved2 := 0 } }, payload := '07D2000002010000002A0000000015000094D9C9CB4205367272D0854A37B0073097680FFFFFFE11DBBA1F00'O }, securedMsg := { protocolVersion := 3, content := { signedData := { hashId := sha256 (0), tbsData := { payload := { data := { protocolVersion := 3, content := { unsecuredData := '20400080002C0A00000000000000020000000001CE4E5A101EFE920007BFA480000000001EFE920007BFA48001F400000000000007D2000002010000002A0000000015000094D9C9CB4205367272D0854A37B0073097680FFFFFFE11DBBA1F00'O } }, extDataHash := omit, omitted := omit }, headerInfo := { psid := 37, generationTime := 716425812496439, expiryTime := omit, generationLocation := { latitude := 520000000, longitude := 130000000, elevation := 4096 }, p2pcdLearningRequest := omit, missingCrlIdentifier := omit, encryptionKey := omit, inlineP2pcdRequest := omit, requestedCertificate := omit, pduFunctionalType := omit, contributedExtensions := omit } }, signer := { certificate := { { version := 3, type_ := explicit (0), issuer := { sha256AndDigest := '35A61AC81BDD1513'O }, toBeSigned := { id := { none_ := NULL }, cracaId := '000000'O, crlSeries := 0, validityPeriod := { start_ := 716425702, duration := { hours := 24 } }, region := omit, assuranceLevel := omit, appPermissions := { { psid := 36, ssp := { bitmapSsp := '01FFFC'O } }, { psid := 37, ssp := { bitmapSsp := '01FFFFFF'O } }, { psid := 141, ssp := omit }, { psid := 638, ssp := { bitmapSsp := '01'O } } }, certIssuePermissions := omit, certRequestPermissions := omit, canRequestRollover := omit, encryptionKey := omit, verifyKeyIndicator := { verificationKey := { ecdsaNistP256 := { compressed_y_1 := '83B12AE657306336A4D0DD0A35AC6D53B1188E289837B0544503F9F70F21AA53'O } } }, flags := omit, appExtensions := omit, certIssueExtensions := omit, certRequestExtension := omit }, signature_ := { ecdsaNistP256Signature := { rSig := { x_only := '33401BAA05FCA06A6E0D82C6A5EE657C68E4B44DCB212D78C18758B2F84BB7D8'O }, sSig := 'B893C9EF5163FFBCED6AA52B7BF3C428BD62377718B2EFB8C9470D4129AF5A24'O } } } } }, signature_ := { ecdsaNistP256Signature := { rSig := { x_only := 'AD1EAABB6E8A71A59BDD710F9603F03569EF2859A97ED583F1D3F9410FEA7993'O }, sSig := '08F5041C7F688B14A8F7D7C8ECB68AA2CCD2153E2915EEE912B2DC9D24845FB9'O } } } } } } }, macDestinationAddress := 'FFFFFFFFFFFF'O, ssp := '00000001111111111111111111111111'B, its_aid := 37 } id 4
01:10:07.499222 Message with id 4 was extracted from the queue of geoNetworkingPort.
01:10:07.499240 Stop timer tc_ac: 30 s
01:10:07.499254 *** TC_SEC_ITSS_SND_DENM_01_BV: PASS: The DEN message is secured
01:10:07.499261 setverdict(pass): none -> pass
01:10:07.499345 **** f_selfSync: Successfully passed TEST BODY synchronization point. ****
01:10:07.499355 Starting function fb_secCancelDenmEvent() on component DENM Trigger(3).
01:10:07.499785 Function was started.
01:10:07.501212 PTC with component reference 3 is done.
01:10:07.501231 Killing PTC with component reference 3.
01:10:07.501787 PTC with component reference 3 is killed.
01:10:07.501913 Sent on acPort to system @LibItsGeoNetworking_TypesAndValues.AcGnPrimitive : { stopBeaconing := { } }
01:10:07.501954 Default with id 4 (altstep a_neighbourDefault) was deactivated.
01:10:07.501975 Sent on acPort to system @LibItsCommon_TypesAndValues.AcSecPrimitive : { acDisableSecurity := { disable := true } }
01:10:07.501984 Message enqueued on acPort from system @LibItsCommon_TypesAndValues.AdapterControlResults : { acSecResponse := true } id 2
01:10:07.501992 Start timer tc_ac: 30 s
01:10:07.502008 Receive operation on port acPort succeeded, message from system(): @LibItsCommon_TypesAndValues.AdapterControlResults : { acSecResponse := true } id 2
01:10:07.502016 Message with id 2 was extracted from the queue of acPort.
01:10:07.502021 Stop timer tc_ac: 30 s
01:10:07.502027 Unmapping port mtc:acPort from system:acPort.
01:10:07.502229 Port acPort was unmapped from system:acPort.
01:10:07.502747 Unmap operation of mtc:acPort from system:acPort finished.
01:10:07.502788 Unmapping port mtc:utPort from system:utPort.
01:10:07.503001 Port utPort was unmapped from system:utPort.
01:10:07.503275 Unmap operation of mtc:utPort from system:utPort finished.
01:10:07.503304 Unmapping port mtc:geoNetworkingPort from system:geoNetworkingPort.
01:10:07.503551 Port geoNetworkingPort was unmapped from system:geoNetworkingPort.
01:10:07.504030 Unmap operation of mtc:geoNetworkingPort from system:geoNetworkingPort finished.
01:10:07.504111 Disconnecting ports mtc:syncSendPort and mtc:syncPort.
01:10:07.504315 Port syncSendPort has terminated the connection with local port syncPort.
01:10:07.504331 Port syncPort has terminated the connection with local port syncSendPort.
01:10:07.504449 Disconnect operation on mtc:syncSendPort and mtc:syncPort finished.
01:10:07.504462 Terminating component type LibItsGeoNetworking_TestSystem.ItsGeoNetworking.
01:10:07.504472 Default with id 1 (altstep a_cf01Down) was deactivated.
01:10:07.504480 Default with id 2 (altstep a_default) was deactivated.
01:10:07.504484 Default with id 3 (altstep a_utDefault) was deactivated.
01:10:07.504490 Port syncSendPort was stopped.
01:10:07.504498 Port syncPort was stopped.
01:10:07.504503 Port utPort was stopped.
01:10:07.504507 Port acPort was stopped.
01:10:07.504512 Port geoNetworkingPort was stopped.
01:10:07.504516 Component type LibItsGeoNetworking_TestSystem.ItsGeoNetworking was shut down inside testcase TC_SEC_ITSS_SND_DENM_01_BV.
01:10:07.504524 Waiting for PTCs to finish.
01:10:07.504729 Setting final verdict of the test case.
01:10:07.504769 Local verdict of MTC: pass
01:10:07.504785 Local verdict of PTC DENM Trigger(3): none (pass -> pass)
01:10:07.504801 Test case TC_SEC_ITSS_SND_DENM_01_BV finished. Verdict: pass
01:10:07.505172 Executing test case TC_SEC_ITSS_SND_DENM_02_BV in module ItsSecurity_TestCases.
01:10:07.505258 Test case TC_SEC_ITSS_SND_DENM_02_BV started.
01:10:07.505270 Initializing variables, timers and ports of component type LibItsGeoNetworking_TestSystem.ItsGeoNetworking inside testcase TC_SEC_ITSS_SND_DENM_02_BV.
01:10:07.505339 Port syncSendPort was started.
01:10:07.505347 Port syncPort was started.
01:10:07.505351 Port utPort was started.
01:10:07.505356 Port acPort was started.
01:10:07.505359 Port geoNetworkingPort was started.
01:10:07.505364 Component type LibItsGeoNetworking_TestSystem.ItsGeoNetworking was initialized.
01:10:07.505371 Mapping port mtc:acPort to system:acPort.
01:10:07.505433 Port acPort was mapped to system:acPort.
01:10:07.505519 Map operation of mtc:acPort to system:acPort finished.
01:10:07.505531 Mapping port mtc:utPort to system:utPort.
01:10:07.506003 Port utPort was mapped to system:utPort.
01:10:07.506419 Map operation of mtc:utPort to system:utPort finished.
01:10:07.506464 Mapping port mtc:geoNetworkingPort to system:geoNetworkingPort.
01:10:07.507374 security_services_its::setup: Already done
01:10:07.508021 Port geoNetworkingPort was mapped to system:geoNetworkingPort.
01:10:07.508455 Map operation of mtc:geoNetworkingPort to system:geoNetworkingPort finished.
01:10:07.508531 Connecting ports mtc:syncSendPort and mtc:syncPort.
01:10:07.508831 Port syncPort has established the connection with local port syncSendPort.
01:10:07.508850 Port syncSendPort has established the connection with local port syncPort.
01:10:07.509090 Connect operation on mtc:syncSendPort and mtc:syncPort finished.
01:10:07.509183 Altstep a_cf01Down was activated as default, id 1
01:10:07.509315 security_services_its::setup: Already done
01:10:07.509549 Selected issuer: '409716B75CED98AC'O
01:10:07.509716 Sent on utPort to system @LibItsGeoNetworking_TypesAndValues.UtGnInitialize : { hashedId8 := '881211CED3FBEF3E'O }
01:10:07.511542 Message enqueued on utPort from system @LibItsGeoNetworking_TypesAndValues.UtGnResults : { utGnInitializeResult := true } id 1
01:10:07.511708 Start timer tc_wait: 120 s
01:10:07.511768 Receive operation on port utPort succeeded, message from system(): @LibItsGeoNetworking_TypesAndValues.UtGnResults : { utGnInitializeResult := true } id 1
01:10:07.511781 Message with id 1 was extracted from the queue of utPort.
01:10:07.511789 Stop timer tc_wait: 120 s
01:10:07.511795 *** f_utInitializeIut: INFO: IUT initialized ***
01:10:07.511803 Start timer t: 1 s
01:10:07.609767 security_services_its::process_ieee_1609_dot2_signed_data: generation time check 716425812608409 / 716425807609766, delta = 4998643.000000, comp = 0
01:10:07.610463 Message enqueued on geoNetworkingPort from system @LibItsGeoNetworking_TypesAndValues.GeoNetworkingInd : { msgIn := { basicHeader := { version := 1, nextHeader := e_securedPacket (2), reserved := 0, lifeTime := { multiplier := 6, ltBase := e_10s (2) }, routerHopLimit := 1 }, gnPacket := { packet := { commonHeader := { nextHeader := e_btpB (2), reserved := 0, headerTST := { tsbHdr := { headerType := e_topologicallyScopedBroadcast (5), headerSubType := e_singleHop (0) } }, trafficClass := { scf := e_scfDisabled (0), channelOffload := e_choffDisabled (0), tcId := 0 }, flags := '10000000'B, plLength := 30, maxHopLimit := 1, reserved2 := 0 }, extendedHeader := { shbHeader := { srcPosVector := { gnAddr := { typeOfAddress := e_initial (0), stationType := e_unknown (0), reserved := 0, mid := '020000000001'O }, timestamp_ := 3461241472, latitude := 520000000, longitude := 130000000, pai := '0'B, speed := 0, heading := 0 }, reserved := 0 } }, payload := '07D1000002020000002A0000005A946F600E612ED01FFFFFFC23B7743E80'O }, securedMsg := { protocolVersion := 3, content := { signedData := { hashId := sha256 (0), tbsData := { payload := { data := { protocolVersion := 3, content := { unsecuredData := '20500080001E01000000020000000001CE4E5A801EFE920007BFA480000000000000000007D1000002020000002A0000005A946F600E612ED01FFFFFFC23B7743E80'O } }, extDataHash := omit, omitted := omit }, headerInfo := { psid := 36, generationTime := 716425812608409, expiryTime := omit, generationLocation := omit, p2pcdLearningRequest := omit, missingCrlIdentifier := omit, encryptionKey := omit, inlineP2pcdRequest := omit, requestedCertificate := omit, pduFunctionalType := omit, contributedExtensions := omit } }, signer := { certificate := { { version := 3, type_ := explicit (0), issuer := { sha256AndDigest := '35A61AC81BDD1513'O }, toBeSigned := { id := { none_ := NULL }, cracaId := '000000'O, crlSeries := 0, validityPeriod := { start_ := 716425702, duration := { hours := 24 } }, region := omit, assuranceLevel := omit, appPermissions := { { psid := 36, ssp := { bitmapSsp := '01FFFC'O } }, { psid := 37, ssp := { bitmapSsp := '01FFFFFF'O } }, { psid := 141, ssp := omit }, { psid := 638, ssp := { bitmapSsp := '01'O } } }, certIssuePermissions := omit, certRequestPermissions := omit, canRequestRollover := omit, encryptionKey := omit, verifyKeyIndicator := { verificationKey := { ecdsaNistP256 := { compressed_y_1 := '83B12AE657306336A4D0DD0A35AC6D53B1188E289837B0544503F9F70F21AA53'O } } }, flags := omit, appExtensions := omit, certIssueExtensions := omit, certRequestExtension := omit }, signature_ := { ecdsaNistP256Signature := { rSig := { x_only := '33401BAA05FCA06A6E0D82C6A5EE657C68E4B44DCB212D78C18758B2F84BB7D8'O }, sSig := 'B893C9EF5163FFBCED6AA52B7BF3C428BD62377718B2EFB8C9470D4129AF5A24'O } } } } }, signature_ := { ecdsaNistP256Signature := { rSig := { x_only := '6A364037223E82A548A046A372144911810CA6DBF5B8D8D83B6D760E43475138'O }, sSig := 'D09C1C691DDEC8A7AA0F1C42D8D4352E74890763BFDE6E130C710C3210774187'O } } } } } } }, macDestinationAddress := 'FFFFFFFFFFFF'O, ssp := '000000011111111111111100'B, its_aid := 36 } id 1
01:10:08.511816 Timeout t: 1 s
01:10:08.511966 Sent on acPort to system @LibItsGeoNetworking_TypesAndValues.AcGnPrimitive : { getLongPosVector := { gnAddress := { typeOfAddress := e_initial (0), stationType := e_unknown (0), reserved := 0, mid := '020000000001'O } } }
01:10:08.511985 Message enqueued on acPort from system @LibItsGeoNetworking_TypesAndValues.AcGnResponse : { getLongPosVector := { gnAddr := { typeOfAddress := e_initial (0), stationType := e_unknown (0), reserved := 0, mid := '020000000001'O }, timestamp_ := 0, latitude := 520000000, longitude := 130000000, pai := '0'B, speed := 0, heading := 0 } } id 1
01:10:08.511997 Start timer tc_ac: 30 s
01:10:08.512018 Receive operation on port acPort succeeded, message from system(): @LibItsGeoNetworking_TypesAndValues.AcGnResponse : { getLongPosVector := { gnAddr := { typeOfAddress := e_initial (0), stationType := e_unknown (0), reserved := 0, mid := '020000000001'O }, timestamp_ := 0, latitude := 520000000, longitude := 130000000, pai := '0'B, speed := 0, heading := 0 } } id 1
01:10:08.512035 Message with id 1 was extracted from the queue of acPort.
01:10:08.512039 Stop timer tc_ac: 30 s
01:10:08.512098 Altstep a_default was activated as default, id 2
01:10:08.512104 Altstep a_utDefault was activated as default, id 3
01:10:08.512106 Altstep a_neighbourDefault was activated as default, id 4
01:10:08.512201 Sent on acPort to system @LibItsGeoNetworking_TypesAndValues.AcGnPrimitive : { startBeaconing := { beaconPacket := { basicHeader := { version := 1, nextHeader := e_commonHeader (1), reserved := 0, lifeTime := { multiplier := 10, ltBase := e_100s (3) }, routerHopLimit := 1 }, gnPacket := { packet := { commonHeader := { nextHeader := e_any (0), reserved := 0, headerTST := { beaconHdr := { headerType := e_beacon (1), headerSubType := 0 } }, trafficClass := { scf := e_scfEnabled (1), channelOffload := e_choffDisabled (0), tcId := 0 }, flags := '00000000'B, plLength := 0, maxHopLimit := 1, reserved2 := 0 }, extendedHeader := { beaconHeader := { srcPosVector := { gnAddr := { typeOfAddress := e_manual (1), stationType := e_passengerCar (5), reserved := 0, mid := '00000000000B'O }, timestamp_ := 3461236376, latitude := 520020000, longitude := 130000000, pai := '1'B, speed := 0, heading := 0 } } }, payload := omit }, securedMsg := omit } } } }
01:10:08.512436 Start timer t: 1 s
01:10:08.709291 security_services_its::process_ieee_1609_dot2_signed_data: generation time check 716425813708060 / 716425808709290, delta = 4998770.000000, comp = 0
01:10:08.709860 Message enqueued on geoNetworkingPort from system @LibItsGeoNetworking_TypesAndValues.GeoNetworkingInd : { msgIn := { basicHeader := { version := 1, nextHeader := e_securedPacket (2), reserved := 0, lifeTime := { multiplier := 6, ltBase := e_10s (2) }, routerHopLimit := 1 }, gnPacket := { packet := { commonHeader := { nextHeader := e_btpB (2), reserved := 0, headerTST := { tsbHdr := { headerType := e_topologicallyScopedBroadcast (5), headerSubType := e_singleHop (0) } }, trafficClass := { scf := e_scfDisabled (0), channelOffload := e_choffDisabled (0), tcId := 0 }, flags := '10000000'B, plLength := 30, maxHopLimit := 1, reserved2 := 0 }, extendedHeader := { shbHeader := { srcPosVector := { gnAddr := { typeOfAddress := e_initial (0), stationType := e_unknown (0), reserved := 0, mid := '020000000001'O }, timestamp_ := 3461242572, latitude := 520000000, longitude := 130000000, pai := '0'B, speed := 0, heading := 0 }, reserved := 0 } }, payload := '07D1000002020000002A0000005A946F600E612ED01FFFFFFC23B7743E80'O }, securedMsg := { protocolVersion := 3, content := { signedData := { hashId := sha256 (0), tbsData := { payload := { data := { protocolVersion := 3, content := { unsecuredData := '20500080001E01000000020000000001CE4E5ECC1EFE920007BFA480000000000000000007D1000002020000002A0000005A946F600E612ED01FFFFFFC23B7743E80'O } }, extDataHash := omit, omitted := omit }, headerInfo := { psid := 36, generationTime := 716425813708060, expiryTime := omit, generationLocation := omit, p2pcdLearningRequest := omit, missingCrlIdentifier := omit, encryptionKey := omit, inlineP2pcdRequest := omit, requestedCertificate := omit, pduFunctionalType := omit, contributedExtensions := omit } }, signer := { certificate := { { version := 3, type_ := explicit (0), issuer := { sha256AndDigest := '35A61AC81BDD1513'O }, toBeSigned := { id := { none_ := NULL }, cracaId := '000000'O, crlSeries := 0, validityPeriod := { start_ := 716425702, duration := { hours := 24 } }, region := omit, assuranceLevel := omit, appPermissions := { { psid := 36, ssp := { bitmapSsp := '01FFFC'O } }, { psid := 37, ssp := { bitmapSsp := '01FFFFFF'O } }, { psid := 141, ssp := omit }, { psid := 638, ssp := { bitmapSsp := '01'O } } }, certIssuePermissions := omit, certRequestPermissions := omit, canRequestRollover := omit, encryptionKey := omit, verifyKeyIndicator := { verificationKey := { ecdsaNistP256 := { compressed_y_1 := '83B12AE657306336A4D0DD0A35AC6D53B1188E289837B0544503F9F70F21AA53'O } } }, flags := omit, appExtensions := omit, certIssueExtensions := omit, certRequestExtension := omit }, signature_ := { ecdsaNistP256Signature := { rSig := { x_only := '33401BAA05FCA06A6E0D82C6A5EE657C68E4B44DCB212D78C18758B2F84BB7D8'O }, sSig := 'B893C9EF5163FFBCED6AA52B7BF3C428BD62377718B2EFB8C9470D4129AF5A24'O } } } } }, signature_ := { ecdsaNistP256Signature := { rSig := { x_only := 'BE80EBC6FD8639BD19CB3306740BBB194515326C46A75C50556E8A767EB6A867'O }, sSig := '3192509F43F17783C807576A1F6329CE9A00556DED70125897CEC2A629FB7D55'O } } } } } } }, macDestinationAddress := 'FFFFFFFFFFFF'O, ssp := '000000011111111111111100'B, its_aid := 36 } id 2
01:10:09.512452 Timeout t: 1 s
01:10:09.512579 Start timer t: 0.5 s
01:10:09.512979 Receive operation on port geoNetworkingPort succeeded, message from system(): @LibItsGeoNetworking_TypesAndValues.GeoNetworkingInd: { msgIn := { basicHeader := { version := 1, nextHeader := e_securedPacket (2), reserved := 0, lifeTime := { multiplier := 6, ltBase := e_10s (2) }, routerHopLimit := 1 }, gnPacket := { packet := { commonHeader := { nextHeader := e_btpB (2), reserved := 0, headerTST := { tsbHdr := { headerType := e_topologicallyScopedBroadcast (5), headerSubType := e_singleHop (0) } }, trafficClass := { scf := e_scfDisabled (0), channelOffload := e_choffDisabled (0), tcId := 0 }, flags := '10000000'B, plLength := 30, maxHopLimit := 1, reserved2 := 0 }, extendedHeader := { shbHeader := { srcPosVector := { gnAddr := { typeOfAddress := e_initial (0), stationType := e_unknown (0), reserved := 0, mid := '020000000001'O }, timestamp_ := 3461241472, latitude := 520000000, longitude := 130000000, pai := '0'B, speed := 0, heading := 0 }, reserved := 0 } }, payload := '07D1000002020000002A0000005A946F600E612ED01FFFFFFC23B7743E80'O }, securedMsg := { protocolVersion := 3, content := { signedData := { hashId := sha256 (0), tbsData := { payload := { data := { protocolVersion := 3, content := { unsecuredData := '20500080001E01000000020000000001CE4E5A801EFE920007BFA480000000000000000007D1000002020000002A0000005A946F600E612ED01FFFFFFC23B7743E80'O } }, extDataHash := omit, omitted := omit }, headerInfo := { psid := 36, generationTime := 716425812608409, expiryTime := omit, generationLocation := omit, p2pcdLearningRequest := omit, missingCrlIdentifier := omit, encryptionKey := omit, inlineP2pcdRequest := omit, requestedCertificate := omit, pduFunctionalType := omit, contributedExtensions := omit } }, signer := { certificate := { { version := 3, type_ := explicit (0), issuer := { sha256AndDigest := '35A61AC81BDD1513'O }, toBeSigned := { id := { none_ := NULL }, cracaId := '000000'O, crlSeries := 0, validityPeriod := { start_ := 716425702, duration := { hours := 24 } }, region := omit, assuranceLevel := omit, appPermissions := { { psid := 36, ssp := { bitmapSsp := '01FFFC'O } }, { psid := 37, ssp := { bitmapSsp := '01FFFFFF'O } }, { psid := 141, ssp := omit }, { psid := 638, ssp := { bitmapSsp := '01'O } } }, certIssuePermissions := omit, certRequestPermissions := omit, canRequestRollover := omit, encryptionKey := omit, verifyKeyIndicator := { verificationKey := { ecdsaNistP256 := { compressed_y_1 := '83B12AE657306336A4D0DD0A35AC6D53B1188E289837B0544503F9F70F21AA53'O } } }, flags := omit, appExtensions := omit, certIssueExtensions := omit, certRequestExtension := omit }, signature_ := { ecdsaNistP256Signature := { rSig := { x_only := '33401BAA05FCA06A6E0D82C6A5EE657C68E4B44DCB212D78C18758B2F84BB7D8'O }, sSig := 'B893C9EF5163FFBCED6AA52B7BF3C428BD62377718B2EFB8C9470D4129AF5A24'O } } } } }, signature_ := { ecdsaNistP256Signature := { rSig := { x_only := '6A364037223E82A548A046A372144911810CA6DBF5B8D8D83B6D760E43475138'O }, sSig := 'D09C1C691DDEC8A7AA0F1C42D8D4352E74890763BFDE6E130C710C3210774187'O } } } } } } }, macDestinationAddress := 'FFFFFFFFFFFF'O, ssp := '000000011111111111111100'B, its_aid := 36 } id 1
01:10:09.513017 Message with id 1 was extracted from the queue of geoNetworkingPort.
01:10:09.513027 *** a_default: WARNING: Received an unexpected message ***
01:10:09.513033 Default with id 4 (altstep a_neighbourDefault) has reached a break statement. Skipping current alt statement or receiving operation.
01:10:09.513195 Receive operation on port geoNetworkingPort succeeded, message from system(): @LibItsGeoNetworking_TypesAndValues.GeoNetworkingInd: { msgIn := { basicHeader := { version := 1, nextHeader := e_securedPacket (2), reserved := 0, lifeTime := { multiplier := 6, ltBase := e_10s (2) }, routerHopLimit := 1 }, gnPacket := { packet := { commonHeader := { nextHeader := e_btpB (2), reserved := 0, headerTST := { tsbHdr := { headerType := e_topologicallyScopedBroadcast (5), headerSubType := e_singleHop (0) } }, trafficClass := { scf := e_scfDisabled (0), channelOffload := e_choffDisabled (0), tcId := 0 }, flags := '10000000'B, plLength := 30, maxHopLimit := 1, reserved2 := 0 }, extendedHeader := { shbHeader := { srcPosVector := { gnAddr := { typeOfAddress := e_initial (0), stationType := e_unknown (0), reserved := 0, mid := '020000000001'O }, timestamp_ := 3461242572, latitude := 520000000, longitude := 130000000, pai := '0'B, speed := 0, heading := 0 }, reserved := 0 } }, payload := '07D1000002020000002A0000005A946F600E612ED01FFFFFFC23B7743E80'O }, securedMsg := { protocolVersion := 3, content := { signedData := { hashId := sha256 (0), tbsData := { payload := { data := { protocolVersion := 3, content := { unsecuredData := '20500080001E01000000020000000001CE4E5ECC1EFE920007BFA480000000000000000007D1000002020000002A0000005A946F600E612ED01FFFFFFC23B7743E80'O } }, extDataHash := omit, omitted := omit }, headerInfo := { psid := 36, generationTime := 716425813708060, expiryTime := omit, generationLocation := omit, p2pcdLearningRequest := omit, missingCrlIdentifier := omit, encryptionKey := omit, inlineP2pcdRequest := omit, requestedCertificate := omit, pduFunctionalType := omit, contributedExtensions := omit } }, signer := { certificate := { { version := 3, type_ := explicit (0), issuer := { sha256AndDigest := '35A61AC81BDD1513'O }, toBeSigned := { id := { none_ := NULL }, cracaId := '000000'O, crlSeries := 0, validityPeriod := { start_ := 716425702, duration := { hours := 24 } }, region := omit, assuranceLevel := omit, appPermissions := { { psid := 36, ssp := { bitmapSsp := '01FFFC'O } }, { psid := 37, ssp := { bitmapSsp := '01FFFFFF'O } }, { psid := 141, ssp := omit }, { psid := 638, ssp := { bitmapSsp := '01'O } } }, certIssuePermissions := omit, certRequestPermissions := omit, canRequestRollover := omit, encryptionKey := omit, verifyKeyIndicator := { verificationKey := { ecdsaNistP256 := { compressed_y_1 := '83B12AE657306336A4D0DD0A35AC6D53B1188E289837B0544503F9F70F21AA53'O } } }, flags := omit, appExtensions := omit, certIssueExtensions := omit, certRequestExtension := omit }, signature_ := { ecdsaNistP256Signature := { rSig := { x_only := '33401BAA05FCA06A6E0D82C6A5EE657C68E4B44DCB212D78C18758B2F84BB7D8'O }, sSig := 'B893C9EF5163FFBCED6AA52B7BF3C428BD62377718B2EFB8C9470D4129AF5A24'O } } } } }, signature_ := { ecdsaNistP256Signature := { rSig := { x_only := 'BE80EBC6FD8639BD19CB3306740BBB194515326C46A75C50556E8A767EB6A867'O }, sSig := '3192509F43F17783C807576A1F6329CE9A00556DED70125897CEC2A629FB7D55'O } } } } } } }, macDestinationAddress := 'FFFFFFFFFFFF'O, ssp := '000000011111111111111100'B, its_aid := 36 } id 2
01:10:09.513210 Message with id 2 was extracted from the queue of geoNetworkingPort.
01:10:09.513216 *** a_default: WARNING: Received an unexpected message ***
01:10:09.513220 Default with id 4 (altstep a_neighbourDefault) has reached a break statement. Skipping current alt statement or receiving operation.
01:10:09.710891 security_services_its::process_ieee_1609_dot2_signed_data: generation time check 716425814709106 / 716425809710890, delta = 4998216.000000, comp = 0
01:10:09.711895 Message enqueued on geoNetworkingPort from system @LibItsGeoNetworking_TypesAndValues.GeoNetworkingInd : { msgIn := { basicHeader := { version := 1, nextHeader := e_securedPacket (2), reserved := 0, lifeTime := { multiplier := 6, ltBase := e_10s (2) }, routerHopLimit := 1 }, gnPacket := { packet := { commonHeader := { nextHeader := e_btpB (2), reserved := 0, headerTST := { tsbHdr := { headerType := e_topologicallyScopedBroadcast (5), headerSubType := e_singleHop (0) } }, trafficClass := { scf := e_scfDisabled (0), channelOffload := e_choffDisabled (0), tcId := 0 }, flags := '10000000'B, plLength := 30, maxHopLimit := 1, reserved2 := 0 }, extendedHeader := { shbHeader := { srcPosVector := { gnAddr := { typeOfAddress := e_initial (0), stationType := e_unknown (0), reserved := 0, mid := '020000000001'O }, timestamp_ := 3461243573, latitude := 520000000, longitude := 130000000, pai := '0'B, speed := 0, heading := 0 }, reserved := 0 } }, payload := '07D1000002020000002A0000005A946F600E612ED01FFFFFFC23B7743E80'O }, securedMsg := { protocolVersion := 3, content := { signedData := { hashId := sha256 (0), tbsData := { payload := { data := { protocolVersion := 3, content := { unsecuredData := '20500080001E01000000020000000001CE4E62B51EFE920007BFA480000000000000000007D1000002020000002A0000005A946F600E612ED01FFFFFFC23B7743E80'O } }, extDataHash := omit, omitted := omit }, headerInfo := { psid := 36, generationTime := 716425814709106, expiryTime := omit, generationLocation := omit, p2pcdLearningRequest := omit, missingCrlIdentifier := omit, encryptionKey := omit, inlineP2pcdRequest := omit, requestedCertificate := omit, pduFunctionalType := omit, contributedExtensions := omit } }, signer := { certificate := { { version := 3, type_ := explicit (0), issuer := { sha256AndDigest := '35A61AC81BDD1513'O }, toBeSigned := { id := { none_ := NULL }, cracaId := '000000'O, crlSeries := 0, validityPeriod := { start_ := 716425702, duration := { hours := 24 } }, region := omit, assuranceLevel := omit, appPermissions := { { psid := 36, ssp := { bitmapSsp := '01FFFC'O } }, { psid := 37, ssp := { bitmapSsp := '01FFFFFF'O } }, { psid := 141, ssp := omit }, { psid := 638, ssp := { bitmapSsp := '01'O } } }, certIssuePermissions := omit, certRequestPermissions := omit, canRequestRollover := omit, encryptionKey := omit, verifyKeyIndicator := { verificationKey := { ecdsaNistP256 := { compressed_y_1 := '83B12AE657306336A4D0DD0A35AC6D53B1188E289837B0544503F9F70F21AA53'O } } }, flags := omit, appExtensions := omit, certIssueExtensions := omit, certRequestExtension := omit }, signature_ := { ecdsaNistP256Signature := { rSig := { x_only := '33401BAA05FCA06A6E0D82C6A5EE657C68E4B44DCB212D78C18758B2F84BB7D8'O }, sSig := 'B893C9EF5163FFBCED6AA52B7BF3C428BD62377718B2EFB8C9470D4129AF5A24'O } } } } }, signature_ := { ecdsaNistP256Signature := { rSig := { x_only := '4479ABF8D24848E50E26E8949C3B228C1C74B05F99E6AE8CDA53C4FD47BD8A10'O }, sSig := '06D64429F72BD6F88B7C20E2C126471B305C9DAF6B9BF06A74746649211CD099'O } } } } } } }, macDestinationAddress := 'FFFFFFFFFFFF'O, ssp := '000000011111111111111100'B, its_aid := 36 } id 3
01:10:09.712210 Receive operation on port geoNetworkingPort succeeded, message from system(): @LibItsGeoNetworking_TypesAndValues.GeoNetworkingInd: { msgIn := { basicHeader := { version := 1, nextHeader := e_securedPacket (2), reserved := 0, lifeTime := { multiplier := 6, ltBase := e_10s (2) }, routerHopLimit := 1 }, gnPacket := { packet := { commonHeader := { nextHeader := e_btpB (2), reserved := 0, headerTST := { tsbHdr := { headerType := e_topologicallyScopedBroadcast (5), headerSubType := e_singleHop (0) } }, trafficClass := { scf := e_scfDisabled (0), channelOffload := e_choffDisabled (0), tcId := 0 }, flags := '10000000'B, plLength := 30, maxHopLimit := 1, reserved2 := 0 }, extendedHeader := { shbHeader := { srcPosVector := { gnAddr := { typeOfAddress := e_initial (0), stationType := e_unknown (0), reserved := 0, mid := '020000000001'O }, timestamp_ := 3461243573, latitude := 520000000, longitude := 130000000, pai := '0'B, speed := 0, heading := 0 }, reserved := 0 } }, payload := '07D1000002020000002A0000005A946F600E612ED01FFFFFFC23B7743E80'O }, securedMsg := { protocolVersion := 3, content := { signedData := { hashId := sha256 (0), tbsData := { payload := { data := { protocolVersion := 3, content := { unsecuredData := '20500080001E01000000020000000001CE4E62B51EFE920007BFA480000000000000000007D1000002020000002A0000005A946F600E612ED01FFFFFFC23B7743E80'O } }, extDataHash := omit, omitted := omit }, headerInfo := { psid := 36, generationTime := 716425814709106, expiryTime := omit, generationLocation := omit, p2pcdLearningRequest := omit, missingCrlIdentifier := omit, encryptionKey := omit, inlineP2pcdRequest := omit, requestedCertificate := omit, pduFunctionalType := omit, contributedExtensions := omit } }, signer := { certificate := { { version := 3, type_ := explicit (0), issuer := { sha256AndDigest := '35A61AC81BDD1513'O }, toBeSigned := { id := { none_ := NULL }, cracaId := '000000'O, crlSeries := 0, validityPeriod := { start_ := 716425702, duration := { hours := 24 } }, region := omit, assuranceLevel := omit, appPermissions := { { psid := 36, ssp := { bitmapSsp := '01FFFC'O } }, { psid := 37, ssp := { bitmapSsp := '01FFFFFF'O } }, { psid := 141, ssp := omit }, { psid := 638, ssp := { bitmapSsp := '01'O } } }, certIssuePermissions := omit, certRequestPermissions := omit, canRequestRollover := omit, encryptionKey := omit, verifyKeyIndicator := { verificationKey := { ecdsaNistP256 := { compressed_y_1 := '83B12AE657306336A4D0DD0A35AC6D53B1188E289837B0544503F9F70F21AA53'O } } }, flags := omit, appExtensions := omit, certIssueExtensions := omit, certRequestExtension := omit }, signature_ := { ecdsaNistP256Signature := { rSig := { x_only := '33401BAA05FCA06A6E0D82C6A5EE657C68E4B44DCB212D78C18758B2F84BB7D8'O }, sSig := 'B893C9EF5163FFBCED6AA52B7BF3C428BD62377718B2EFB8C9470D4129AF5A24'O } } } } }, signature_ := { ecdsaNistP256Signature := { rSig := { x_only := '4479ABF8D24848E50E26E8949C3B228C1C74B05F99E6AE8CDA53C4FD47BD8A10'O }, sSig := '06D64429F72BD6F88B7C20E2C126471B305C9DAF6B9BF06A74746649211CD099'O } } } } } } }, macDestinationAddress := 'FFFFFFFFFFFF'O, ssp := '000000011111111111111100'B, its_aid := 36 } id 3
01:10:09.712336 Message with id 3 was extracted from the queue of geoNetworkingPort.
01:10:09.712351 *** a_default: WARNING: Received an unexpected message ***
01:10:09.712358 Default with id 4 (altstep a_neighbourDefault) has reached a break statement. Skipping current alt statement or receiving operation.
01:10:10.012999 Timeout t: 0.5 s
01:10:10.013409 Creating new alive PTC with component type LibItsDenm_TestSystem.ItsDenm, component name: DENM Trigger.
01:10:10.020026 PTC was created. Component reference: 4, alive: yes, type: LibItsDenm_TestSystem.ItsDenm, component name: DENM Trigger.
01:10:10.020057 Starting function fb_secTriggerDenmEvent() on component DENM Trigger(4).
01:10:10.020333 Function was started.
01:10:10.023748 PTC with component reference 4 is done.
01:10:10.023797 **** f_selfSync: Successfully passed PREAMBLE synchronization point. ****
01:10:10.023811 Start timer tc_ac: 30 s
01:10:10.110690 security_services_its::process_ieee_1609_dot2_signed_data: generation time check 716425815108592 / 716425810110689, delta = 4997903.000000, comp = 0
01:10:10.112054 Message enqueued on geoNetworkingPort from system @LibItsGeoNetworking_TypesAndValues.GeoNetworkingInd : { msgIn := { basicHeader := { version := 1, nextHeader := e_securedPacket (2), reserved := 0, lifeTime := { multiplier := 6, ltBase := e_10s (2) }, routerHopLimit := 10 }, gnPacket := { packet := { commonHeader := { nextHeader := e_btpB (2), reserved := 0, headerTST := { geoBroadcastHdr := { headerType := e_geoBroadcast (4), headerSubType := e_geoBroadcastCircle (0) } }, trafficClass := { scf := e_scfDisabled (0), channelOffload := e_choffDisabled (0), tcId := 0 }, flags := '10000000'B, plLength := 44, maxHopLimit := 10, reserved2 := 0 }, extendedHeader := { geoBroadcastHeader := { seqNumber := 0, reserved := 0, srcPosVector := { gnAddr := { typeOfAddress := e_initial (0), stationType := e_unknown (0), reserved := 0, mid := '020000000001'O }, timestamp_ := 3461243972, latitude := 520000000, longitude := 130000000, pai := '0'B, speed := 0, heading := 0 }, geoAreaPosLatitude := 520000000, geoAreaPosLongitude := 130000000, distanceA := 500, distanceB := 0, angle := 0, reserved2 := 0 } }, payload := '07D2000002010000002A0000000015000094D9C9CC888536727322254A37B0073097680FFFFFFE11DBBA1F00'O }, securedMsg := { protocolVersion := 3, content := { signedData := { hashId := sha256 (0), tbsData := { payload := { data := { protocolVersion := 3, content := { unsecuredData := '20400080002C0A00000000000000020000000001CE4E64441EFE920007BFA480000000001EFE920007BFA48001F400000000000007D2000002010000002A0000000015000094D9C9CC888536727322254A37B0073097680FFFFFFE11DBBA1F00'O } }, extDataHash := omit, omitted := omit }, headerInfo := { psid := 37, generationTime := 716425815108592, expiryTime := omit, generationLocation := { latitude := 520000000, longitude := 130000000, elevation := 4096 }, p2pcdLearningRequest := omit, missingCrlIdentifier := omit, encryptionKey := omit, inlineP2pcdRequest := omit, requestedCertificate := omit, pduFunctionalType := omit, contributedExtensions := omit } }, signer := { certificate := { { version := 3, type_ := explicit (0), issuer := { sha256AndDigest := '35A61AC81BDD1513'O }, toBeSigned := { id := { none_ := NULL }, cracaId := '000000'O, crlSeries := 0, validityPeriod := { start_ := 716425702, duration := { hours := 24 } }, region := omit, assuranceLevel := omit, appPermissions := { { psid := 36, ssp := { bitmapSsp := '01FFFC'O } }, { psid := 37, ssp := { bitmapSsp := '01FFFFFF'O } }, { psid := 141, ssp := omit }, { psid := 638, ssp := { bitmapSsp := '01'O } } }, certIssuePermissions := omit, certRequestPermissions := omit, canRequestRollover := omit, encryptionKey := omit, verifyKeyIndicator := { verificationKey := { ecdsaNistP256 := { compressed_y_1 := '83B12AE657306336A4D0DD0A35AC6D53B1188E289837B0544503F9F70F21AA53'O } } }, flags := omit, appExtensions := omit, certIssueExtensions := omit, certRequestExtension := omit }, signature_ := { ecdsaNistP256Signature := { rSig := { x_only := '33401BAA05FCA06A6E0D82C6A5EE657C68E4B44DCB212D78C18758B2F84BB7D8'O }, sSig := 'B893C9EF5163FFBCED6AA52B7BF3C428BD62377718B2EFB8C9470D4129AF5A24'O } } } } }, signature_ := { ecdsaNistP256Signature := { rSig := { x_only := 'D94940AA2CFD5F535D96E7C9F2DC455779377A78721DDB8F0BF7F93DA158F6B0'O }, sSig := 'B41E8DC1799118FAA275461EA69C04451635329C0A2563A56916F8E79043304D'O } } } } } } }, macDestinationAddress := 'FFFFFFFFFFFF'O, ssp := '00000001111111111111111111111111'B, its_aid := 37 } id 4
01:10:10.112532 Receive operation on port geoNetworkingPort succeeded, message from system(): @LibItsGeoNetworking_TypesAndValues.GeoNetworkingInd : { msgIn := { basicHeader := { version := 1, nextHeader := e_securedPacket (2), reserved := 0, lifeTime := { multiplier := 6, ltBase := e_10s (2) }, routerHopLimit := 10 }, gnPacket := { packet := { commonHeader := { nextHeader := e_btpB (2), reserved := 0, headerTST := { geoBroadcastHdr := { headerType := e_geoBroadcast (4), headerSubType := e_geoBroadcastCircle (0) } }, trafficClass := { scf := e_scfDisabled (0), channelOffload := e_choffDisabled (0), tcId := 0 }, flags := '10000000'B, plLength := 44, maxHopLimit := 10, reserved2 := 0 }, extendedHeader := { geoBroadcastHeader := { seqNumber := 0, reserved := 0, srcPosVector := { gnAddr := { typeOfAddress := e_initial (0), stationType := e_unknown (0), reserved := 0, mid := '020000000001'O }, timestamp_ := 3461243972, latitude := 520000000, longitude := 130000000, pai := '0'B, speed := 0, heading := 0 }, geoAreaPosLatitude := 520000000, geoAreaPosLongitude := 130000000, distanceA := 500, distanceB := 0, angle := 0, reserved2 := 0 } }, payload := '07D2000002010000002A0000000015000094D9C9CC888536727322254A37B0073097680FFFFFFE11DBBA1F00'O }, securedMsg := { protocolVersion := 3, content := { signedData := { hashId := sha256 (0), tbsData := { payload := { data := { protocolVersion := 3, content := { unsecuredData := '20400080002C0A00000000000000020000000001CE4E64441EFE920007BFA480000000001EFE920007BFA48001F400000000000007D2000002010000002A0000000015000094D9C9CC888536727322254A37B0073097680FFFFFFE11DBBA1F00'O } }, extDataHash := omit, omitted := omit }, headerInfo := { psid := 37, generationTime := 716425815108592, expiryTime := omit, generationLocation := { latitude := 520000000, longitude := 130000000, elevation := 4096 }, p2pcdLearningRequest := omit, missingCrlIdentifier := omit, encryptionKey := omit, inlineP2pcdRequest := omit, requestedCertificate := omit, pduFunctionalType := omit, contributedExtensions := omit } }, signer := { certificate := { { version := 3, type_ := explicit (0), issuer := { sha256AndDigest := '35A61AC81BDD1513'O }, toBeSigned := { id := { none_ := NULL }, cracaId := '000000'O, crlSeries := 0, validityPeriod := { start_ := 716425702, duration := { hours := 24 } }, region := omit, assuranceLevel := omit, appPermissions := { { psid := 36, ssp := { bitmapSsp := '01FFFC'O } }, { psid := 37, ssp := { bitmapSsp := '01FFFFFF'O } }, { psid := 141, ssp := omit }, { psid := 638, ssp := { bitmapSsp := '01'O } } }, certIssuePermissions := omit, certRequestPermissions := omit, canRequestRollover := omit, encryptionKey := omit, verifyKeyIndicator := { verificationKey := { ecdsaNistP256 := { compressed_y_1 := '83B12AE657306336A4D0DD0A35AC6D53B1188E289837B0544503F9F70F21AA53'O } } }, flags := omit, appExtensions := omit, certIssueExtensions := omit, certRequestExtension := omit }, signature_ := { ecdsaNistP256Signature := { rSig := { x_only := '33401BAA05FCA06A6E0D82C6A5EE657C68E4B44DCB212D78C18758B2F84BB7D8'O }, sSig := 'B893C9EF5163FFBCED6AA52B7BF3C428BD62377718B2EFB8C9470D4129AF5A24'O } } } } }, signature_ := { ecdsaNistP256Signature := { rSig := { x_only := 'D94940AA2CFD5F535D96E7C9F2DC455779377A78721DDB8F0BF7F93DA158F6B0'O }, sSig := 'B41E8DC1799118FAA275461EA69C04451635329C0A2563A56916F8E79043304D'O } } } } } } }, macDestinationAddress := 'FFFFFFFFFFFF'O, ssp := '00000001111111111111111111111111'B, its_aid := 37 } id 4
01:10:10.112581 Message with id 4 was extracted from the queue of geoNetworkingPort.
01:10:10.112607 Stop timer tc_ac: 30 s
01:10:10.112627 *** TC_SEC_ITSS_SND_DENM_02_BV: PASS: Correct secured packet received
01:10:10.112636 setverdict(pass): none -> pass
01:10:10.112861 **** f_selfSync: Successfully passed TEST BODY synchronization point. ****
01:10:10.112889 Starting function fb_secCancelDenmEvent() on component DENM Trigger(4).
01:10:10.113327 Function was started.
01:10:10.116528 PTC with component reference 4 is done.
01:10:10.116628 Killing PTC with component reference 4.
01:10:10.118265 PTC with component reference 4 is killed.
01:10:10.118475 Sent on acPort to system @LibItsGeoNetworking_TypesAndValues.AcGnPrimitive : { stopBeaconing := { } }
01:10:10.118506 Default with id 4 (altstep a_neighbourDefault) was deactivated.
01:10:10.118572 Sent on acPort to system @LibItsCommon_TypesAndValues.AcSecPrimitive : { acDisableSecurity := { disable := true } }
01:10:10.118596 Message enqueued on acPort from system @LibItsCommon_TypesAndValues.AdapterControlResults : { acSecResponse := true } id 2
01:10:10.118622 Start timer tc_ac: 30 s
01:10:10.118689 Receive operation on port acPort succeeded, message from system(): @LibItsCommon_TypesAndValues.AdapterControlResults : { acSecResponse := true } id 2
01:10:10.118707 Message with id 2 was extracted from the queue of acPort.
01:10:10.118716 Stop timer tc_ac: 30 s
01:10:10.118729 Unmapping port mtc:acPort from system:acPort.
01:10:10.119432 Port acPort was unmapped from system:acPort.
01:10:10.120125 Unmap operation of mtc:acPort from system:acPort finished.
01:10:10.120279 Unmapping port mtc:utPort from system:utPort.
01:10:10.120768 Port utPort was unmapped from system:utPort.
01:10:10.121351 Unmap operation of mtc:utPort from system:utPort finished.
01:10:10.121419 Unmapping port mtc:geoNetworkingPort from system:geoNetworkingPort.
01:10:10.121813 Port geoNetworkingPort was unmapped from system:geoNetworkingPort.
01:10:10.122318 Unmap operation of mtc:geoNetworkingPort from system:geoNetworkingPort finished.
01:10:10.122410 Disconnecting ports mtc:syncSendPort and mtc:syncPort.
01:10:10.123119 Port syncSendPort has terminated the connection with local port syncPort.
01:10:10.123204 Port syncPort has terminated the connection with local port syncSendPort.
01:10:10.123623 Disconnect operation on mtc:syncSendPort and mtc:syncPort finished.
01:10:10.123800 Terminating component type LibItsGeoNetworking_TestSystem.ItsGeoNetworking.
01:10:10.123821 Default with id 1 (altstep a_cf01Down) was deactivated.
01:10:10.123833 Default with id 2 (altstep a_default) was deactivated.
01:10:10.123838 Default with id 3 (altstep a_utDefault) was deactivated.
01:10:10.123845 Port syncSendPort was stopped.
01:10:10.123858 Port syncPort was stopped.
01:10:10.123865 Port utPort was stopped.
01:10:10.123871 Port acPort was stopped.
01:10:10.123877 Port geoNetworkingPort was stopped.
01:10:10.123882 Component type LibItsGeoNetworking_TestSystem.ItsGeoNetworking was shut down inside testcase TC_SEC_ITSS_SND_DENM_02_BV.
01:10:10.123892 Waiting for PTCs to finish.
01:10:10.124596 Setting final verdict of the test case.
01:10:10.124816 Local verdict of MTC: pass
01:10:10.124866 Local verdict of PTC DENM Trigger(4): none (pass -> pass)
01:10:10.124899 Test case TC_SEC_ITSS_SND_DENM_02_BV finished. Verdict: pass
01:10:10.125566 Executing test case TC_SEC_ITSS_SND_DENM_03_BV in module ItsSecurity_TestCases.
01:10:10.125836 Test case TC_SEC_ITSS_SND_DENM_03_BV started.
01:10:10.125855 Initializing variables, timers and ports of component type LibItsGeoNetworking_TestSystem.ItsGeoNetworking inside testcase TC_SEC_ITSS_SND_DENM_03_BV.
01:10:10.125992 Port syncSendPort was started.
01:10:10.126013 Port syncPort was started.
01:10:10.126019 Port utPort was started.
01:10:10.126025 Port acPort was started.
01:10:10.126030 Port geoNetworkingPort was started.
01:10:10.126036 Component type LibItsGeoNetworking_TestSystem.ItsGeoNetworking was initialized.
01:10:10.126049 Mapping port mtc:acPort to system:acPort.
01:10:10.126379 Port acPort was mapped to system:acPort.
01:10:10.126734 Map operation of mtc:acPort to system:acPort finished.
01:10:10.126802 Mapping port mtc:utPort to system:utPort.
01:10:10.127530 Port utPort was mapped to system:utPort.
01:10:10.128020 Map operation of mtc:utPort to system:utPort finished.
01:10:10.128120 Mapping port mtc:geoNetworkingPort to system:geoNetworkingPort.
01:10:10.128675 security_services_its::setup: Already done
01:10:10.128910 Port geoNetworkingPort was mapped to system:geoNetworkingPort.
01:10:10.129292 Map operation of mtc:geoNetworkingPort to system:geoNetworkingPort finished.
01:10:10.129377 Connecting ports mtc:syncSendPort and mtc:syncPort.
01:10:10.129799 Port syncPort has established the connection with local port syncSendPort.
01:10:10.129860 Port syncSendPort has established the connection with local port syncPort.
01:10:10.130248 Connect operation on mtc:syncSendPort and mtc:syncPort finished.
01:10:10.130342 Altstep a_cf01Down was activated as default, id 1
01:10:10.130411 security_services_its::setup: Already done
01:10:10.130780 Selected issuer: '409716B75CED98AC'O
01:10:10.131098 Sent on utPort to system @LibItsGeoNetworking_TypesAndValues.UtGnInitialize : { hashedId8 := '881211CED3FBEF3E'O }
01:10:10.133302 Message enqueued on utPort from system @LibItsGeoNetworking_TypesAndValues.UtGnResults : { utGnInitializeResult := true } id 1
01:10:10.133433 Start timer tc_wait: 120 s
01:10:10.133482 Receive operation on port utPort succeeded, message from system(): @LibItsGeoNetworking_TypesAndValues.UtGnResults : { utGnInitializeResult := true } id 1
01:10:10.133499 Message with id 1 was extracted from the queue of utPort.
01:10:10.133509 Stop timer tc_wait: 120 s
01:10:10.133520 *** f_utInitializeIut: INFO: IUT initialized ***
01:10:10.133534 Start timer t: 1 s
01:10:10.231137 security_services_its::process_ieee_1609_dot2_signed_data: generation time check 716425815229419 / 716425810231136, delta = 4998283.000000, comp = 0
01:10:10.232295 Message enqueued on geoNetworkingPort from system @LibItsGeoNetworking_TypesAndValues.GeoNetworkingInd : { msgIn := { basicHeader := { version := 1, nextHeader := e_securedPacket (2), reserved := 0, lifeTime := { multiplier := 6, ltBase := e_10s (2) }, routerHopLimit := 1 }, gnPacket := { packet := { commonHeader := { nextHeader := e_btpB (2), reserved := 0, headerTST := { tsbHdr := { headerType := e_topologicallyScopedBroadcast (5), headerSubType := e_singleHop (0) } }, trafficClass := { scf := e_scfDisabled (0), channelOffload := e_choffDisabled (0), tcId := 0 }, flags := '10000000'B, plLength := 30, maxHopLimit := 1, reserved2 := 0 }, extendedHeader := { shbHeader := { srcPosVector := { gnAddr := { typeOfAddress := e_initial (0), stationType := e_unknown (0), reserved := 0, mid := '020000000001'O }, timestamp_ := 3461244093, latitude := 520000000, longitude := 130000000, pai := '0'B, speed := 0, heading := 0 }, reserved := 0 } }, payload := '07D1000002020000002A0000005A946F600E612ED01FFFFFFC23B7743E80'O }, securedMsg := { protocolVersion := 3, content := { signedData := { hashId := sha256 (0), tbsData := { payload := { data := { protocolVersion := 3, content := { unsecuredData := '20500080001E01000000020000000001CE4E64BD1EFE920007BFA480000000000000000007D1000002020000002A0000005A946F600E612ED01FFFFFFC23B7743E80'O } }, extDataHash := omit, omitted := omit }, headerInfo := { psid := 36, generationTime := 716425815229419, expiryTime := omit, generationLocation := omit, p2pcdLearningRequest := omit, missingCrlIdentifier := omit, encryptionKey := omit, inlineP2pcdRequest := omit, requestedCertificate := omit, pduFunctionalType := omit, contributedExtensions := omit } }, signer := { certificate := { { version := 3, type_ := explicit (0), issuer := { sha256AndDigest := '35A61AC81BDD1513'O }, toBeSigned := { id := { none_ := NULL }, cracaId := '000000'O, crlSeries := 0, validityPeriod := { start_ := 716425702, duration := { hours := 24 } }, region := omit, assuranceLevel := omit, appPermissions := { { psid := 36, ssp := { bitmapSsp := '01FFFC'O } }, { psid := 37, ssp := { bitmapSsp := '01FFFFFF'O } }, { psid := 141, ssp := omit }, { psid := 638, ssp := { bitmapSsp := '01'O } } }, certIssuePermissions := omit, certRequestPermissions := omit, canRequestRollover := omit, encryptionKey := omit, verifyKeyIndicator := { verificationKey := { ecdsaNistP256 := { compressed_y_1 := '83B12AE657306336A4D0DD0A35AC6D53B1188E289837B0544503F9F70F21AA53'O } } }, flags := omit, appExtensions := omit, certIssueExtensions := omit, certRequestExtension := omit }, signature_ := { ecdsaNistP256Signature := { rSig := { x_only := '33401BAA05FCA06A6E0D82C6A5EE657C68E4B44DCB212D78C18758B2F84BB7D8'O }, sSig := 'B893C9EF5163FFBCED6AA52B7BF3C428BD62377718B2EFB8C9470D4129AF5A24'O } } } } }, signature_ := { ecdsaNistP256Signature := { rSig := { x_only := '4CC1CED9E667F9E57C1BC6D2D7ED56F3613DF7C38AF9287673944B07083C9A5C'O }, sSig := 'D3FADCBE2D265D7361D5E089F4C601D11F0915232FFC3B40974E3A3DD934C472'O } } } } } } }, macDestinationAddress := 'FFFFFFFFFFFF'O, ssp := '000000011111111111111100'B, its_aid := 36 } id 1
01:10:11.133556 Timeout t: 1 s
01:10:11.133832 Sent on acPort to system @LibItsGeoNetworking_TypesAndValues.AcGnPrimitive : { getLongPosVector := { gnAddress := { typeOfAddress := e_initial (0), stationType := e_unknown (0), reserved := 0, mid := '020000000001'O } } }
01:10:11.133867 Message enqueued on acPort from system @LibItsGeoNetworking_TypesAndValues.AcGnResponse : { getLongPosVector := { gnAddr := { typeOfAddress := e_initial (0), stationType := e_unknown (0), reserved := 0, mid := '020000000001'O }, timestamp_ := 0, latitude := 520000000, longitude := 130000000, pai := '0'B, speed := 0, heading := 0 } } id 1
01:10:11.133884 Start timer tc_ac: 30 s
01:10:11.133921 Receive operation on port acPort succeeded, message from system(): @LibItsGeoNetworking_TypesAndValues.AcGnResponse : { getLongPosVector := { gnAddr := { typeOfAddress := e_initial (0), stationType := e_unknown (0), reserved := 0, mid := '020000000001'O }, timestamp_ := 0, latitude := 520000000, longitude := 130000000, pai := '0'B, speed := 0, heading := 0 } } id 1
01:10:11.133929 Message with id 1 was extracted from the queue of acPort.
01:10:11.133935 Stop timer tc_ac: 30 s
01:10:11.134037 Altstep a_default was activated as default, id 2
01:10:11.134048 Altstep a_utDefault was activated as default, id 3
01:10:11.134051 Altstep a_neighbourDefault was activated as default, id 4
01:10:11.134247 Sent on acPort to system @LibItsGeoNetworking_TypesAndValues.AcGnPrimitive : { startBeaconing := { beaconPacket := { basicHeader := { version := 1, nextHeader := e_commonHeader (1), reserved := 0, lifeTime := { multiplier := 10, ltBase := e_100s (3) }, routerHopLimit := 1 }, gnPacket := { packet := { commonHeader := { nextHeader := e_any (0), reserved := 0, headerTST := { beaconHdr := { headerType := e_beacon (1), headerSubType := 0 } }, trafficClass := { scf := e_scfEnabled (1), channelOffload := e_choffDisabled (0), tcId := 0 }, flags := '00000000'B, plLength := 0, maxHopLimit := 1, reserved2 := 0 }, extendedHeader := { beaconHeader := { srcPosVector := { gnAddr := { typeOfAddress := e_manual (1), stationType := e_passengerCar (5), reserved := 0, mid := '00000000000B'O }, timestamp_ := 3461238997, latitude := 520020000, longitude := 130000000, pai := '1'B, speed := 0, heading := 0 } } }, payload := omit }, securedMsg := omit } } } }
01:10:11.134895 Start timer t: 1 s
01:10:11.330228 security_services_its::process_ieee_1609_dot2_signed_data: generation time check 716425816328992 / 716425811330227, delta = 4998765.000000, comp = 0
01:10:11.330781 Message enqueued on geoNetworkingPort from system @LibItsGeoNetworking_TypesAndValues.GeoNetworkingInd : { msgIn := { basicHeader := { version := 1, nextHeader := e_securedPacket (2), reserved := 0, lifeTime := { multiplier := 6, ltBase := e_10s (2) }, routerHopLimit := 1 }, gnPacket := { packet := { commonHeader := { nextHeader := e_btpB (2), reserved := 0, headerTST := { tsbHdr := { headerType := e_topologicallyScopedBroadcast (5), headerSubType := e_singleHop (0) } }, trafficClass := { scf := e_scfDisabled (0), channelOffload := e_choffDisabled (0), tcId := 0 }, flags := '10000000'B, plLength := 30, maxHopLimit := 1, reserved2 := 0 }, extendedHeader := { shbHeader := { srcPosVector := { gnAddr := { typeOfAddress := e_initial (0), stationType := e_unknown (0), reserved := 0, mid := '020000000001'O }, timestamp_ := 3461245192, latitude := 520000000, longitude := 130000000, pai := '0'B, speed := 0, heading := 0 }, reserved := 0 } }, payload := '07D1000002020000002A0000005A946F600E612ED01FFFFFFC23B7743E80'O }, securedMsg := { protocolVersion := 3, content := { signedData := { hashId := sha256 (0), tbsData := { payload := { data := { protocolVersion := 3, content := { unsecuredData := '20500080001E01000000020000000001CE4E69081EFE920007BFA480000000000000000007D1000002020000002A0000005A946F600E612ED01FFFFFFC23B7743E80'O } }, extDataHash := omit, omitted := omit }, headerInfo := { psid := 36, generationTime := 716425816328992, expiryTime := omit, generationLocation := omit, p2pcdLearningRequest := omit, missingCrlIdentifier := omit, encryptionKey := omit, inlineP2pcdRequest := omit, requestedCertificate := omit, pduFunctionalType := omit, contributedExtensions := omit } }, signer := { certificate := { { version := 3, type_ := explicit (0), issuer := { sha256AndDigest := '35A61AC81BDD1513'O }, toBeSigned := { id := { none_ := NULL }, cracaId := '000000'O, crlSeries := 0, validityPeriod := { start_ := 716425702, duration := { hours := 24 } }, region := omit, assuranceLevel := omit, appPermissions := { { psid := 36, ssp := { bitmapSsp := '01FFFC'O } }, { psid := 37, ssp := { bitmapSsp := '01FFFFFF'O } }, { psid := 141, ssp := omit }, { psid := 638, ssp := { bitmapSsp := '01'O } } }, certIssuePermissions := omit, certRequestPermissions := omit, canRequestRollover := omit, encryptionKey := omit, verifyKeyIndicator := { verificationKey := { ecdsaNistP256 := { compressed_y_1 := '83B12AE657306336A4D0DD0A35AC6D53B1188E289837B0544503F9F70F21AA53'O } } }, flags := omit, appExtensions := omit, certIssueExtensions := omit, certRequestExtension := omit }, signature_ := { ecdsaNistP256Signature := { rSig := { x_only := '33401BAA05FCA06A6E0D82C6A5EE657C68E4B44DCB212D78C18758B2F84BB7D8'O }, sSig := 'B893C9EF5163FFBCED6AA52B7BF3C428BD62377718B2EFB8C9470D4129AF5A24'O } } } } }, signature_ := { ecdsaNistP256Signature := { rSig := { x_only := '2F970F58FDA77281CA5E7CD4F917DAE8D95BAD802BBF829D28072F17BCE34F88'O }, sSig := '405D725BC2F5553B5EC19FDA973B49AD17DD125F03CC7ED434DBA54F9B3F35AA'O } } } } } } }, macDestinationAddress := 'FFFFFFFFFFFF'O, ssp := '000000011111111111111100'B, its_aid := 36 } id 2
01:10:12.134952 Timeout t: 1 s
01:10:12.135040 Start timer t: 0.5 s
01:10:12.135317 Receive operation on port geoNetworkingPort succeeded, message from system(): @LibItsGeoNetworking_TypesAndValues.GeoNetworkingInd: { msgIn := { basicHeader := { version := 1, nextHeader := e_securedPacket (2), reserved := 0, lifeTime := { multiplier := 6, ltBase := e_10s (2) }, routerHopLimit := 1 }, gnPacket := { packet := { commonHeader := { nextHeader := e_btpB (2), reserved := 0, headerTST := { tsbHdr := { headerType := e_topologicallyScopedBroadcast (5), headerSubType := e_singleHop (0) } }, trafficClass := { scf := e_scfDisabled (0), channelOffload := e_choffDisabled (0), tcId := 0 }, flags := '10000000'B, plLength := 30, maxHopLimit := 1, reserved2 := 0 }, extendedHeader := { shbHeader := { srcPosVector := { gnAddr := { typeOfAddress := e_initial (0), stationType := e_unknown (0), reserved := 0, mid := '020000000001'O }, timestamp_ := 3461244093, latitude := 520000000, longitude := 130000000, pai := '0'B, speed := 0, heading := 0 }, reserved := 0 } }, payload := '07D1000002020000002A0000005A946F600E612ED01FFFFFFC23B7743E80'O }, securedMsg := { protocolVersion := 3, content := { signedData := { hashId := sha256 (0), tbsData := { payload := { data := { protocolVersion := 3, content := { unsecuredData := '20500080001E01000000020000000001CE4E64BD1EFE920007BFA480000000000000000007D1000002020000002A0000005A946F600E612ED01FFFFFFC23B7743E80'O } }, extDataHash := omit, omitted := omit }, headerInfo := { psid := 36, generationTime := 716425815229419, expiryTime := omit, generationLocation := omit, p2pcdLearningRequest := omit, missingCrlIdentifier := omit, encryptionKey := omit, inlineP2pcdRequest := omit, requestedCertificate := omit, pduFunctionalType := omit, contributedExtensions := omit } }, signer := { certificate := { { version := 3, type_ := explicit (0), issuer := { sha256AndDigest := '35A61AC81BDD1513'O }, toBeSigned := { id := { none_ := NULL }, cracaId := '000000'O, crlSeries := 0, validityPeriod := { start_ := 716425702, duration := { hours := 24 } }, region := omit, assuranceLevel := omit, appPermissions := { { psid := 36, ssp := { bitmapSsp := '01FFFC'O } }, { psid := 37, ssp := { bitmapSsp := '01FFFFFF'O } }, { psid := 141, ssp := omit }, { psid := 638, ssp := { bitmapSsp := '01'O } } }, certIssuePermissions := omit, certRequestPermissions := omit, canRequestRollover := omit, encryptionKey := omit, verifyKeyIndicator := { verificationKey := { ecdsaNistP256 := { compressed_y_1 := '83B12AE657306336A4D0DD0A35AC6D53B1188E289837B0544503F9F70F21AA53'O } } }, flags := omit, appExtensions := omit, certIssueExtensions := omit, certRequestExtension := omit }, signature_ := { ecdsaNistP256Signature := { rSig := { x_only := '33401BAA05FCA06A6E0D82C6A5EE657C68E4B44DCB212D78C18758B2F84BB7D8'O }, sSig := 'B893C9EF5163FFBCED6AA52B7BF3C428BD62377718B2EFB8C9470D4129AF5A24'O } } } } }, signature_ := { ecdsaNistP256Signature := { rSig := { x_only := '4CC1CED9E667F9E57C1BC6D2D7ED56F3613DF7C38AF9287673944B07083C9A5C'O }, sSig := 'D3FADCBE2D265D7361D5E089F4C601D11F0915232FFC3B40974E3A3DD934C472'O } } } } } } }, macDestinationAddress := 'FFFFFFFFFFFF'O, ssp := '000000011111111111111100'B, its_aid := 36 } id 1
01:10:12.135352 Message with id 1 was extracted from the queue of geoNetworkingPort.
01:10:12.135361 *** a_default: WARNING: Received an unexpected message ***
01:10:12.135367 Default with id 4 (altstep a_neighbourDefault) has reached a break statement. Skipping current alt statement or receiving operation.
01:10:12.135497 Receive operation on port geoNetworkingPort succeeded, message from system(): @LibItsGeoNetworking_TypesAndValues.GeoNetworkingInd: { msgIn := { basicHeader := { version := 1, nextHeader := e_securedPacket (2), reserved := 0, lifeTime := { multiplier := 6, ltBase := e_10s (2) }, routerHopLimit := 1 }, gnPacket := { packet := { commonHeader := { nextHeader := e_btpB (2), reserved := 0, headerTST := { tsbHdr := { headerType := e_topologicallyScopedBroadcast (5), headerSubType := e_singleHop (0) } }, trafficClass := { scf := e_scfDisabled (0), channelOffload := e_choffDisabled (0), tcId := 0 }, flags := '10000000'B, plLength := 30, maxHopLimit := 1, reserved2 := 0 }, extendedHeader := { shbHeader := { srcPosVector := { gnAddr := { typeOfAddress := e_initial (0), stationType := e_unknown (0), reserved := 0, mid := '020000000001'O }, timestamp_ := 3461245192, latitude := 520000000, longitude := 130000000, pai := '0'B, speed := 0, heading := 0 }, reserved := 0 } }, payload := '07D1000002020000002A0000005A946F600E612ED01FFFFFFC23B7743E80'O }, securedMsg := { protocolVersion := 3, content := { signedData := { hashId := sha256 (0), tbsData := { payload := { data := { protocolVersion := 3, content := { unsecuredData := '20500080001E01000000020000000001CE4E69081EFE920007BFA480000000000000000007D1000002020000002A0000005A946F600E612ED01FFFFFFC23B7743E80'O } }, extDataHash := omit, omitted := omit }, headerInfo := { psid := 36, generationTime := 716425816328992, expiryTime := omit, generationLocation := omit, p2pcdLearningRequest := omit, missingCrlIdentifier := omit, encryptionKey := omit, inlineP2pcdRequest := omit, requestedCertificate := omit, pduFunctionalType := omit, contributedExtensions := omit } }, signer := { certificate := { { version := 3, type_ := explicit (0), issuer := { sha256AndDigest := '35A61AC81BDD1513'O }, toBeSigned := { id := { none_ := NULL }, cracaId := '000000'O, crlSeries := 0, validityPeriod := { start_ := 716425702, duration := { hours := 24 } }, region := omit, assuranceLevel := omit, appPermissions := { { psid := 36, ssp := { bitmapSsp := '01FFFC'O } }, { psid := 37, ssp := { bitmapSsp := '01FFFFFF'O } }, { psid := 141, ssp := omit }, { psid := 638, ssp := { bitmapSsp := '01'O } } }, certIssuePermissions := omit, certRequestPermissions := omit, canRequestRollover := omit, encryptionKey := omit, verifyKeyIndicator := { verificationKey := { ecdsaNistP256 := { compressed_y_1 := '83B12AE657306336A4D0DD0A35AC6D53B1188E289837B0544503F9F70F21AA53'O } } }, flags := omit, appExtensions := omit, certIssueExtensions := omit, certRequestExtension := omit }, signature_ := { ecdsaNistP256Signature := { rSig := { x_only := '33401BAA05FCA06A6E0D82C6A5EE657C68E4B44DCB212D78C18758B2F84BB7D8'O }, sSig := 'B893C9EF5163FFBCED6AA52B7BF3C428BD62377718B2EFB8C9470D4129AF5A24'O } } } } }, signature_ := { ecdsaNistP256Signature := { rSig := { x_only := '2F970F58FDA77281CA5E7CD4F917DAE8D95BAD802BBF829D28072F17BCE34F88'O }, sSig := '405D725BC2F5553B5EC19FDA973B49AD17DD125F03CC7ED434DBA54F9B3F35AA'O } } } } } } }, macDestinationAddress := 'FFFFFFFFFFFF'O, ssp := '000000011111111111111100'B, its_aid := 36 } id 2
01:10:12.135528 Message with id 2 was extracted from the queue of geoNetworkingPort.
01:10:12.135533 *** a_default: WARNING: Received an unexpected message ***
01:10:12.135536 Default with id 4 (altstep a_neighbourDefault) has reached a break statement. Skipping current alt statement or receiving operation.
01:10:12.331432 security_services_its::process_ieee_1609_dot2_signed_data: generation time check 716425817330163 / 716425812331431, delta = 4998732.000000, comp = 0
01:10:12.332046 Message enqueued on geoNetworkingPort from system @LibItsGeoNetworking_TypesAndValues.GeoNetworkingInd : { msgIn := { basicHeader := { version := 1, nextHeader := e_securedPacket (2), reserved := 0, lifeTime := { multiplier := 6, ltBase := e_10s (2) }, routerHopLimit := 1 }, gnPacket := { packet := { commonHeader := { nextHeader := e_btpB (2), reserved := 0, headerTST := { tsbHdr := { headerType := e_topologicallyScopedBroadcast (5), headerSubType := e_singleHop (0) } }, trafficClass := { scf := e_scfDisabled (0), channelOffload := e_choffDisabled (0), tcId := 0 }, flags := '10000000'B, plLength := 30, maxHopLimit := 1, reserved2 := 0 }, extendedHeader := { shbHeader := { srcPosVector := { gnAddr := { typeOfAddress := e_initial (0), stationType := e_unknown (0), reserved := 0, mid := '020000000001'O }, timestamp_ := 3461246194, latitude := 520000000, longitude := 130000000, pai := '0'B, speed := 0, heading := 0 }, reserved := 0 } }, payload := '07D1000002020000002A0000005A946F600E612ED01FFFFFFC23B7743E80'O }, securedMsg := { protocolVersion := 3, content := { signedData := { hashId := sha256 (0), tbsData := { payload := { data := { protocolVersion := 3, content := { unsecuredData := '20500080001E01000000020000000001CE4E6CF21EFE920007BFA480000000000000000007D1000002020000002A0000005A946F600E612ED01FFFFFFC23B7743E80'O } }, extDataHash := omit, omitted := omit }, headerInfo := { psid := 36, generationTime := 716425817330163, expiryTime := omit, generationLocation := omit, p2pcdLearningRequest := omit, missingCrlIdentifier := omit, encryptionKey := omit, inlineP2pcdRequest := omit, requestedCertificate := omit, pduFunctionalType := omit, contributedExtensions := omit } }, signer := { certificate := { { version := 3, type_ := explicit (0), issuer := { sha256AndDigest := '35A61AC81BDD1513'O }, toBeSigned := { id := { none_ := NULL }, cracaId := '000000'O, crlSeries := 0, validityPeriod := { start_ := 716425702, duration := { hours := 24 } }, region := omit, assuranceLevel := omit, appPermissions := { { psid := 36, ssp := { bitmapSsp := '01FFFC'O } }, { psid := 37, ssp := { bitmapSsp := '01FFFFFF'O } }, { psid := 141, ssp := omit }, { psid := 638, ssp := { bitmapSsp := '01'O } } }, certIssuePermissions := omit, certRequestPermissions := omit, canRequestRollover := omit, encryptionKey := omit, verifyKeyIndicator := { verificationKey := { ecdsaNistP256 := { compressed_y_1 := '83B12AE657306336A4D0DD0A35AC6D53B1188E289837B0544503F9F70F21AA53'O } } }, flags := omit, appExtensions := omit, certIssueExtensions := omit, certRequestExtension := omit }, signature_ := { ecdsaNistP256Signature := { rSig := { x_only := '33401BAA05FCA06A6E0D82C6A5EE657C68E4B44DCB212D78C18758B2F84BB7D8'O }, sSig := 'B893C9EF5163FFBCED6AA52B7BF3C428BD62377718B2EFB8C9470D4129AF5A24'O } } } } }, signature_ := { ecdsaNistP256Signature := { rSig := { x_only := '3BCC3466818636AE8BF2BC31FB7B6FBDE4243E4984E2FDC00DEE33178591A9A9'O }, sSig := 'A868A79EDD857B16F310403A105C7A4EC5BA82C0C45393CB6BEB013199441C02'O } } } } } } }, macDestinationAddress := 'FFFFFFFFFFFF'O, ssp := '000000011111111111111100'B, its_aid := 36 } id 3
01:10:12.332249 Receive operation on port geoNetworkingPort succeeded, message from system(): @LibItsGeoNetworking_TypesAndValues.GeoNetworkingInd: { msgIn := { basicHeader := { version := 1, nextHeader := e_securedPacket (2), reserved := 0, lifeTime := { multiplier := 6, ltBase := e_10s (2) }, routerHopLimit := 1 }, gnPacket := { packet := { commonHeader := { nextHeader := e_btpB (2), reserved := 0, headerTST := { tsbHdr := { headerType := e_topologicallyScopedBroadcast (5), headerSubType := e_singleHop (0) } }, trafficClass := { scf := e_scfDisabled (0), channelOffload := e_choffDisabled (0), tcId := 0 }, flags := '10000000'B, plLength := 30, maxHopLimit := 1, reserved2 := 0 }, extendedHeader := { shbHeader := { srcPosVector := { gnAddr := { typeOfAddress := e_initial (0), stationType := e_unknown (0), reserved := 0, mid := '020000000001'O }, timestamp_ := 3461246194, latitude := 520000000, longitude := 130000000, pai := '0'B, speed := 0, heading := 0 }, reserved := 0 } }, payload := '07D1000002020000002A0000005A946F600E612ED01FFFFFFC23B7743E80'O }, securedMsg := { protocolVersion := 3, content := { signedData := { hashId := sha256 (0), tbsData := { payload := { data := { protocolVersion := 3, content := { unsecuredData := '20500080001E01000000020000000001CE4E6CF21EFE920007BFA480000000000000000007D1000002020000002A0000005A946F600E612ED01FFFFFFC23B7743E80'O } }, extDataHash := omit, omitted := omit }, headerInfo := { psid := 36, generationTime := 716425817330163, expiryTime := omit, generationLocation := omit, p2pcdLearningRequest := omit, missingCrlIdentifier := omit, encryptionKey := omit, inlineP2pcdRequest := omit, requestedCertificate := omit, pduFunctionalType := omit, contributedExtensions := omit } }, signer := { certificate := { { version := 3, type_ := explicit (0), issuer := { sha256AndDigest := '35A61AC81BDD1513'O }, toBeSigned := { id := { none_ := NULL }, cracaId := '000000'O, crlSeries := 0, validityPeriod := { start_ := 716425702, duration := { hours := 24 } }, region := omit, assuranceLevel := omit, appPermissions := { { psid := 36, ssp := { bitmapSsp := '01FFFC'O } }, { psid := 37, ssp := { bitmapSsp := '01FFFFFF'O } }, { psid := 141, ssp := omit }, { psid := 638, ssp := { bitmapSsp := '01'O } } }, certIssuePermissions := omit, certRequestPermissions := omit, canRequestRollover := omit, encryptionKey := omit, verifyKeyIndicator := { verificationKey := { ecdsaNistP256 := { compressed_y_1 := '83B12AE657306336A4D0DD0A35AC6D53B1188E289837B0544503F9F70F21AA53'O } } }, flags := omit, appExtensions := omit, certIssueExtensions := omit, certRequestExtension := omit }, signature_ := { ecdsaNistP256Signature := { rSig := { x_only := '33401BAA05FCA06A6E0D82C6A5EE657C68E4B44DCB212D78C18758B2F84BB7D8'O }, sSig := 'B893C9EF5163FFBCED6AA52B7BF3C428BD62377718B2EFB8C9470D4129AF5A24'O } } } } }, signature_ := { ecdsaNistP256Signature := { rSig := { x_only := '3BCC3466818636AE8BF2BC31FB7B6FBDE4243E4984E2FDC00DEE33178591A9A9'O }, sSig := 'A868A79EDD857B16F310403A105C7A4EC5BA82C0C45393CB6BEB013199441C02'O } } } } } } }, macDestinationAddress := 'FFFFFFFFFFFF'O, ssp := '000000011111111111111100'B, its_aid := 36 } id 3
01:10:12.332269 Message with id 3 was extracted from the queue of geoNetworkingPort.
01:10:12.332274 *** a_default: WARNING: Received an unexpected message ***
01:10:12.332279 Default with id 4 (altstep a_neighbourDefault) has reached a break statement. Skipping current alt statement or receiving operation.
01:10:12.635055 Timeout t: 0.5 s
01:10:12.635132 Creating new alive PTC with component type LibItsDenm_TestSystem.ItsDenm, component name: DENM Trigger.
01:10:12.637001 PTC was created. Component reference: 5, alive: yes, type: LibItsDenm_TestSystem.ItsDenm, component name: DENM Trigger.
01:10:12.637049 Starting function fb_secTriggerDenmEvent() on component DENM Trigger(5).
01:10:12.637235 Function was started.
01:10:12.638689 PTC with component reference 5 is done.
01:10:12.638726 **** f_selfSync: Successfully passed PREAMBLE synchronization point. ****
01:10:12.638734 Start timer tc_ac: 30 s
01:10:12.732739 security_services_its::process_ieee_1609_dot2_signed_data: generation time check 716425817729719 / 716425812732737, delta = 4996982.000000, comp = 0
01:10:12.734047 Message enqueued on geoNetworkingPort from system @LibItsGeoNetworking_TypesAndValues.GeoNetworkingInd : { msgIn := { basicHeader := { version := 1, nextHeader := e_securedPacket (2), reserved := 0, lifeTime := { multiplier := 6, ltBase := e_10s (2) }, routerHopLimit := 10 }, gnPacket := { packet := { commonHeader := { nextHeader := e_btpB (2), reserved := 0, headerTST := { geoBroadcastHdr := { headerType := e_geoBroadcast (4), headerSubType := e_geoBroadcastCircle (0) } }, trafficClass := { scf := e_scfDisabled (0), channelOffload := e_choffDisabled (0), tcId := 0 }, flags := '10000000'B, plLength := 44, maxHopLimit := 10, reserved2 := 0 }, extendedHeader := { geoBroadcastHeader := { seqNumber := 0, reserved := 0, srcPosVector := { gnAddr := { typeOfAddress := e_initial (0), stationType := e_unknown (0), reserved := 0, mid := '020000000001'O }, timestamp_ := 3461246593, latitude := 520000000, longitude := 130000000, pai := '0'B, speed := 0, heading := 0 }, geoAreaPosLatitude := 520000000, geoAreaPosLongitude := 130000000, distanceA := 500, distanceB := 0, angle := 0, reserved2 := 0 } }, payload := '07D2000002010000002A0000000015000094D9C9CDD025367273740D4A37B0073097680FFFFFFE11DBBA1F00'O }, securedMsg := { protocolVersion := 3, content := { signedData := { hashId := sha256 (0), tbsData := { payload := { data := { protocolVersion := 3, content := { unsecuredData := '20400080002C0A00000000000000020000000001CE4E6E811EFE920007BFA480000000001EFE920007BFA48001F400000000000007D2000002010000002A0000000015000094D9C9CDD025367273740D4A37B0073097680FFFFFFE11DBBA1F00'O } }, extDataHash := omit, omitted := omit }, headerInfo := { psid := 37, generationTime := 716425817729719, expiryTime := omit, generationLocation := { latitude := 520000000, longitude := 130000000, elevation := 4096 }, p2pcdLearningRequest := omit, missingCrlIdentifier := omit, encryptionKey := omit, inlineP2pcdRequest := omit, requestedCertificate := omit, pduFunctionalType := omit, contributedExtensions := omit } }, signer := { certificate := { { version := 3, type_ := explicit (0), issuer := { sha256AndDigest := '35A61AC81BDD1513'O }, toBeSigned := { id := { none_ := NULL }, cracaId := '000000'O, crlSeries := 0, validityPeriod := { start_ := 716425702, duration := { hours := 24 } }, region := omit, assuranceLevel := omit, appPermissions := { { psid := 36, ssp := { bitmapSsp := '01FFFC'O } }, { psid := 37, ssp := { bitmapSsp := '01FFFFFF'O } }, { psid := 141, ssp := omit }, { psid := 638, ssp := { bitmapSsp := '01'O } } }, certIssuePermissions := omit, certRequestPermissions := omit, canRequestRollover := omit, encryptionKey := omit, verifyKeyIndicator := { verificationKey := { ecdsaNistP256 := { compressed_y_1 := '83B12AE657306336A4D0DD0A35AC6D53B1188E289837B0544503F9F70F21AA53'O } } }, flags := omit, appExtensions := omit, certIssueExtensions := omit, certRequestExtension := omit }, signature_ := { ecdsaNistP256Signature := { rSig := { x_only := '33401BAA05FCA06A6E0D82C6A5EE657C68E4B44DCB212D78C18758B2F84BB7D8'O }, sSig := 'B893C9EF5163FFBCED6AA52B7BF3C428BD62377718B2EFB8C9470D4129AF5A24'O } } } } }, signature_ := { ecdsaNistP256Signature := { rSig := { x_only := 'C8C0EAA965678C4AD576948B95FBD6A12CAC80C5AE40DF2A4FDBB992F1B8A589'O }, sSig := '8060D9075F66AD8C4049AE8670767A84A5BEADEC7185CAE38B64848F66770CCC'O } } } } } } }, macDestinationAddress := 'FFFFFFFFFFFF'O, ssp := '00000001111111111111111111111111'B, its_aid := 37 } id 4
01:10:12.734718 Receive operation on port geoNetworkingPort succeeded, message from system(): @LibItsGeoNetworking_TypesAndValues.GeoNetworkingInd : { msgIn := { basicHeader := { version := 1, nextHeader := e_securedPacket (2), reserved := 0, lifeTime := { multiplier := 6, ltBase := e_10s (2) }, routerHopLimit := 10 }, gnPacket := { packet := { commonHeader := { nextHeader := e_btpB (2), reserved := 0, headerTST := { geoBroadcastHdr := { headerType := e_geoBroadcast (4), headerSubType := e_geoBroadcastCircle (0) } }, trafficClass := { scf := e_scfDisabled (0), channelOffload := e_choffDisabled (0), tcId := 0 }, flags := '10000000'B, plLength := 44, maxHopLimit := 10, reserved2 := 0 }, extendedHeader := { geoBroadcastHeader := { seqNumber := 0, reserved := 0, srcPosVector := { gnAddr := { typeOfAddress := e_initial (0), stationType := e_unknown (0), reserved := 0, mid := '020000000001'O }, timestamp_ := 3461246593, latitude := 520000000, longitude := 130000000, pai := '0'B, speed := 0, heading := 0 }, geoAreaPosLatitude := 520000000, geoAreaPosLongitude := 130000000, distanceA := 500, distanceB := 0, angle := 0, reserved2 := 0 } }, payload := '07D2000002010000002A0000000015000094D9C9CDD025367273740D4A37B0073097680FFFFFFE11DBBA1F00'O }, securedMsg := { protocolVersion := 3, content := { signedData := { hashId := sha256 (0), tbsData := { payload := { data := { protocolVersion := 3, content := { unsecuredData := '20400080002C0A00000000000000020000000001CE4E6E811EFE920007BFA480000000001EFE920007BFA48001F400000000000007D2000002010000002A0000000015000094D9C9CDD025367273740D4A37B0073097680FFFFFFE11DBBA1F00'O } }, extDataHash := omit, omitted := omit }, headerInfo := { psid := 37, generationTime := 716425817729719, expiryTime := omit, generationLocation := { latitude := 520000000, longitude := 130000000, elevation := 4096 }, p2pcdLearningRequest := omit, missingCrlIdentifier := omit, encryptionKey := omit, inlineP2pcdRequest := omit, requestedCertificate := omit, pduFunctionalType := omit, contributedExtensions := omit } }, signer := { certificate := { { version := 3, type_ := explicit (0), issuer := { sha256AndDigest := '35A61AC81BDD1513'O }, toBeSigned := { id := { none_ := NULL }, cracaId := '000000'O, crlSeries := 0, validityPeriod := { start_ := 716425702, duration := { hours := 24 } }, region := omit, assuranceLevel := omit, appPermissions := { { psid := 36, ssp := { bitmapSsp := '01FFFC'O } }, { psid := 37, ssp := { bitmapSsp := '01FFFFFF'O } }, { psid := 141, ssp := omit }, { psid := 638, ssp := { bitmapSsp := '01'O } } }, certIssuePermissions := omit, certRequestPermissions := omit, canRequestRollover := omit, encryptionKey := omit, verifyKeyIndicator := { verificationKey := { ecdsaNistP256 := { compressed_y_1 := '83B12AE657306336A4D0DD0A35AC6D53B1188E289837B0544503F9F70F21AA53'O } } }, flags := omit, appExtensions := omit, certIssueExtensions := omit, certRequestExtension := omit }, signature_ := { ecdsaNistP256Signature := { rSig := { x_only := '33401BAA05FCA06A6E0D82C6A5EE657C68E4B44DCB212D78C18758B2F84BB7D8'O }, sSig := 'B893C9EF5163FFBCED6AA52B7BF3C428BD62377718B2EFB8C9470D4129AF5A24'O } } } } }, signature_ := { ecdsaNistP256Signature := { rSig := { x_only := 'C8C0EAA965678C4AD576948B95FBD6A12CAC80C5AE40DF2A4FDBB992F1B8A589'O }, sSig := '8060D9075F66AD8C4049AE8670767A84A5BEADEC7185CAE38B64848F66770CCC'O } } } } } } }, macDestinationAddress := 'FFFFFFFFFFFF'O, ssp := '00000001111111111111111111111111'B, its_aid := 37 } id 4
01:10:12.734801 Message with id 4 was extracted from the queue of geoNetworkingPort.
01:10:12.734840 Stop timer tc_ac: 30 s
01:10:12.734866 *** TC_SEC_ITSS_SND_DENM_03_BV: PASS: Correct secured packet received
01:10:12.734878 setverdict(pass): none -> pass
01:10:12.735019 **** f_selfSync: Successfully passed TEST BODY synchronization point. ****
01:10:12.735036 Starting function fb_secCancelDenmEvent() on component DENM Trigger(5).
01:10:12.735465 Function was started.
01:10:12.738003 PTC with component reference 5 is done.
01:10:12.738066 Killing PTC with component reference 5.
01:10:12.738783 PTC with component reference 5 is killed.
01:10:12.738863 Sent on acPort to system @LibItsGeoNetworking_TypesAndValues.AcGnPrimitive : { stopBeaconing := { } }
01:10:12.738885 Default with id 4 (altstep a_neighbourDefault) was deactivated.
01:10:12.738912 Sent on acPort to system @LibItsCommon_TypesAndValues.AcSecPrimitive : { acDisableSecurity := { disable := true } }
01:10:12.738925 Message enqueued on acPort from system @LibItsCommon_TypesAndValues.AdapterControlResults : { acSecResponse := true } id 2
01:10:12.738939 Start timer tc_ac: 30 s
01:10:12.738963 Receive operation on port acPort succeeded, message from system(): @LibItsCommon_TypesAndValues.AdapterControlResults : { acSecResponse := true } id 2
01:10:12.738975 Message with id 2 was extracted from the queue of acPort.
01:10:12.738984 Stop timer tc_ac: 30 s
01:10:12.738994 Unmapping port mtc:acPort from system:acPort.
01:10:12.739498 Port acPort was unmapped from system:acPort.
01:10:12.739862 Unmap operation of mtc:acPort from system:acPort finished.
01:10:12.739916 Unmapping port mtc:utPort from system:utPort.
01:10:12.740301 Port utPort was unmapped from system:utPort.
01:10:12.740778 Unmap operation of mtc:utPort from system:utPort finished.
01:10:12.740823 Unmapping port mtc:geoNetworkingPort from system:geoNetworkingPort.
01:10:12.741077 Port geoNetworkingPort was unmapped from system:geoNetworkingPort.
01:10:12.741390 Unmap operation of mtc:geoNetworkingPort from system:geoNetworkingPort finished.
01:10:12.741411 Disconnecting ports mtc:syncSendPort and mtc:syncPort.
01:10:12.741637 Port syncSendPort has terminated the connection with local port syncPort.
01:10:12.741699 Port syncPort has terminated the connection with local port syncSendPort.
01:10:12.742152 Disconnect operation on mtc:syncSendPort and mtc:syncPort finished.
01:10:12.742217 Terminating component type LibItsGeoNetworking_TestSystem.ItsGeoNetworking.
01:10:12.742232 Default with id 1 (altstep a_cf01Down) was deactivated.
01:10:12.742244 Default with id 2 (altstep a_default) was deactivated.
01:10:12.742251 Default with id 3 (altstep a_utDefault) was deactivated.
01:10:12.742259 Port syncSendPort was stopped.
01:10:12.742290 Port syncPort was stopped.
01:10:12.742297 Port utPort was stopped.
01:10:12.742304 Port acPort was stopped.
01:10:12.742311 Port geoNetworkingPort was stopped.
01:10:12.742317 Component type LibItsGeoNetworking_TestSystem.ItsGeoNetworking was shut down inside testcase TC_SEC_ITSS_SND_DENM_03_BV.
01:10:12.742329 Waiting for PTCs to finish.
01:10:12.742739 Setting final verdict of the test case.
01:10:12.742801 Local verdict of MTC: pass
01:10:12.742823 Local verdict of PTC DENM Trigger(5): none (pass -> pass)
01:10:12.742842 Test case TC_SEC_ITSS_SND_DENM_03_BV finished. Verdict: pass
01:10:12.743793 Verdict statistics: 0 none (0.00 %), 7 pass (100.00 %), 0 inconc (0.00 %), 0 fail (0.00 %), 0 error (0.00 %).
01:10:12.743849 Test execution summary: 7 test cases were executed. Overall verdict: pass
01:10:12.743857 Exit was requested from MC. Terminating MTC.
