14:25:50.390829 TTCN-3 Main Test Component started on framework-dathe. Version: 10.1.2.
14:25:50.390888 TTCN Logger v2.2 options: TimeStampFormat:=Time; LogEntityName:=No; LogEventTypes:=No; SourceInfoFormat:=None; LogSensitiveData:=No; *.FileMask:=LOG_ALL; *.ConsoleMask:=ERROR | EXECUTOR | VERDICTOP | WARNING; LogFileSize:=0; LogFileNumber:=1; DiskFullAction:=Error
14:25:50.391042 Connected to MC.
14:25:50.391886 Executing test case TC_SEC_ITSS_SND_CAM_01_BV in module ItsSecurity_TestCases.
14:25:50.391990 Test case TC_SEC_ITSS_SND_CAM_01_BV started.
14:25:50.392016 Initializing variables, timers and ports of component type LibItsGeoNetworking_TestSystem.ItsGeoNetworking inside testcase TC_SEC_ITSS_SND_CAM_01_BV.
14:25:50.392242 Port syncSendPort was started.
14:25:50.392270 Port syncPort was started.
14:25:50.392278 Port utPort was started.
14:25:50.392284 Port acPort was started.
14:25:50.392290 Port geoNetworkingPort was started.
14:25:50.392297 Component type LibItsGeoNetworking_TestSystem.ItsGeoNetworking was initialized.
14:25:50.392326 Mapping port mtc:acPort to system:acPort.
14:25:50.392513 Port acPort was mapped to system:acPort.
14:25:50.392676 Map operation of mtc:acPort to system:acPort finished.
14:25:50.392691 Mapping port mtc:utPort to system:utPort.
14:25:50.393344 Port utPort was mapped to system:utPort.
14:25:50.393463 Map operation of mtc:utPort to system:utPort finished.
14:25:50.393473 Mapping port mtc:geoNetworkingPort to system:geoNetworkingPort.
14:25:50.394950 Port geoNetworkingPort was mapped to system:geoNetworkingPort.
14:25:50.395506 Map operation of mtc:geoNetworkingPort to system:geoNetworkingPort finished.
14:25:50.395602 Connecting ports mtc:syncSendPort and mtc:syncPort.
14:25:50.395913 Port syncPort has established the connection with local port syncSendPort.
14:25:50.395937 Port syncSendPort has established the connection with local port syncPort.
14:25:50.396307 Connect operation on mtc:syncSendPort and mtc:syncPort finished.
14:25:50.396425 Altstep a_cf01Down was activated as default, id 1
14:25:50.396474 security_services_its::setup: Already done
14:25:50.396803 certificates_loader::load_certificate: Failed to open Private encryption key file
14:25:50.397272 Selected issuer: '99B8BAAD5A396D5F'O
14:25:50.397372 certificates_loader::load_certificate: Failed to open Private encryption key file
14:25:50.397771 Sent on utPort to system @LibItsGeoNetworking_TypesAndValues.UtGnInitialize : { hashedId8 := '6A96F4C09905CF42'O }
14:25:50.400469 Message enqueued on utPort from system @LibItsGeoNetworking_TypesAndValues.UtGnResults : { utGnInitializeResult := true } id 1
14:25:50.400507 Start timer tc_wait: 120 s
14:25:50.400522 Receive operation on port utPort succeeded, message from system(): @LibItsGeoNetworking_TypesAndValues.UtGnResults : { utGnInitializeResult := true } id 1
14:25:50.400528 Message with id 1 was extracted from the queue of utPort.
14:25:50.400532 Stop timer tc_wait: 120 s
14:25:50.400536 *** f_utInitializeIut: INFO: IUT initialized ***
14:25:50.400541 Start timer t: 1 s
14:25:50.496882 security_services_its::process_ieee_1609_dot2_signed_data: generation time check 716387155495094 / 716387150496875, delta = 4998219.000000, comp = 0
14:25:50.497251 certificates_loader::load_certificate: Failed to open Private encryption key file
14:25:50.498142 Message enqueued on geoNetworkingPort from system @LibItsGeoNetworking_TypesAndValues.GeoNetworkingInd : { msgIn := { basicHeader := { version := 1, nextHeader := e_securedPacket (2), reserved := 0, lifeTime := { multiplier := 6, ltBase := e_10s (2) }, routerHopLimit := 1 }, gnPacket := { packet := { commonHeader := { nextHeader := e_btpB (2), reserved := 0, headerTST := { tsbHdr := { headerType := e_topologicallyScopedBroadcast (5), headerSubType := e_singleHop (0) } }, trafficClass := { scf := e_scfDisabled (0), channelOffload := e_choffDisabled (0), tcId := 0 }, flags := '10000000'B, plLength := 30, maxHopLimit := 1, reserved2 := 0 }, extendedHeader := { shbHeader := { srcPosVector := { gnAddr := { typeOfAddress := e_initial (0), stationType := e_unknown (0), reserved := 0, mid := '020000000001'O }, timestamp_ := 3422584359, latitude := 520000000, longitude := 130000000, pai := '0'B, speed := 0, heading := 0 }, reserved := 0 } }, payload := '07D1000002020000002A0000005A946F600E612ED01FFFFFFC23B7743E80'O }, securedMsg := { protocolVersion := 3, content := { signedData := { hashId := sha256 (0), tbsData := { payload := { data := { protocolVersion := 3, content := { unsecuredData := '20500080001E01000000020000000001CC007E271EFE920007BFA480000000000000000007D1000002020000002A0000005A946F600E612ED01FFFFFFC23B7743E80'O } }, extDataHash := omit, omitted := omit }, headerInfo := { psid := 36, generationTime := 716387155495094, expiryTime := omit, generationLocation := omit, p2pcdLearningRequest := omit, missingCrlIdentifier := omit, encryptionKey := omit, inlineP2pcdRequest := omit, requestedCertificate := omit, pduFunctionalType := omit, contributedExtensions := omit } }, signer := { certificate := { { version := 3, type_ := explicit (0), issuer := { sha256AndDigest := '827C527E1D518974'O }, toBeSigned := { id := { none_ := NULL }, cracaId := '000000'O, crlSeries := 0, validityPeriod := { start_ := 716384398, duration := { hours := 24 } }, region := omit, assuranceLevel := omit, appPermissions := { { psid := 36, ssp := { bitmapSsp := '01FFFC'O } }, { psid := 37, ssp := { bitmapSsp := '01FFFFFF'O } }, { psid := 141, ssp := omit }, { psid := 638, ssp := { bitmapSsp := '01'O } } }, certIssuePermissions := omit, certRequestPermissions := omit, canRequestRollover := omit, encryptionKey := omit, verifyKeyIndicator := { verificationKey := { ecdsaNistP256 := { compressed_y_0 := '5BE8B782049A72E3F51B3DE989F950662B8BED4645F1A09B0285C30732421DA4'O } } }, flags := omit, appExtensions := omit, certIssueExtensions := omit, certRequestExtension := omit }, signature_ := { ecdsaNistP256Signature := { rSig := { x_only := '7EF2BE34648CD26A11A83CE11F4C5C4C3D6F9A77E7FE4FECD4640CF4A1BDD840'O }, sSig := '06C63EBBAF9CAD69168BED4F98C3C18AD4B69FEF6DB569CF82A9868B75F6649D'O } } } } }, signature_ := { ecdsaNistP256Signature := { rSig := { x_only := 'AA8400C180F447707E1907A4222A563A92718768597580124707E5509FDC3DC4'O }, sSig := '18510A9200BF585305C0EFABBAB5A98CFEEA56877D00B4EA0EC6D268DB9164A9'O } } } } } } }, macDestinationAddress := 'FFFFFFFFFFFF'O, ssp := '000000011111111111111100'B, its_aid := 36 } id 1
14:25:51.400550 Timeout t: 1 s
14:25:51.400737 Sent on acPort to system @LibItsGeoNetworking_TypesAndValues.AcGnPrimitive : { getLongPosVector := { gnAddress := { typeOfAddress := e_initial (0), stationType := e_unknown (0), reserved := 0, mid := '020000000001'O } } }
14:25:51.400771 Message enqueued on acPort from system @LibItsGeoNetworking_TypesAndValues.AcGnResponse : { getLongPosVector := { gnAddr := { typeOfAddress := e_initial (0), stationType := e_unknown (0), reserved := 0, mid := '020000000001'O }, timestamp_ := 0, latitude := 520000000, longitude := 130000000, pai := '0'B, speed := 0, heading := 0 } } id 1
14:25:51.400793 Start timer tc_ac: 30 s
14:25:51.400835 Receive operation on port acPort succeeded, message from system(): @LibItsGeoNetworking_TypesAndValues.AcGnResponse : { getLongPosVector := { gnAddr := { typeOfAddress := e_initial (0), stationType := e_unknown (0), reserved := 0, mid := '020000000001'O }, timestamp_ := 0, latitude := 520000000, longitude := 130000000, pai := '0'B, speed := 0, heading := 0 } } id 1
14:25:51.400848 Message with id 1 was extracted from the queue of acPort.
14:25:51.400859 Stop timer tc_ac: 30 s
14:25:51.401043 Altstep a_default was activated as default, id 2
14:25:51.401060 Altstep a_utDefault was activated as default, id 3
14:25:51.401066 Altstep a_neighbourDefault was activated as default, id 4
14:25:51.401263 Sent on acPort to system @LibItsGeoNetworking_TypesAndValues.AcGnPrimitive : { startBeaconing := { beaconPacket := { basicHeader := { version := 1, nextHeader := e_commonHeader (1), reserved := 0, lifeTime := { multiplier := 10, ltBase := e_100s (3) }, routerHopLimit := 1 }, gnPacket := { packet := { commonHeader := { nextHeader := e_any (0), reserved := 0, headerTST := { beaconHdr := { headerType := e_beacon (1), headerSubType := 0 } }, trafficClass := { scf := e_scfEnabled (1), channelOffload := e_choffDisabled (0), tcId := 0 }, flags := '00000000'B, plLength := 0, maxHopLimit := 1, reserved2 := 0 }, extendedHeader := { beaconHeader := { srcPosVector := { gnAddr := { typeOfAddress := e_manual (1), stationType := e_passengerCar (5), reserved := 0, mid := '00000000000B'O }, timestamp_ := 3422579264, latitude := 520020000, longitude := 130000000, pai := '1'B, speed := 0, heading := 0 } } }, payload := omit }, securedMsg := omit } } } }
14:25:51.401961 Start timer t: 1 s
14:25:51.402049 Warning: An [else] branch of an alt construct has been reached. Re-configuring the snapshot manager to call the event handlers even when taking the first snapshot.
14:25:51.595974 security_services_its::process_ieee_1609_dot2_signed_data: generation time check 716387156594945 / 716387151595973, delta = 4998972.000000, comp = 0
14:25:51.596456 Message enqueued on geoNetworkingPort from system @LibItsGeoNetworking_TypesAndValues.GeoNetworkingInd : { msgIn := { basicHeader := { version := 1, nextHeader := e_securedPacket (2), reserved := 0, lifeTime := { multiplier := 6, ltBase := e_10s (2) }, routerHopLimit := 1 }, gnPacket := { packet := { commonHeader := { nextHeader := e_btpB (2), reserved := 0, headerTST := { tsbHdr := { headerType := e_topologicallyScopedBroadcast (5), headerSubType := e_singleHop (0) } }, trafficClass := { scf := e_scfDisabled (0), channelOffload := e_choffDisabled (0), tcId := 0 }, flags := '10000000'B, plLength := 30, maxHopLimit := 1, reserved2 := 0 }, extendedHeader := { shbHeader := { srcPosVector := { gnAddr := { typeOfAddress := e_initial (0), stationType := e_unknown (0), reserved := 0, mid := '020000000001'O }, timestamp_ := 3422585458, latitude := 520000000, longitude := 130000000, pai := '0'B, speed := 0, heading := 0 }, reserved := 0 } }, payload := '07D1000002020000002A0000005A946F600E612ED01FFFFFFC23B7743E80'O }, securedMsg := { protocolVersion := 3, content := { signedData := { hashId := sha256 (0), tbsData := { payload := { data := { protocolVersion := 3, content := { unsecuredData := '20500080001E01000000020000000001CC0082721EFE920007BFA480000000000000000007D1000002020000002A0000005A946F600E612ED01FFFFFFC23B7743E80'O } }, extDataHash := omit, omitted := omit }, headerInfo := { psid := 36, generationTime := 716387156594945, expiryTime := omit, generationLocation := omit, p2pcdLearningRequest := omit, missingCrlIdentifier := omit, encryptionKey := omit, inlineP2pcdRequest := omit, requestedCertificate := omit, pduFunctionalType := omit, contributedExtensions := omit } }, signer := { certificate := { { version := 3, type_ := explicit (0), issuer := { sha256AndDigest := '827C527E1D518974'O }, toBeSigned := { id := { none_ := NULL }, cracaId := '000000'O, crlSeries := 0, validityPeriod := { start_ := 716384398, duration := { hours := 24 } }, region := omit, assuranceLevel := omit, appPermissions := { { psid := 36, ssp := { bitmapSsp := '01FFFC'O } }, { psid := 37, ssp := { bitmapSsp := '01FFFFFF'O } }, { psid := 141, ssp := omit }, { psid := 638, ssp := { bitmapSsp := '01'O } } }, certIssuePermissions := omit, certRequestPermissions := omit, canRequestRollover := omit, encryptionKey := omit, verifyKeyIndicator := { verificationKey := { ecdsaNistP256 := { compressed_y_0 := '5BE8B782049A72E3F51B3DE989F950662B8BED4645F1A09B0285C30732421DA4'O } } }, flags := omit, appExtensions := omit, certIssueExtensions := omit, certRequestExtension := omit }, signature_ := { ecdsaNistP256Signature := { rSig := { x_only := '7EF2BE34648CD26A11A83CE11F4C5C4C3D6F9A77E7FE4FECD4640CF4A1BDD840'O }, sSig := '06C63EBBAF9CAD69168BED4F98C3C18AD4B69FEF6DB569CF82A9868B75F6649D'O } } } } }, signature_ := { ecdsaNistP256Signature := { rSig := { x_only := '40FDD83B05EDDDD3251ABFFABF500C4F1CE3076887E69EF7031222506BB2D996'O }, sSig := 'DE802EA589702068B6BB577408B5F8371F75EA6592EC55259FF9F8F35982A998'O } } } } } } }, macDestinationAddress := 'FFFFFFFFFFFF'O, ssp := '000000011111111111111100'B, its_aid := 36 } id 2
14:25:52.402051 Timeout t: 1 s
14:25:52.402144 Start timer t: 0.5 s
14:25:52.402356 Receive operation on port geoNetworkingPort succeeded, message from system(): @LibItsGeoNetworking_TypesAndValues.GeoNetworkingInd: { msgIn := { basicHeader := { version := 1, nextHeader := e_securedPacket (2), reserved := 0, lifeTime := { multiplier := 6, ltBase := e_10s (2) }, routerHopLimit := 1 }, gnPacket := { packet := { commonHeader := { nextHeader := e_btpB (2), reserved := 0, headerTST := { tsbHdr := { headerType := e_topologicallyScopedBroadcast (5), headerSubType := e_singleHop (0) } }, trafficClass := { scf := e_scfDisabled (0), channelOffload := e_choffDisabled (0), tcId := 0 }, flags := '10000000'B, plLength := 30, maxHopLimit := 1, reserved2 := 0 }, extendedHeader := { shbHeader := { srcPosVector := { gnAddr := { typeOfAddress := e_initial (0), stationType := e_unknown (0), reserved := 0, mid := '020000000001'O }, timestamp_ := 3422584359, latitude := 520000000, longitude := 130000000, pai := '0'B, speed := 0, heading := 0 }, reserved := 0 } }, payload := '07D1000002020000002A0000005A946F600E612ED01FFFFFFC23B7743E80'O }, securedMsg := { protocolVersion := 3, content := { signedData := { hashId := sha256 (0), tbsData := { payload := { data := { protocolVersion := 3, content := { unsecuredData := '20500080001E01000000020000000001CC007E271EFE920007BFA480000000000000000007D1000002020000002A0000005A946F600E612ED01FFFFFFC23B7743E80'O } }, extDataHash := omit, omitted := omit }, headerInfo := { psid := 36, generationTime := 716387155495094, expiryTime := omit, generationLocation := omit, p2pcdLearningRequest := omit, missingCrlIdentifier := omit, encryptionKey := omit, inlineP2pcdRequest := omit, requestedCertificate := omit, pduFunctionalType := omit, contributedExtensions := omit } }, signer := { certificate := { { version := 3, type_ := explicit (0), issuer := { sha256AndDigest := '827C527E1D518974'O }, toBeSigned := { id := { none_ := NULL }, cracaId := '000000'O, crlSeries := 0, validityPeriod := { start_ := 716384398, duration := { hours := 24 } }, region := omit, assuranceLevel := omit, appPermissions := { { psid := 36, ssp := { bitmapSsp := '01FFFC'O } }, { psid := 37, ssp := { bitmapSsp := '01FFFFFF'O } }, { psid := 141, ssp := omit }, { psid := 638, ssp := { bitmapSsp := '01'O } } }, certIssuePermissions := omit, certRequestPermissions := omit, canRequestRollover := omit, encryptionKey := omit, verifyKeyIndicator := { verificationKey := { ecdsaNistP256 := { compressed_y_0 := '5BE8B782049A72E3F51B3DE989F950662B8BED4645F1A09B0285C30732421DA4'O } } }, flags := omit, appExtensions := omit, certIssueExtensions := omit, certRequestExtension := omit }, signature_ := { ecdsaNistP256Signature := { rSig := { x_only := '7EF2BE34648CD26A11A83CE11F4C5C4C3D6F9A77E7FE4FECD4640CF4A1BDD840'O }, sSig := '06C63EBBAF9CAD69168BED4F98C3C18AD4B69FEF6DB569CF82A9868B75F6649D'O } } } } }, signature_ := { ecdsaNistP256Signature := { rSig := { x_only := 'AA8400C180F447707E1907A4222A563A92718768597580124707E5509FDC3DC4'O }, sSig := '18510A9200BF585305C0EFABBAB5A98CFEEA56877D00B4EA0EC6D268DB9164A9'O } } } } } } }, macDestinationAddress := 'FFFFFFFFFFFF'O, ssp := '000000011111111111111100'B, its_aid := 36 } id 1
14:25:52.402380 Message with id 1 was extracted from the queue of geoNetworkingPort.
14:25:52.402386 *** a_default: WARNING: Received an unexpected message ***
14:25:52.402390 Default with id 4 (altstep a_neighbourDefault) has reached a break statement. Skipping current alt statement or receiving operation.
14:25:52.402478 Receive operation on port geoNetworkingPort succeeded, message from system(): @LibItsGeoNetworking_TypesAndValues.GeoNetworkingInd: { msgIn := { basicHeader := { version := 1, nextHeader := e_securedPacket (2), reserved := 0, lifeTime := { multiplier := 6, ltBase := e_10s (2) }, routerHopLimit := 1 }, gnPacket := { packet := { commonHeader := { nextHeader := e_btpB (2), reserved := 0, headerTST := { tsbHdr := { headerType := e_topologicallyScopedBroadcast (5), headerSubType := e_singleHop (0) } }, trafficClass := { scf := e_scfDisabled (0), channelOffload := e_choffDisabled (0), tcId := 0 }, flags := '10000000'B, plLength := 30, maxHopLimit := 1, reserved2 := 0 }, extendedHeader := { shbHeader := { srcPosVector := { gnAddr := { typeOfAddress := e_initial (0), stationType := e_unknown (0), reserved := 0, mid := '020000000001'O }, timestamp_ := 3422585458, latitude := 520000000, longitude := 130000000, pai := '0'B, speed := 0, heading := 0 }, reserved := 0 } }, payload := '07D1000002020000002A0000005A946F600E612ED01FFFFFFC23B7743E80'O }, securedMsg := { protocolVersion := 3, content := { signedData := { hashId := sha256 (0), tbsData := { payload := { data := { protocolVersion := 3, content := { unsecuredData := '20500080001E01000000020000000001CC0082721EFE920007BFA480000000000000000007D1000002020000002A0000005A946F600E612ED01FFFFFFC23B7743E80'O } }, extDataHash := omit, omitted := omit }, headerInfo := { psid := 36, generationTime := 716387156594945, expiryTime := omit, generationLocation := omit, p2pcdLearningRequest := omit, missingCrlIdentifier := omit, encryptionKey := omit, inlineP2pcdRequest := omit, requestedCertificate := omit, pduFunctionalType := omit, contributedExtensions := omit } }, signer := { certificate := { { version := 3, type_ := explicit (0), issuer := { sha256AndDigest := '827C527E1D518974'O }, toBeSigned := { id := { none_ := NULL }, cracaId := '000000'O, crlSeries := 0, validityPeriod := { start_ := 716384398, duration := { hours := 24 } }, region := omit, assuranceLevel := omit, appPermissions := { { psid := 36, ssp := { bitmapSsp := '01FFFC'O } }, { psid := 37, ssp := { bitmapSsp := '01FFFFFF'O } }, { psid := 141, ssp := omit }, { psid := 638, ssp := { bitmapSsp := '01'O } } }, certIssuePermissions := omit, certRequestPermissions := omit, canRequestRollover := omit, encryptionKey := omit, verifyKeyIndicator := { verificationKey := { ecdsaNistP256 := { compressed_y_0 := '5BE8B782049A72E3F51B3DE989F950662B8BED4645F1A09B0285C30732421DA4'O } } }, flags := omit, appExtensions := omit, certIssueExtensions := omit, certRequestExtension := omit }, signature_ := { ecdsaNistP256Signature := { rSig := { x_only := '7EF2BE34648CD26A11A83CE11F4C5C4C3D6F9A77E7FE4FECD4640CF4A1BDD840'O }, sSig := '06C63EBBAF9CAD69168BED4F98C3C18AD4B69FEF6DB569CF82A9868B75F6649D'O } } } } }, signature_ := { ecdsaNistP256Signature := { rSig := { x_only := '40FDD83B05EDDDD3251ABFFABF500C4F1CE3076887E69EF7031222506BB2D996'O }, sSig := 'DE802EA589702068B6BB577408B5F8371F75EA6592EC55259FF9F8F35982A998'O } } } } } } }, macDestinationAddress := 'FFFFFFFFFFFF'O, ssp := '000000011111111111111100'B, its_aid := 36 } id 2
14:25:52.402500 Message with id 2 was extracted from the queue of geoNetworkingPort.
14:25:52.402503 *** a_default: WARNING: Received an unexpected message ***
14:25:52.402506 Default with id 4 (altstep a_neighbourDefault) has reached a break statement. Skipping current alt statement or receiving operation.
14:25:52.597377 security_services_its::process_ieee_1609_dot2_signed_data: generation time check 716387157595344 / 716387152597376, delta = 4997968.000000, comp = 0
14:25:52.598536 Message enqueued on geoNetworkingPort from system @LibItsGeoNetworking_TypesAndValues.GeoNetworkingInd : { msgIn := { basicHeader := { version := 1, nextHeader := e_securedPacket (2), reserved := 0, lifeTime := { multiplier := 6, ltBase := e_10s (2) }, routerHopLimit := 1 }, gnPacket := { packet := { commonHeader := { nextHeader := e_btpB (2), reserved := 0, headerTST := { tsbHdr := { headerType := e_topologicallyScopedBroadcast (5), headerSubType := e_singleHop (0) } }, trafficClass := { scf := e_scfDisabled (0), channelOffload := e_choffDisabled (0), tcId := 0 }, flags := '10000000'B, plLength := 30, maxHopLimit := 1, reserved2 := 0 }, extendedHeader := { shbHeader := { srcPosVector := { gnAddr := { typeOfAddress := e_initial (0), stationType := e_unknown (0), reserved := 0, mid := '020000000001'O }, timestamp_ := 3422586459, latitude := 520000000, longitude := 130000000, pai := '0'B, speed := 0, heading := 0 }, reserved := 0 } }, payload := '07D1000002020000002A0000005A946F600E612ED01FFFFFFC23B7743E80'O }, securedMsg := { protocolVersion := 3, content := { signedData := { hashId := sha256 (0), tbsData := { payload := { data := { protocolVersion := 3, content := { unsecuredData := '20500080001E01000000020000000001CC00865B1EFE920007BFA480000000000000000007D1000002020000002A0000005A946F600E612ED01FFFFFFC23B7743E80'O } }, extDataHash := omit, omitted := omit }, headerInfo := { psid := 36, generationTime := 716387157595344, expiryTime := omit, generationLocation := omit, p2pcdLearningRequest := omit, missingCrlIdentifier := omit, encryptionKey := omit, inlineP2pcdRequest := omit, requestedCertificate := omit, pduFunctionalType := omit, contributedExtensions := omit } }, signer := { certificate := { { version := 3, type_ := explicit (0), issuer := { sha256AndDigest := '827C527E1D518974'O }, toBeSigned := { id := { none_ := NULL }, cracaId := '000000'O, crlSeries := 0, validityPeriod := { start_ := 716384398, duration := { hours := 24 } }, region := omit, assuranceLevel := omit, appPermissions := { { psid := 36, ssp := { bitmapSsp := '01FFFC'O } }, { psid := 37, ssp := { bitmapSsp := '01FFFFFF'O } }, { psid := 141, ssp := omit }, { psid := 638, ssp := { bitmapSsp := '01'O } } }, certIssuePermissions := omit, certRequestPermissions := omit, canRequestRollover := omit, encryptionKey := omit, verifyKeyIndicator := { verificationKey := { ecdsaNistP256 := { compressed_y_0 := '5BE8B782049A72E3F51B3DE989F950662B8BED4645F1A09B0285C30732421DA4'O } } }, flags := omit, appExtensions := omit, certIssueExtensions := omit, certRequestExtension := omit }, signature_ := { ecdsaNistP256Signature := { rSig := { x_only := '7EF2BE34648CD26A11A83CE11F4C5C4C3D6F9A77E7FE4FECD4640CF4A1BDD840'O }, sSig := '06C63EBBAF9CAD69168BED4F98C3C18AD4B69FEF6DB569CF82A9868B75F6649D'O } } } } }, signature_ := { ecdsaNistP256Signature := { rSig := { x_only := '9A7F06F90FF897034FB4018AEC110E92D940EF33DFA6F1F58A87C848887CCD8E'O }, sSig := '6B4E373EE4AEF424AD6B709C0395C52E66A668E5E76227117A6885880C0C23AA'O } } } } } } }, macDestinationAddress := 'FFFFFFFFFFFF'O, ssp := '000000011111111111111100'B, its_aid := 36 } id 3
14:25:52.599073 Receive operation on port geoNetworkingPort succeeded, message from system(): @LibItsGeoNetworking_TypesAndValues.GeoNetworkingInd: { msgIn := { basicHeader := { version := 1, nextHeader := e_securedPacket (2), reserved := 0, lifeTime := { multiplier := 6, ltBase := e_10s (2) }, routerHopLimit := 1 }, gnPacket := { packet := { commonHeader := { nextHeader := e_btpB (2), reserved := 0, headerTST := { tsbHdr := { headerType := e_topologicallyScopedBroadcast (5), headerSubType := e_singleHop (0) } }, trafficClass := { scf := e_scfDisabled (0), channelOffload := e_choffDisabled (0), tcId := 0 }, flags := '10000000'B, plLength := 30, maxHopLimit := 1, reserved2 := 0 }, extendedHeader := { shbHeader := { srcPosVector := { gnAddr := { typeOfAddress := e_initial (0), stationType := e_unknown (0), reserved := 0, mid := '020000000001'O }, timestamp_ := 3422586459, latitude := 520000000, longitude := 130000000, pai := '0'B, speed := 0, heading := 0 }, reserved := 0 } }, payload := '07D1000002020000002A0000005A946F600E612ED01FFFFFFC23B7743E80'O }, securedMsg := { protocolVersion := 3, content := { signedData := { hashId := sha256 (0), tbsData := { payload := { data := { protocolVersion := 3, content := { unsecuredData := '20500080001E01000000020000000001CC00865B1EFE920007BFA480000000000000000007D1000002020000002A0000005A946F600E612ED01FFFFFFC23B7743E80'O } }, extDataHash := omit, omitted := omit }, headerInfo := { psid := 36, generationTime := 716387157595344, expiryTime := omit, generationLocation := omit, p2pcdLearningRequest := omit, missingCrlIdentifier := omit, encryptionKey := omit, inlineP2pcdRequest := omit, requestedCertificate := omit, pduFunctionalType := omit, contributedExtensions := omit } }, signer := { certificate := { { version := 3, type_ := explicit (0), issuer := { sha256AndDigest := '827C527E1D518974'O }, toBeSigned := { id := { none_ := NULL }, cracaId := '000000'O, crlSeries := 0, validityPeriod := { start_ := 716384398, duration := { hours := 24 } }, region := omit, assuranceLevel := omit, appPermissions := { { psid := 36, ssp := { bitmapSsp := '01FFFC'O } }, { psid := 37, ssp := { bitmapSsp := '01FFFFFF'O } }, { psid := 141, ssp := omit }, { psid := 638, ssp := { bitmapSsp := '01'O } } }, certIssuePermissions := omit, certRequestPermissions := omit, canRequestRollover := omit, encryptionKey := omit, verifyKeyIndicator := { verificationKey := { ecdsaNistP256 := { compressed_y_0 := '5BE8B782049A72E3F51B3DE989F950662B8BED4645F1A09B0285C30732421DA4'O } } }, flags := omit, appExtensions := omit, certIssueExtensions := omit, certRequestExtension := omit }, signature_ := { ecdsaNistP256Signature := { rSig := { x_only := '7EF2BE34648CD26A11A83CE11F4C5C4C3D6F9A77E7FE4FECD4640CF4A1BDD840'O }, sSig := '06C63EBBAF9CAD69168BED4F98C3C18AD4B69FEF6DB569CF82A9868B75F6649D'O } } } } }, signature_ := { ecdsaNistP256Signature := { rSig := { x_only := '9A7F06F90FF897034FB4018AEC110E92D940EF33DFA6F1F58A87C848887CCD8E'O }, sSig := '6B4E373EE4AEF424AD6B709C0395C52E66A668E5E76227117A6885880C0C23AA'O } } } } } } }, macDestinationAddress := 'FFFFFFFFFFFF'O, ssp := '000000011111111111111100'B, its_aid := 36 } id 3
14:25:52.599130 Message with id 3 was extracted from the queue of geoNetworkingPort.
14:25:52.599144 *** a_default: WARNING: Received an unexpected message ***
14:25:52.599153 Default with id 4 (altstep a_neighbourDefault) has reached a break statement. Skipping current alt statement or receiving operation.
14:25:52.902204 Timeout t: 0.5 s
14:25:52.902282 **** f_selfSync: Successfully passed PREAMBLE synchronization point. ****
14:25:52.902290 Start timer tc_ac: 30 s
14:25:53.696624 security_services_its::process_ieee_1609_dot2_signed_data: generation time check 716387158695081 / 716387153696623, delta = 4998458.000000, comp = 0
14:25:53.697311 Message enqueued on geoNetworkingPort from system @LibItsGeoNetworking_TypesAndValues.GeoNetworkingInd : { msgIn := { basicHeader := { version := 1, nextHeader := e_securedPacket (2), reserved := 0, lifeTime := { multiplier := 6, ltBase := e_10s (2) }, routerHopLimit := 1 }, gnPacket := { packet := { commonHeader := { nextHeader := e_btpB (2), reserved := 0, headerTST := { tsbHdr := { headerType := e_topologicallyScopedBroadcast (5), headerSubType := e_singleHop (0) } }, trafficClass := { scf := e_scfDisabled (0), channelOffload := e_choffDisabled (0), tcId := 0 }, flags := '10000000'B, plLength := 30, maxHopLimit := 1, reserved2 := 0 }, extendedHeader := { shbHeader := { srcPosVector := { gnAddr := { typeOfAddress := e_initial (0), stationType := e_unknown (0), reserved := 0, mid := '020000000001'O }, timestamp_ := 3422587559, latitude := 520000000, longitude := 130000000, pai := '0'B, speed := 0, heading := 0 }, reserved := 0 } }, payload := '07D1000002020000002A0000005A946F600E612ED01FFFFFFC23B7743E80'O }, securedMsg := { protocolVersion := 3, content := { signedData := { hashId := sha256 (0), tbsData := { payload := { data := { protocolVersion := 3, content := { unsecuredData := '20500080001E01000000020000000001CC008AA71EFE920007BFA480000000000000000007D1000002020000002A0000005A946F600E612ED01FFFFFFC23B7743E80'O } }, extDataHash := omit, omitted := omit }, headerInfo := { psid := 36, generationTime := 716387158695081, expiryTime := omit, generationLocation := omit, p2pcdLearningRequest := omit, missingCrlIdentifier := omit, encryptionKey := omit, inlineP2pcdRequest := omit, requestedCertificate := omit, pduFunctionalType := omit, contributedExtensions := omit } }, signer := { certificate := { { version := 3, type_ := explicit (0), issuer := { sha256AndDigest := '827C527E1D518974'O }, toBeSigned := { id := { none_ := NULL }, cracaId := '000000'O, crlSeries := 0, validityPeriod := { start_ := 716384398, duration := { hours := 24 } }, region := omit, assuranceLevel := omit, appPermissions := { { psid := 36, ssp := { bitmapSsp := '01FFFC'O } }, { psid := 37, ssp := { bitmapSsp := '01FFFFFF'O } }, { psid := 141, ssp := omit }, { psid := 638, ssp := { bitmapSsp := '01'O } } }, certIssuePermissions := omit, certRequestPermissions := omit, canRequestRollover := omit, encryptionKey := omit, verifyKeyIndicator := { verificationKey := { ecdsaNistP256 := { compressed_y_0 := '5BE8B782049A72E3F51B3DE989F950662B8BED4645F1A09B0285C30732421DA4'O } } }, flags := omit, appExtensions := omit, certIssueExtensions := omit, certRequestExtension := omit }, signature_ := { ecdsaNistP256Signature := { rSig := { x_only := '7EF2BE34648CD26A11A83CE11F4C5C4C3D6F9A77E7FE4FECD4640CF4A1BDD840'O }, sSig := '06C63EBBAF9CAD69168BED4F98C3C18AD4B69FEF6DB569CF82A9868B75F6649D'O } } } } }, signature_ := { ecdsaNistP256Signature := { rSig := { x_only := 'AC89D5D18A42A2C443813A95010EDDCE07DE5E74007C6BB5676179DFE23A2F82'O }, sSig := '0721DFBD391C5E377742C0FFDD7491A31EB9A8EB1270837F0A62AF39E4BBBA8B'O } } } } } } }, macDestinationAddress := 'FFFFFFFFFFFF'O, ssp := '000000011111111111111100'B, its_aid := 36 } id 4
14:25:53.697547 Receive operation on port geoNetworkingPort succeeded, message from system(): @LibItsGeoNetworking_TypesAndValues.GeoNetworkingInd : { msgIn := { basicHeader := { version := 1, nextHeader := e_securedPacket (2), reserved := 0, lifeTime := { multiplier := 6, ltBase := e_10s (2) }, routerHopLimit := 1 }, gnPacket := { packet := { commonHeader := { nextHeader := e_btpB (2), reserved := 0, headerTST := { tsbHdr := { headerType := e_topologicallyScopedBroadcast (5), headerSubType := e_singleHop (0) } }, trafficClass := { scf := e_scfDisabled (0), channelOffload := e_choffDisabled (0), tcId := 0 }, flags := '10000000'B, plLength := 30, maxHopLimit := 1, reserved2 := 0 }, extendedHeader := { shbHeader := { srcPosVector := { gnAddr := { typeOfAddress := e_initial (0), stationType := e_unknown (0), reserved := 0, mid := '020000000001'O }, timestamp_ := 3422587559, latitude := 520000000, longitude := 130000000, pai := '0'B, speed := 0, heading := 0 }, reserved := 0 } }, payload := '07D1000002020000002A0000005A946F600E612ED01FFFFFFC23B7743E80'O }, securedMsg := { protocolVersion := 3, content := { signedData := { hashId := sha256 (0), tbsData := { payload := { data := { protocolVersion := 3, content := { unsecuredData := '20500080001E01000000020000000001CC008AA71EFE920007BFA480000000000000000007D1000002020000002A0000005A946F600E612ED01FFFFFFC23B7743E80'O } }, extDataHash := omit, omitted := omit }, headerInfo := { psid := 36, generationTime := 716387158695081, expiryTime := omit, generationLocation := omit, p2pcdLearningRequest := omit, missingCrlIdentifier := omit, encryptionKey := omit, inlineP2pcdRequest := omit, requestedCertificate := omit, pduFunctionalType := omit, contributedExtensions := omit } }, signer := { certificate := { { version := 3, type_ := explicit (0), issuer := { sha256AndDigest := '827C527E1D518974'O }, toBeSigned := { id := { none_ := NULL }, cracaId := '000000'O, crlSeries := 0, validityPeriod := { start_ := 716384398, duration := { hours := 24 } }, region := omit, assuranceLevel := omit, appPermissions := { { psid := 36, ssp := { bitmapSsp := '01FFFC'O } }, { psid := 37, ssp := { bitmapSsp := '01FFFFFF'O } }, { psid := 141, ssp := omit }, { psid := 638, ssp := { bitmapSsp := '01'O } } }, certIssuePermissions := omit, certRequestPermissions := omit, canRequestRollover := omit, encryptionKey := omit, verifyKeyIndicator := { verificationKey := { ecdsaNistP256 := { compressed_y_0 := '5BE8B782049A72E3F51B3DE989F950662B8BED4645F1A09B0285C30732421DA4'O } } }, flags := omit, appExtensions := omit, certIssueExtensions := omit, certRequestExtension := omit }, signature_ := { ecdsaNistP256Signature := { rSig := { x_only := '7EF2BE34648CD26A11A83CE11F4C5C4C3D6F9A77E7FE4FECD4640CF4A1BDD840'O }, sSig := '06C63EBBAF9CAD69168BED4F98C3C18AD4B69FEF6DB569CF82A9868B75F6649D'O } } } } }, signature_ := { ecdsaNistP256Signature := { rSig := { x_only := 'AC89D5D18A42A2C443813A95010EDDCE07DE5E74007C6BB5676179DFE23A2F82'O }, sSig := '0721DFBD391C5E377742C0FFDD7491A31EB9A8EB1270837F0A62AF39E4BBBA8B'O } } } } } } }, macDestinationAddress := 'FFFFFFFFFFFF'O, ssp := '000000011111111111111100'B, its_aid := 36 } id 4
14:25:53.697576 Message with id 4 was extracted from the queue of geoNetworkingPort.
14:25:53.697600 Stop timer tc_ac: 30 s
14:25:53.697613 *** TC_SEC_ITSS_SND_CAM_01_BV: PASS: The CA message is secured
14:25:53.697621 setverdict(pass): none -> pass
14:25:53.697722 **** f_selfSync: Successfully passed TEST BODY synchronization point. ****
14:25:53.697739 Sent on acPort to system @LibItsGeoNetworking_TypesAndValues.AcGnPrimitive : { stopBeaconing := { } }
14:25:53.697750 Default with id 4 (altstep a_neighbourDefault) was deactivated.
14:25:53.697779 Sent on acPort to system @LibItsCommon_TypesAndValues.AcSecPrimitive : { acDisableSecurity := { disable := true } }
14:25:53.697787 Message enqueued on acPort from system @LibItsCommon_TypesAndValues.AdapterControlResults : { acSecResponse := true } id 2
14:25:53.697795 Start timer tc_ac: 30 s
14:25:53.697809 Receive operation on port acPort succeeded, message from system(): @LibItsCommon_TypesAndValues.AdapterControlResults : { acSecResponse := true } id 2
14:25:53.697816 Message with id 2 was extracted from the queue of acPort.
14:25:53.697822 Stop timer tc_ac: 30 s
14:25:53.697829 Unmapping port mtc:acPort from system:acPort.
14:25:53.698075 Port acPort was unmapped from system:acPort.
14:25:53.698319 Unmap operation of mtc:acPort from system:acPort finished.
14:25:53.698361 Unmapping port mtc:utPort from system:utPort.
14:25:53.698539 Port utPort was unmapped from system:utPort.
14:25:53.698643 Unmap operation of mtc:utPort from system:utPort finished.
14:25:53.698654 Unmapping port mtc:geoNetworkingPort from system:geoNetworkingPort.
14:25:53.698869 Port geoNetworkingPort was unmapped from system:geoNetworkingPort.
14:25:53.699046 Unmap operation of mtc:geoNetworkingPort from system:geoNetworkingPort finished.
14:25:53.699087 Disconnecting ports mtc:syncSendPort and mtc:syncPort.
14:25:53.699262 Port syncSendPort has terminated the connection with local port syncPort.
14:25:53.699277 Port syncPort has terminated the connection with local port syncSendPort.
14:25:53.699468 Disconnect operation on mtc:syncSendPort and mtc:syncPort finished.
14:25:53.699509 Terminating component type LibItsGeoNetworking_TestSystem.ItsGeoNetworking.
14:25:53.699518 Default with id 1 (altstep a_cf01Down) was deactivated.
14:25:53.699525 Default with id 2 (altstep a_default) was deactivated.
14:25:53.699530 Default with id 3 (altstep a_utDefault) was deactivated.
14:25:53.699536 Port syncSendPort was stopped.
14:25:53.699543 Port syncPort was stopped.
14:25:53.699548 Port utPort was stopped.
14:25:53.699553 Port acPort was stopped.
14:25:53.699558 Port geoNetworkingPort was stopped.
14:25:53.699562 Component type LibItsGeoNetworking_TestSystem.ItsGeoNetworking was shut down inside testcase TC_SEC_ITSS_SND_CAM_01_BV.
14:25:53.699569 Waiting for PTCs to finish.
14:25:53.699726 Setting final verdict of the test case.
14:25:53.699762 Local verdict of MTC: pass
14:25:53.699778 No PTCs were created.
14:25:53.699787 Test case TC_SEC_ITSS_SND_CAM_01_BV finished. Verdict: pass
14:25:53.699910 Executing test case TC_SEC_ITSS_SND_CAM_02_BV in module ItsSecurity_TestCases.
14:25:53.699954 Test case TC_SEC_ITSS_SND_CAM_02_BV started.
14:25:53.699963 Initializing variables, timers and ports of component type LibItsGeoNetworking_TestSystem.ItsGeoNetworking inside testcase TC_SEC_ITSS_SND_CAM_02_BV.
14:25:53.700019 Port syncSendPort was started.
14:25:53.700026 Port syncPort was started.
14:25:53.700030 Port utPort was started.
14:25:53.700035 Port acPort was started.
14:25:53.700039 Port geoNetworkingPort was started.
14:25:53.700044 Component type LibItsGeoNetworking_TestSystem.ItsGeoNetworking was initialized.
14:25:53.700051 Mapping port mtc:acPort to system:acPort.
14:25:53.700186 Port acPort was mapped to system:acPort.
14:25:53.700413 Map operation of mtc:acPort to system:acPort finished.
14:25:53.700455 Mapping port mtc:utPort to system:utPort.
14:25:53.700866 Port utPort was mapped to system:utPort.
14:25:53.701024 Map operation of mtc:utPort to system:utPort finished.
14:25:53.701080 Mapping port mtc:geoNetworkingPort to system:geoNetworkingPort.
14:25:53.701489 security_services_its::setup: Already done
14:25:53.701552 Port geoNetworkingPort was mapped to system:geoNetworkingPort.
14:25:53.701696 Map operation of mtc:geoNetworkingPort to system:geoNetworkingPort finished.
14:25:53.701711 Connecting ports mtc:syncSendPort and mtc:syncPort.
14:25:53.701856 Port syncPort has established the connection with local port syncSendPort.
14:25:53.701898 Port syncSendPort has established the connection with local port syncPort.
14:25:53.702147 Connect operation on mtc:syncSendPort and mtc:syncPort finished.
14:25:53.702189 Altstep a_cf01Down was activated as default, id 1
14:25:53.702212 security_services_its::setup: Already done
14:25:53.702351 Selected issuer: '99B8BAAD5A396D5F'O
14:25:53.702499 Sent on utPort to system @LibItsGeoNetworking_TypesAndValues.UtGnInitialize : { hashedId8 := '6A96F4C09905CF42'O }
14:25:53.703998 Message enqueued on utPort from system @LibItsGeoNetworking_TypesAndValues.UtGnResults : { utGnInitializeResult := true } id 1
14:25:53.704043 Start timer tc_wait: 120 s
14:25:53.704066 Receive operation on port utPort succeeded, message from system(): @LibItsGeoNetworking_TypesAndValues.UtGnResults : { utGnInitializeResult := true } id 1
14:25:53.704076 Message with id 1 was extracted from the queue of utPort.
14:25:53.704083 Stop timer tc_wait: 120 s
14:25:53.704089 *** f_utInitializeIut: INFO: IUT initialized ***
14:25:53.704097 Start timer t: 1 s
14:25:53.803532 security_services_its::process_ieee_1609_dot2_signed_data: generation time check 716387158801754 / 716387153803531, delta = 4998223.000000, comp = 0
14:25:53.804395 Message enqueued on geoNetworkingPort from system @LibItsGeoNetworking_TypesAndValues.GeoNetworkingInd : { msgIn := { basicHeader := { version := 1, nextHeader := e_securedPacket (2), reserved := 0, lifeTime := { multiplier := 6, ltBase := e_10s (2) }, routerHopLimit := 1 }, gnPacket := { packet := { commonHeader := { nextHeader := e_btpB (2), reserved := 0, headerTST := { tsbHdr := { headerType := e_topologicallyScopedBroadcast (5), headerSubType := e_singleHop (0) } }, trafficClass := { scf := e_scfDisabled (0), channelOffload := e_choffDisabled (0), tcId := 0 }, flags := '10000000'B, plLength := 30, maxHopLimit := 1, reserved2 := 0 }, extendedHeader := { shbHeader := { srcPosVector := { gnAddr := { typeOfAddress := e_initial (0), stationType := e_unknown (0), reserved := 0, mid := '020000000001'O }, timestamp_ := 3422587665, latitude := 520000000, longitude := 130000000, pai := '0'B, speed := 0, heading := 0 }, reserved := 0 } }, payload := '07D1000002020000002A0000005A946F600E612ED01FFFFFFC23B7743E80'O }, securedMsg := { protocolVersion := 3, content := { signedData := { hashId := sha256 (0), tbsData := { payload := { data := { protocolVersion := 3, content := { unsecuredData := '20500080001E01000000020000000001CC008B111EFE920007BFA480000000000000000007D1000002020000002A0000005A946F600E612ED01FFFFFFC23B7743E80'O } }, extDataHash := omit, omitted := omit }, headerInfo := { psid := 36, generationTime := 716387158801754, expiryTime := omit, generationLocation := omit, p2pcdLearningRequest := omit, missingCrlIdentifier := omit, encryptionKey := omit, inlineP2pcdRequest := omit, requestedCertificate := omit, pduFunctionalType := omit, contributedExtensions := omit } }, signer := { certificate := { { version := 3, type_ := explicit (0), issuer := { sha256AndDigest := '827C527E1D518974'O }, toBeSigned := { id := { none_ := NULL }, cracaId := '000000'O, crlSeries := 0, validityPeriod := { start_ := 716384398, duration := { hours := 24 } }, region := omit, assuranceLevel := omit, appPermissions := { { psid := 36, ssp := { bitmapSsp := '01FFFC'O } }, { psid := 37, ssp := { bitmapSsp := '01FFFFFF'O } }, { psid := 141, ssp := omit }, { psid := 638, ssp := { bitmapSsp := '01'O } } }, certIssuePermissions := omit, certRequestPermissions := omit, canRequestRollover := omit, encryptionKey := omit, verifyKeyIndicator := { verificationKey := { ecdsaNistP256 := { compressed_y_0 := '5BE8B782049A72E3F51B3DE989F950662B8BED4645F1A09B0285C30732421DA4'O } } }, flags := omit, appExtensions := omit, certIssueExtensions := omit, certRequestExtension := omit }, signature_ := { ecdsaNistP256Signature := { rSig := { x_only := '7EF2BE34648CD26A11A83CE11F4C5C4C3D6F9A77E7FE4FECD4640CF4A1BDD840'O }, sSig := '06C63EBBAF9CAD69168BED4F98C3C18AD4B69FEF6DB569CF82A9868B75F6649D'O } } } } }, signature_ := { ecdsaNistP256Signature := { rSig := { x_only := '45EB8FC3D6E4366EEDD2BD5F95CF8AA5C2FDCC88ACA5DB6F2EAFDDC9D497F51B'O }, sSig := '1EB183839DE67546115A9AD35D7EA9441E347105DC1F811AF4EC455D587F0E37'O } } } } } } }, macDestinationAddress := 'FFFFFFFFFFFF'O, ssp := '000000011111111111111100'B, its_aid := 36 } id 1
14:25:54.704107 Timeout t: 1 s
14:25:54.704209 Sent on acPort to system @LibItsGeoNetworking_TypesAndValues.AcGnPrimitive : { getLongPosVector := { gnAddress := { typeOfAddress := e_initial (0), stationType := e_unknown (0), reserved := 0, mid := '020000000001'O } } }
14:25:54.704230 Message enqueued on acPort from system @LibItsGeoNetworking_TypesAndValues.AcGnResponse : { getLongPosVector := { gnAddr := { typeOfAddress := e_initial (0), stationType := e_unknown (0), reserved := 0, mid := '020000000001'O }, timestamp_ := 0, latitude := 520000000, longitude := 130000000, pai := '0'B, speed := 0, heading := 0 } } id 1
14:25:54.704243 Start timer tc_ac: 30 s
14:25:54.704271 Receive operation on port acPort succeeded, message from system(): @LibItsGeoNetworking_TypesAndValues.AcGnResponse : { getLongPosVector := { gnAddr := { typeOfAddress := e_initial (0), stationType := e_unknown (0), reserved := 0, mid := '020000000001'O }, timestamp_ := 0, latitude := 520000000, longitude := 130000000, pai := '0'B, speed := 0, heading := 0 } } id 1
14:25:54.704280 Message with id 1 was extracted from the queue of acPort.
14:25:54.704287 Stop timer tc_ac: 30 s
14:25:54.704360 Altstep a_default was activated as default, id 2
14:25:54.704367 Altstep a_utDefault was activated as default, id 3
14:25:54.704374 Altstep a_neighbourDefault was activated as default, id 4
14:25:54.704557 Sent on acPort to system @LibItsGeoNetworking_TypesAndValues.AcGnPrimitive : { startBeaconing := { beaconPacket := { basicHeader := { version := 1, nextHeader := e_commonHeader (1), reserved := 0, lifeTime := { multiplier := 10, ltBase := e_100s (3) }, routerHopLimit := 1 }, gnPacket := { packet := { commonHeader := { nextHeader := e_any (0), reserved := 0, headerTST := { beaconHdr := { headerType := e_beacon (1), headerSubType := 0 } }, trafficClass := { scf := e_scfEnabled (1), channelOffload := e_choffDisabled (0), tcId := 0 }, flags := '00000000'B, plLength := 0, maxHopLimit := 1, reserved2 := 0 }, extendedHeader := { beaconHeader := { srcPosVector := { gnAddr := { typeOfAddress := e_manual (1), stationType := e_passengerCar (5), reserved := 0, mid := '00000000000B'O }, timestamp_ := 3422582568, latitude := 520020000, longitude := 130000000, pai := '1'B, speed := 0, heading := 0 } } }, payload := omit }, securedMsg := omit } } } }
14:25:54.704875 Start timer t: 1 s
14:25:54.902571 security_services_its::process_ieee_1609_dot2_signed_data: generation time check 716387159901565 / 716387154902570, delta = 4998995.000000, comp = 0
14:25:54.903035 Message enqueued on geoNetworkingPort from system @LibItsGeoNetworking_TypesAndValues.GeoNetworkingInd : { msgIn := { basicHeader := { version := 1, nextHeader := e_securedPacket (2), reserved := 0, lifeTime := { multiplier := 6, ltBase := e_10s (2) }, routerHopLimit := 1 }, gnPacket := { packet := { commonHeader := { nextHeader := e_btpB (2), reserved := 0, headerTST := { tsbHdr := { headerType := e_topologicallyScopedBroadcast (5), headerSubType := e_singleHop (0) } }, trafficClass := { scf := e_scfDisabled (0), channelOffload := e_choffDisabled (0), tcId := 0 }, flags := '10000000'B, plLength := 30, maxHopLimit := 1, reserved2 := 0 }, extendedHeader := { shbHeader := { srcPosVector := { gnAddr := { typeOfAddress := e_initial (0), stationType := e_unknown (0), reserved := 0, mid := '020000000001'O }, timestamp_ := 3422588765, latitude := 520000000, longitude := 130000000, pai := '0'B, speed := 0, heading := 0 }, reserved := 0 } }, payload := '07D1000002020000002A0000005A946F600E612ED01FFFFFFC23B7743E80'O }, securedMsg := { protocolVersion := 3, content := { signedData := { hashId := sha256 (0), tbsData := { payload := { data := { protocolVersion := 3, content := { unsecuredData := '20500080001E01000000020000000001CC008F5D1EFE920007BFA480000000000000000007D1000002020000002A0000005A946F600E612ED01FFFFFFC23B7743E80'O } }, extDataHash := omit, omitted := omit }, headerInfo := { psid := 36, generationTime := 716387159901565, expiryTime := omit, generationLocation := omit, p2pcdLearningRequest := omit, missingCrlIdentifier := omit, encryptionKey := omit, inlineP2pcdRequest := omit, requestedCertificate := omit, pduFunctionalType := omit, contributedExtensions := omit } }, signer := { certificate := { { version := 3, type_ := explicit (0), issuer := { sha256AndDigest := '827C527E1D518974'O }, toBeSigned := { id := { none_ := NULL }, cracaId := '000000'O, crlSeries := 0, validityPeriod := { start_ := 716384398, duration := { hours := 24 } }, region := omit, assuranceLevel := omit, appPermissions := { { psid := 36, ssp := { bitmapSsp := '01FFFC'O } }, { psid := 37, ssp := { bitmapSsp := '01FFFFFF'O } }, { psid := 141, ssp := omit }, { psid := 638, ssp := { bitmapSsp := '01'O } } }, certIssuePermissions := omit, certRequestPermissions := omit, canRequestRollover := omit, encryptionKey := omit, verifyKeyIndicator := { verificationKey := { ecdsaNistP256 := { compressed_y_0 := '5BE8B782049A72E3F51B3DE989F950662B8BED4645F1A09B0285C30732421DA4'O } } }, flags := omit, appExtensions := omit, certIssueExtensions := omit, certRequestExtension := omit }, signature_ := { ecdsaNistP256Signature := { rSig := { x_only := '7EF2BE34648CD26A11A83CE11F4C5C4C3D6F9A77E7FE4FECD4640CF4A1BDD840'O }, sSig := '06C63EBBAF9CAD69168BED4F98C3C18AD4B69FEF6DB569CF82A9868B75F6649D'O } } } } }, signature_ := { ecdsaNistP256Signature := { rSig := { x_only := '84CD17B3C123414A4F56334B61CB6DD3C4D360195A96B352CACEFA23C28E566F'O }, sSig := '9817AEAF925EAA2B6DA138902CA4498019EE91A895AE100997D20A48C3C7A583'O } } } } } } }, macDestinationAddress := 'FFFFFFFFFFFF'O, ssp := '000000011111111111111100'B, its_aid := 36 } id 2
14:25:55.704915 Timeout t: 1 s
14:25:55.704985 Start timer t: 0.5 s
14:25:55.705161 Receive operation on port geoNetworkingPort succeeded, message from system(): @LibItsGeoNetworking_TypesAndValues.GeoNetworkingInd: { msgIn := { basicHeader := { version := 1, nextHeader := e_securedPacket (2), reserved := 0, lifeTime := { multiplier := 6, ltBase := e_10s (2) }, routerHopLimit := 1 }, gnPacket := { packet := { commonHeader := { nextHeader := e_btpB (2), reserved := 0, headerTST := { tsbHdr := { headerType := e_topologicallyScopedBroadcast (5), headerSubType := e_singleHop (0) } }, trafficClass := { scf := e_scfDisabled (0), channelOffload := e_choffDisabled (0), tcId := 0 }, flags := '10000000'B, plLength := 30, maxHopLimit := 1, reserved2 := 0 }, extendedHeader := { shbHeader := { srcPosVector := { gnAddr := { typeOfAddress := e_initial (0), stationType := e_unknown (0), reserved := 0, mid := '020000000001'O }, timestamp_ := 3422587665, latitude := 520000000, longitude := 130000000, pai := '0'B, speed := 0, heading := 0 }, reserved := 0 } }, payload := '07D1000002020000002A0000005A946F600E612ED01FFFFFFC23B7743E80'O }, securedMsg := { protocolVersion := 3, content := { signedData := { hashId := sha256 (0), tbsData := { payload := { data := { protocolVersion := 3, content := { unsecuredData := '20500080001E01000000020000000001CC008B111EFE920007BFA480000000000000000007D1000002020000002A0000005A946F600E612ED01FFFFFFC23B7743E80'O } }, extDataHash := omit, omitted := omit }, headerInfo := { psid := 36, generationTime := 716387158801754, expiryTime := omit, generationLocation := omit, p2pcdLearningRequest := omit, missingCrlIdentifier := omit, encryptionKey := omit, inlineP2pcdRequest := omit, requestedCertificate := omit, pduFunctionalType := omit, contributedExtensions := omit } }, signer := { certificate := { { version := 3, type_ := explicit (0), issuer := { sha256AndDigest := '827C527E1D518974'O }, toBeSigned := { id := { none_ := NULL }, cracaId := '000000'O, crlSeries := 0, validityPeriod := { start_ := 716384398, duration := { hours := 24 } }, region := omit, assuranceLevel := omit, appPermissions := { { psid := 36, ssp := { bitmapSsp := '01FFFC'O } }, { psid := 37, ssp := { bitmapSsp := '01FFFFFF'O } }, { psid := 141, ssp := omit }, { psid := 638, ssp := { bitmapSsp := '01'O } } }, certIssuePermissions := omit, certRequestPermissions := omit, canRequestRollover := omit, encryptionKey := omit, verifyKeyIndicator := { verificationKey := { ecdsaNistP256 := { compressed_y_0 := '5BE8B782049A72E3F51B3DE989F950662B8BED4645F1A09B0285C30732421DA4'O } } }, flags := omit, appExtensions := omit, certIssueExtensions := omit, certRequestExtension := omit }, signature_ := { ecdsaNistP256Signature := { rSig := { x_only := '7EF2BE34648CD26A11A83CE11F4C5C4C3D6F9A77E7FE4FECD4640CF4A1BDD840'O }, sSig := '06C63EBBAF9CAD69168BED4F98C3C18AD4B69FEF6DB569CF82A9868B75F6649D'O } } } } }, signature_ := { ecdsaNistP256Signature := { rSig := { x_only := '45EB8FC3D6E4366EEDD2BD5F95CF8AA5C2FDCC88ACA5DB6F2EAFDDC9D497F51B'O }, sSig := '1EB183839DE67546115A9AD35D7EA9441E347105DC1F811AF4EC455D587F0E37'O } } } } } } }, macDestinationAddress := 'FFFFFFFFFFFF'O, ssp := '000000011111111111111100'B, its_aid := 36 } id 1
14:25:55.705194 Message with id 1 was extracted from the queue of geoNetworkingPort.
14:25:55.705200 *** a_default: WARNING: Received an unexpected message ***
14:25:55.705203 Default with id 4 (altstep a_neighbourDefault) has reached a break statement. Skipping current alt statement or receiving operation.
14:25:55.705287 Receive operation on port geoNetworkingPort succeeded, message from system(): @LibItsGeoNetworking_TypesAndValues.GeoNetworkingInd: { msgIn := { basicHeader := { version := 1, nextHeader := e_securedPacket (2), reserved := 0, lifeTime := { multiplier := 6, ltBase := e_10s (2) }, routerHopLimit := 1 }, gnPacket := { packet := { commonHeader := { nextHeader := e_btpB (2), reserved := 0, headerTST := { tsbHdr := { headerType := e_topologicallyScopedBroadcast (5), headerSubType := e_singleHop (0) } }, trafficClass := { scf := e_scfDisabled (0), channelOffload := e_choffDisabled (0), tcId := 0 }, flags := '10000000'B, plLength := 30, maxHopLimit := 1, reserved2 := 0 }, extendedHeader := { shbHeader := { srcPosVector := { gnAddr := { typeOfAddress := e_initial (0), stationType := e_unknown (0), reserved := 0, mid := '020000000001'O }, timestamp_ := 3422588765, latitude := 520000000, longitude := 130000000, pai := '0'B, speed := 0, heading := 0 }, reserved := 0 } }, payload := '07D1000002020000002A0000005A946F600E612ED01FFFFFFC23B7743E80'O }, securedMsg := { protocolVersion := 3, content := { signedData := { hashId := sha256 (0), tbsData := { payload := { data := { protocolVersion := 3, content := { unsecuredData := '20500080001E01000000020000000001CC008F5D1EFE920007BFA480000000000000000007D1000002020000002A0000005A946F600E612ED01FFFFFFC23B7743E80'O } }, extDataHash := omit, omitted := omit }, headerInfo := { psid := 36, generationTime := 716387159901565, expiryTime := omit, generationLocation := omit, p2pcdLearningRequest := omit, missingCrlIdentifier := omit, encryptionKey := omit, inlineP2pcdRequest := omit, requestedCertificate := omit, pduFunctionalType := omit, contributedExtensions := omit } }, signer := { certificate := { { version := 3, type_ := explicit (0), issuer := { sha256AndDigest := '827C527E1D518974'O }, toBeSigned := { id := { none_ := NULL }, cracaId := '000000'O, crlSeries := 0, validityPeriod := { start_ := 716384398, duration := { hours := 24 } }, region := omit, assuranceLevel := omit, appPermissions := { { psid := 36, ssp := { bitmapSsp := '01FFFC'O } }, { psid := 37, ssp := { bitmapSsp := '01FFFFFF'O } }, { psid := 141, ssp := omit }, { psid := 638, ssp := { bitmapSsp := '01'O } } }, certIssuePermissions := omit, certRequestPermissions := omit, canRequestRollover := omit, encryptionKey := omit, verifyKeyIndicator := { verificationKey := { ecdsaNistP256 := { compressed_y_0 := '5BE8B782049A72E3F51B3DE989F950662B8BED4645F1A09B0285C30732421DA4'O } } }, flags := omit, appExtensions := omit, certIssueExtensions := omit, certRequestExtension := omit }, signature_ := { ecdsaNistP256Signature := { rSig := { x_only := '7EF2BE34648CD26A11A83CE11F4C5C4C3D6F9A77E7FE4FECD4640CF4A1BDD840'O }, sSig := '06C63EBBAF9CAD69168BED4F98C3C18AD4B69FEF6DB569CF82A9868B75F6649D'O } } } } }, signature_ := { ecdsaNistP256Signature := { rSig := { x_only := '84CD17B3C123414A4F56334B61CB6DD3C4D360195A96B352CACEFA23C28E566F'O }, sSig := '9817AEAF925EAA2B6DA138902CA4498019EE91A895AE100997D20A48C3C7A583'O } } } } } } }, macDestinationAddress := 'FFFFFFFFFFFF'O, ssp := '000000011111111111111100'B, its_aid := 36 } id 2
14:25:55.705297 Message with id 2 was extracted from the queue of geoNetworkingPort.
14:25:55.705300 *** a_default: WARNING: Received an unexpected message ***
14:25:55.705302 Default with id 4 (altstep a_neighbourDefault) has reached a break statement. Skipping current alt statement or receiving operation.
14:25:55.903075 security_services_its::process_ieee_1609_dot2_signed_data: generation time check 716387160901706 / 716387155903074, delta = 4998632.000000, comp = 0
14:25:55.903777 Message enqueued on geoNetworkingPort from system @LibItsGeoNetworking_TypesAndValues.GeoNetworkingInd : { msgIn := { basicHeader := { version := 1, nextHeader := e_securedPacket (2), reserved := 0, lifeTime := { multiplier := 6, ltBase := e_10s (2) }, routerHopLimit := 1 }, gnPacket := { packet := { commonHeader := { nextHeader := e_btpB (2), reserved := 0, headerTST := { tsbHdr := { headerType := e_topologicallyScopedBroadcast (5), headerSubType := e_singleHop (0) } }, trafficClass := { scf := e_scfDisabled (0), channelOffload := e_choffDisabled (0), tcId := 0 }, flags := '10000000'B, plLength := 30, maxHopLimit := 1, reserved2 := 0 }, extendedHeader := { shbHeader := { srcPosVector := { gnAddr := { typeOfAddress := e_initial (0), stationType := e_unknown (0), reserved := 0, mid := '020000000001'O }, timestamp_ := 3422589765, latitude := 520000000, longitude := 130000000, pai := '0'B, speed := 0, heading := 0 }, reserved := 0 } }, payload := '07D1000002020000002A0000005A946F600E612ED01FFFFFFC23B7743E80'O }, securedMsg := { protocolVersion := 3, content := { signedData := { hashId := sha256 (0), tbsData := { payload := { data := { protocolVersion := 3, content := { unsecuredData := '20500080001E01000000020000000001CC0093451EFE920007BFA480000000000000000007D1000002020000002A0000005A946F600E612ED01FFFFFFC23B7743E80'O } }, extDataHash := omit, omitted := omit }, headerInfo := { psid := 36, generationTime := 716387160901706, expiryTime := omit, generationLocation := omit, p2pcdLearningRequest := omit, missingCrlIdentifier := omit, encryptionKey := omit, inlineP2pcdRequest := omit, requestedCertificate := omit, pduFunctionalType := omit, contributedExtensions := omit } }, signer := { certificate := { { version := 3, type_ := explicit (0), issuer := { sha256AndDigest := '827C527E1D518974'O }, toBeSigned := { id := { none_ := NULL }, cracaId := '000000'O, crlSeries := 0, validityPeriod := { start_ := 716384398, duration := { hours := 24 } }, region := omit, assuranceLevel := omit, appPermissions := { { psid := 36, ssp := { bitmapSsp := '01FFFC'O } }, { psid := 37, ssp := { bitmapSsp := '01FFFFFF'O } }, { psid := 141, ssp := omit }, { psid := 638, ssp := { bitmapSsp := '01'O } } }, certIssuePermissions := omit, certRequestPermissions := omit, canRequestRollover := omit, encryptionKey := omit, verifyKeyIndicator := { verificationKey := { ecdsaNistP256 := { compressed_y_0 := '5BE8B782049A72E3F51B3DE989F950662B8BED4645F1A09B0285C30732421DA4'O } } }, flags := omit, appExtensions := omit, certIssueExtensions := omit, certRequestExtension := omit }, signature_ := { ecdsaNistP256Signature := { rSig := { x_only := '7EF2BE34648CD26A11A83CE11F4C5C4C3D6F9A77E7FE4FECD4640CF4A1BDD840'O }, sSig := '06C63EBBAF9CAD69168BED4F98C3C18AD4B69FEF6DB569CF82A9868B75F6649D'O } } } } }, signature_ := { ecdsaNistP256Signature := { rSig := { x_only := '8B80A693469F32F31741951AA26D40511D1BFCAE56677C07FDB3853B95D48529'O }, sSig := '88ED0F7B88877F340333121EC7E2809B289AD3294ADD9FDB8DD9AE84CDA58C76'O } } } } } } }, macDestinationAddress := 'FFFFFFFFFFFF'O, ssp := '000000011111111111111100'B, its_aid := 36 } id 3
14:25:55.904017 Receive operation on port geoNetworkingPort succeeded, message from system(): @LibItsGeoNetworking_TypesAndValues.GeoNetworkingInd: { msgIn := { basicHeader := { version := 1, nextHeader := e_securedPacket (2), reserved := 0, lifeTime := { multiplier := 6, ltBase := e_10s (2) }, routerHopLimit := 1 }, gnPacket := { packet := { commonHeader := { nextHeader := e_btpB (2), reserved := 0, headerTST := { tsbHdr := { headerType := e_topologicallyScopedBroadcast (5), headerSubType := e_singleHop (0) } }, trafficClass := { scf := e_scfDisabled (0), channelOffload := e_choffDisabled (0), tcId := 0 }, flags := '10000000'B, plLength := 30, maxHopLimit := 1, reserved2 := 0 }, extendedHeader := { shbHeader := { srcPosVector := { gnAddr := { typeOfAddress := e_initial (0), stationType := e_unknown (0), reserved := 0, mid := '020000000001'O }, timestamp_ := 3422589765, latitude := 520000000, longitude := 130000000, pai := '0'B, speed := 0, heading := 0 }, reserved := 0 } }, payload := '07D1000002020000002A0000005A946F600E612ED01FFFFFFC23B7743E80'O }, securedMsg := { protocolVersion := 3, content := { signedData := { hashId := sha256 (0), tbsData := { payload := { data := { protocolVersion := 3, content := { unsecuredData := '20500080001E01000000020000000001CC0093451EFE920007BFA480000000000000000007D1000002020000002A0000005A946F600E612ED01FFFFFFC23B7743E80'O } }, extDataHash := omit, omitted := omit }, headerInfo := { psid := 36, generationTime := 716387160901706, expiryTime := omit, generationLocation := omit, p2pcdLearningRequest := omit, missingCrlIdentifier := omit, encryptionKey := omit, inlineP2pcdRequest := omit, requestedCertificate := omit, pduFunctionalType := omit, contributedExtensions := omit } }, signer := { certificate := { { version := 3, type_ := explicit (0), issuer := { sha256AndDigest := '827C527E1D518974'O }, toBeSigned := { id := { none_ := NULL }, cracaId := '000000'O, crlSeries := 0, validityPeriod := { start_ := 716384398, duration := { hours := 24 } }, region := omit, assuranceLevel := omit, appPermissions := { { psid := 36, ssp := { bitmapSsp := '01FFFC'O } }, { psid := 37, ssp := { bitmapSsp := '01FFFFFF'O } }, { psid := 141, ssp := omit }, { psid := 638, ssp := { bitmapSsp := '01'O } } }, certIssuePermissions := omit, certRequestPermissions := omit, canRequestRollover := omit, encryptionKey := omit, verifyKeyIndicator := { verificationKey := { ecdsaNistP256 := { compressed_y_0 := '5BE8B782049A72E3F51B3DE989F950662B8BED4645F1A09B0285C30732421DA4'O } } }, flags := omit, appExtensions := omit, certIssueExtensions := omit, certRequestExtension := omit }, signature_ := { ecdsaNistP256Signature := { rSig := { x_only := '7EF2BE34648CD26A11A83CE11F4C5C4C3D6F9A77E7FE4FECD4640CF4A1BDD840'O }, sSig := '06C63EBBAF9CAD69168BED4F98C3C18AD4B69FEF6DB569CF82A9868B75F6649D'O } } } } }, signature_ := { ecdsaNistP256Signature := { rSig := { x_only := '8B80A693469F32F31741951AA26D40511D1BFCAE56677C07FDB3853B95D48529'O }, sSig := '88ED0F7B88877F340333121EC7E2809B289AD3294ADD9FDB8DD9AE84CDA58C76'O } } } } } } }, macDestinationAddress := 'FFFFFFFFFFFF'O, ssp := '000000011111111111111100'B, its_aid := 36 } id 3
14:25:55.904039 Message with id 3 was extracted from the queue of geoNetworkingPort.
14:25:55.904047 *** a_default: WARNING: Received an unexpected message ***
14:25:55.904052 Default with id 4 (altstep a_neighbourDefault) has reached a break statement. Skipping current alt statement or receiving operation.
14:25:56.205058 Timeout t: 0.5 s
14:25:56.205136 **** f_selfSync: Successfully passed PREAMBLE synchronization point. ****
14:25:56.205143 Start timer tc_ac: 30 s
14:25:56.903495 security_services_its::process_ieee_1609_dot2_signed_data: generation time check 716387161901736 / 716387156903494, delta = 4998242.000000, comp = 0
14:25:56.904407 Message enqueued on geoNetworkingPort from system @LibItsGeoNetworking_TypesAndValues.GeoNetworkingInd : { msgIn := { basicHeader := { version := 1, nextHeader := e_securedPacket (2), reserved := 0, lifeTime := { multiplier := 6, ltBase := e_10s (2) }, routerHopLimit := 1 }, gnPacket := { packet := { commonHeader := { nextHeader := e_btpB (2), reserved := 0, headerTST := { tsbHdr := { headerType := e_topologicallyScopedBroadcast (5), headerSubType := e_singleHop (0) } }, trafficClass := { scf := e_scfDisabled (0), channelOffload := e_choffDisabled (0), tcId := 0 }, flags := '10000000'B, plLength := 30, maxHopLimit := 1, reserved2 := 0 }, extendedHeader := { shbHeader := { srcPosVector := { gnAddr := { typeOfAddress := e_initial (0), stationType := e_unknown (0), reserved := 0, mid := '020000000001'O }, timestamp_ := 3422590765, latitude := 520000000, longitude := 130000000, pai := '0'B, speed := 0, heading := 0 }, reserved := 0 } }, payload := '07D1000002020000002A0000005A946F600E612ED01FFFFFFC23B7743E80'O }, securedMsg := { protocolVersion := 3, content := { signedData := { hashId := sha256 (0), tbsData := { payload := { data := { protocolVersion := 3, content := { unsecuredData := '20500080001E01000000020000000001CC00972D1EFE920007BFA480000000000000000007D1000002020000002A0000005A946F600E612ED01FFFFFFC23B7743E80'O } }, extDataHash := omit, omitted := omit }, headerInfo := { psid := 36, generationTime := 716387161901736, expiryTime := omit, generationLocation := omit, p2pcdLearningRequest := omit, missingCrlIdentifier := omit, encryptionKey := omit, inlineP2pcdRequest := omit, requestedCertificate := omit, pduFunctionalType := omit, contributedExtensions := omit } }, signer := { certificate := { { version := 3, type_ := explicit (0), issuer := { sha256AndDigest := '827C527E1D518974'O }, toBeSigned := { id := { none_ := NULL }, cracaId := '000000'O, crlSeries := 0, validityPeriod := { start_ := 716384398, duration := { hours := 24 } }, region := omit, assuranceLevel := omit, appPermissions := { { psid := 36, ssp := { bitmapSsp := '01FFFC'O } }, { psid := 37, ssp := { bitmapSsp := '01FFFFFF'O } }, { psid := 141, ssp := omit }, { psid := 638, ssp := { bitmapSsp := '01'O } } }, certIssuePermissions := omit, certRequestPermissions := omit, canRequestRollover := omit, encryptionKey := omit, verifyKeyIndicator := { verificationKey := { ecdsaNistP256 := { compressed_y_0 := '5BE8B782049A72E3F51B3DE989F950662B8BED4645F1A09B0285C30732421DA4'O } } }, flags := omit, appExtensions := omit, certIssueExtensions := omit, certRequestExtension := omit }, signature_ := { ecdsaNistP256Signature := { rSig := { x_only := '7EF2BE34648CD26A11A83CE11F4C5C4C3D6F9A77E7FE4FECD4640CF4A1BDD840'O }, sSig := '06C63EBBAF9CAD69168BED4F98C3C18AD4B69FEF6DB569CF82A9868B75F6649D'O } } } } }, signature_ := { ecdsaNistP256Signature := { rSig := { x_only := 'DB01DE8F2B40E26BB8F02DCE9F9D5180BED288DD3DCF6264F1191D9B5ACD8CF8'O }, sSig := '1133A6A04B2DCA3E96C584842440C1E5FD3A239FB1B5215222CCDFF226F82D5D'O } } } } } } }, macDestinationAddress := 'FFFFFFFFFFFF'O, ssp := '000000011111111111111100'B, its_aid := 36 } id 4
14:25:56.904665 Receive operation on port geoNetworkingPort succeeded, message from system(): @LibItsGeoNetworking_TypesAndValues.GeoNetworkingInd : { msgIn := { basicHeader := { version := 1, nextHeader := e_securedPacket (2), reserved := 0, lifeTime := { multiplier := 6, ltBase := e_10s (2) }, routerHopLimit := 1 }, gnPacket := { packet := { commonHeader := { nextHeader := e_btpB (2), reserved := 0, headerTST := { tsbHdr := { headerType := e_topologicallyScopedBroadcast (5), headerSubType := e_singleHop (0) } }, trafficClass := { scf := e_scfDisabled (0), channelOffload := e_choffDisabled (0), tcId := 0 }, flags := '10000000'B, plLength := 30, maxHopLimit := 1, reserved2 := 0 }, extendedHeader := { shbHeader := { srcPosVector := { gnAddr := { typeOfAddress := e_initial (0), stationType := e_unknown (0), reserved := 0, mid := '020000000001'O }, timestamp_ := 3422590765, latitude := 520000000, longitude := 130000000, pai := '0'B, speed := 0, heading := 0 }, reserved := 0 } }, payload := '07D1000002020000002A0000005A946F600E612ED01FFFFFFC23B7743E80'O }, securedMsg := { protocolVersion := 3, content := { signedData := { hashId := sha256 (0), tbsData := { payload := { data := { protocolVersion := 3, content := { unsecuredData := '20500080001E01000000020000000001CC00972D1EFE920007BFA480000000000000000007D1000002020000002A0000005A946F600E612ED01FFFFFFC23B7743E80'O } }, extDataHash := omit, omitted := omit }, headerInfo := { psid := 36, generationTime := 716387161901736, expiryTime := omit, generationLocation := omit, p2pcdLearningRequest := omit, missingCrlIdentifier := omit, encryptionKey := omit, inlineP2pcdRequest := omit, requestedCertificate := omit, pduFunctionalType := omit, contributedExtensions := omit } }, signer := { certificate := { { version := 3, type_ := explicit (0), issuer := { sha256AndDigest := '827C527E1D518974'O }, toBeSigned := { id := { none_ := NULL }, cracaId := '000000'O, crlSeries := 0, validityPeriod := { start_ := 716384398, duration := { hours := 24 } }, region := omit, assuranceLevel := omit, appPermissions := { { psid := 36, ssp := { bitmapSsp := '01FFFC'O } }, { psid := 37, ssp := { bitmapSsp := '01FFFFFF'O } }, { psid := 141, ssp := omit }, { psid := 638, ssp := { bitmapSsp := '01'O } } }, certIssuePermissions := omit, certRequestPermissions := omit, canRequestRollover := omit, encryptionKey := omit, verifyKeyIndicator := { verificationKey := { ecdsaNistP256 := { compressed_y_0 := '5BE8B782049A72E3F51B3DE989F950662B8BED4645F1A09B0285C30732421DA4'O } } }, flags := omit, appExtensions := omit, certIssueExtensions := omit, certRequestExtension := omit }, signature_ := { ecdsaNistP256Signature := { rSig := { x_only := '7EF2BE34648CD26A11A83CE11F4C5C4C3D6F9A77E7FE4FECD4640CF4A1BDD840'O }, sSig := '06C63EBBAF9CAD69168BED4F98C3C18AD4B69FEF6DB569CF82A9868B75F6649D'O } } } } }, signature_ := { ecdsaNistP256Signature := { rSig := { x_only := 'DB01DE8F2B40E26BB8F02DCE9F9D5180BED288DD3DCF6264F1191D9B5ACD8CF8'O }, sSig := '1133A6A04B2DCA3E96C584842440C1E5FD3A239FB1B5215222CCDFF226F82D5D'O } } } } } } }, macDestinationAddress := 'FFFFFFFFFFFF'O, ssp := '000000011111111111111100'B, its_aid := 36 } id 4
14:25:56.904715 Message with id 4 was extracted from the queue of geoNetworkingPort.
14:25:56.904743 Stop timer tc_ac: 30 s
14:25:56.904759 *** TC_SEC_ITSS_SND_CAM_02_BV: PASS: Correct secured packet received
14:25:56.904769 setverdict(pass): none -> pass
14:25:56.904861 **** f_selfSync: Successfully passed TEST BODY synchronization point. ****
14:25:56.904882 Sent on acPort to system @LibItsGeoNetworking_TypesAndValues.AcGnPrimitive : { stopBeaconing := { } }
14:25:56.904895 Default with id 4 (altstep a_neighbourDefault) was deactivated.
14:25:56.904916 Sent on acPort to system @LibItsCommon_TypesAndValues.AcSecPrimitive : { acDisableSecurity := { disable := true } }
14:25:56.904925 Message enqueued on acPort from system @LibItsCommon_TypesAndValues.AdapterControlResults : { acSecResponse := true } id 2
14:25:56.904935 Start timer tc_ac: 30 s
14:25:56.904951 Receive operation on port acPort succeeded, message from system(): @LibItsCommon_TypesAndValues.AdapterControlResults : { acSecResponse := true } id 2
14:25:56.904960 Message with id 2 was extracted from the queue of acPort.
14:25:56.904967 Stop timer tc_ac: 30 s
14:25:56.904977 Unmapping port mtc:acPort from system:acPort.
14:25:56.905303 Port acPort was unmapped from system:acPort.
14:25:56.905573 Unmap operation of mtc:acPort from system:acPort finished.
14:25:56.905598 Unmapping port mtc:utPort from system:utPort.
14:25:56.905721 Port utPort was unmapped from system:utPort.
14:25:56.905878 Unmap operation of mtc:utPort from system:utPort finished.
14:25:56.905927 Unmapping port mtc:geoNetworkingPort from system:geoNetworkingPort.
14:25:56.906200 Port geoNetworkingPort was unmapped from system:geoNetworkingPort.
14:25:56.906526 Unmap operation of mtc:geoNetworkingPort from system:geoNetworkingPort finished.
14:25:56.906569 Disconnecting ports mtc:syncSendPort and mtc:syncPort.
14:25:56.906798 Port syncSendPort has terminated the connection with local port syncPort.
14:25:56.906844 Port syncPort has terminated the connection with local port syncSendPort.
14:25:56.907062 Disconnect operation on mtc:syncSendPort and mtc:syncPort finished.
14:25:56.907111 Terminating component type LibItsGeoNetworking_TestSystem.ItsGeoNetworking.
14:25:56.907125 Default with id 1 (altstep a_cf01Down) was deactivated.
14:25:56.907134 Default with id 2 (altstep a_default) was deactivated.
14:25:56.907139 Default with id 3 (altstep a_utDefault) was deactivated.
14:25:56.907146 Port syncSendPort was stopped.
14:25:56.907156 Port syncPort was stopped.
14:25:56.907163 Port utPort was stopped.
14:25:56.907169 Port acPort was stopped.
14:25:56.907175 Port geoNetworkingPort was stopped.
14:25:56.907180 Component type LibItsGeoNetworking_TestSystem.ItsGeoNetworking was shut down inside testcase TC_SEC_ITSS_SND_CAM_02_BV.
14:25:56.907190 Waiting for PTCs to finish.
14:25:56.907510 Setting final verdict of the test case.
14:25:56.907650 Local verdict of MTC: pass
14:25:56.907680 No PTCs were created.
14:25:56.907694 Test case TC_SEC_ITSS_SND_CAM_02_BV finished. Verdict: pass
14:25:56.907896 Executing test case TC_SEC_ITSS_SND_CAM_03_BV in module ItsSecurity_TestCases.
14:25:56.907974 Test case TC_SEC_ITSS_SND_CAM_03_BV started.
14:25:56.907988 Initializing variables, timers and ports of component type LibItsGeoNetworking_TestSystem.ItsGeoNetworking inside testcase TC_SEC_ITSS_SND_CAM_03_BV.
14:25:56.908062 Port syncSendPort was started.
14:25:56.908072 Port syncPort was started.
14:25:56.908078 Port utPort was started.
14:25:56.908083 Port acPort was started.
14:25:56.908088 Port geoNetworkingPort was started.
14:25:56.908094 Component type LibItsGeoNetworking_TestSystem.ItsGeoNetworking was initialized.
14:25:56.908104 Mapping port mtc:acPort to system:acPort.
14:25:56.908337 Port acPort was mapped to system:acPort.
14:25:56.908615 Map operation of mtc:acPort to system:acPort finished.
14:25:56.908649 Mapping port mtc:utPort to system:utPort.
14:25:56.909111 Port utPort was mapped to system:utPort.
14:25:56.909354 Map operation of mtc:utPort to system:utPort finished.
14:25:56.909379 Mapping port mtc:geoNetworkingPort to system:geoNetworkingPort.
14:25:56.909789 security_services_its::setup: Already done
14:25:56.909935 Port geoNetworkingPort was mapped to system:geoNetworkingPort.
14:25:56.910158 Map operation of mtc:geoNetworkingPort to system:geoNetworkingPort finished.
14:25:56.910179 Connecting ports mtc:syncSendPort and mtc:syncPort.
14:25:56.910353 Port syncPort has established the connection with local port syncSendPort.
14:25:56.910400 Port syncSendPort has established the connection with local port syncPort.
14:25:56.910574 Connect operation on mtc:syncSendPort and mtc:syncPort finished.
14:25:56.910598 Altstep a_cf01Down was activated as default, id 1
14:25:56.910624 security_services_its::setup: Already done
14:25:56.910792 Selected issuer: '99B8BAAD5A396D5F'O
14:25:56.910981 Sent on utPort to system @LibItsGeoNetworking_TypesAndValues.UtGnInitialize : { hashedId8 := '6A96F4C09905CF42'O }
14:25:56.912741 Message enqueued on utPort from system @LibItsGeoNetworking_TypesAndValues.UtGnResults : { utGnInitializeResult := true } id 1
14:25:56.912800 Start timer tc_wait: 120 s
14:25:56.912832 Receive operation on port utPort succeeded, message from system(): @LibItsGeoNetworking_TypesAndValues.UtGnResults : { utGnInitializeResult := true } id 1
14:25:56.912845 Message with id 1 was extracted from the queue of utPort.
14:25:56.912866 Stop timer tc_wait: 120 s
14:25:56.912874 *** f_utInitializeIut: INFO: IUT initialized ***
14:25:56.912884 Start timer t: 1 s
14:25:57.011857 security_services_its::process_ieee_1609_dot2_signed_data: generation time check 716387162010091 / 716387157011856, delta = 4998235.000000, comp = 0
14:25:57.012677 Message enqueued on geoNetworkingPort from system @LibItsGeoNetworking_TypesAndValues.GeoNetworkingInd : { msgIn := { basicHeader := { version := 1, nextHeader := e_securedPacket (2), reserved := 0, lifeTime := { multiplier := 6, ltBase := e_10s (2) }, routerHopLimit := 1 }, gnPacket := { packet := { commonHeader := { nextHeader := e_btpB (2), reserved := 0, headerTST := { tsbHdr := { headerType := e_topologicallyScopedBroadcast (5), headerSubType := e_singleHop (0) } }, trafficClass := { scf := e_scfDisabled (0), channelOffload := e_choffDisabled (0), tcId := 0 }, flags := '10000000'B, plLength := 30, maxHopLimit := 1, reserved2 := 0 }, extendedHeader := { shbHeader := { srcPosVector := { gnAddr := { typeOfAddress := e_initial (0), stationType := e_unknown (0), reserved := 0, mid := '020000000001'O }, timestamp_ := 3422590874, latitude := 520000000, longitude := 130000000, pai := '0'B, speed := 0, heading := 0 }, reserved := 0 } }, payload := '07D1000002020000002A0000005A946F600E612ED01FFFFFFC23B7743E80'O }, securedMsg := { protocolVersion := 3, content := { signedData := { hashId := sha256 (0), tbsData := { payload := { data := { protocolVersion := 3, content := { unsecuredData := '20500080001E01000000020000000001CC00979A1EFE920007BFA480000000000000000007D1000002020000002A0000005A946F600E612ED01FFFFFFC23B7743E80'O } }, extDataHash := omit, omitted := omit }, headerInfo := { psid := 36, generationTime := 716387162010091, expiryTime := omit, generationLocation := omit, p2pcdLearningRequest := omit, missingCrlIdentifier := omit, encryptionKey := omit, inlineP2pcdRequest := omit, requestedCertificate := omit, pduFunctionalType := omit, contributedExtensions := omit } }, signer := { certificate := { { version := 3, type_ := explicit (0), issuer := { sha256AndDigest := '827C527E1D518974'O }, toBeSigned := { id := { none_ := NULL }, cracaId := '000000'O, crlSeries := 0, validityPeriod := { start_ := 716384398, duration := { hours := 24 } }, region := omit, assuranceLevel := omit, appPermissions := { { psid := 36, ssp := { bitmapSsp := '01FFFC'O } }, { psid := 37, ssp := { bitmapSsp := '01FFFFFF'O } }, { psid := 141, ssp := omit }, { psid := 638, ssp := { bitmapSsp := '01'O } } }, certIssuePermissions := omit, certRequestPermissions := omit, canRequestRollover := omit, encryptionKey := omit, verifyKeyIndicator := { verificationKey := { ecdsaNistP256 := { compressed_y_0 := '5BE8B782049A72E3F51B3DE989F950662B8BED4645F1A09B0285C30732421DA4'O } } }, flags := omit, appExtensions := omit, certIssueExtensions := omit, certRequestExtension := omit }, signature_ := { ecdsaNistP256Signature := { rSig := { x_only := '7EF2BE34648CD26A11A83CE11F4C5C4C3D6F9A77E7FE4FECD4640CF4A1BDD840'O }, sSig := '06C63EBBAF9CAD69168BED4F98C3C18AD4B69FEF6DB569CF82A9868B75F6649D'O } } } } }, signature_ := { ecdsaNistP256Signature := { rSig := { x_only := 'C6130F2BF3EAE16BA6C49CF21578FED67A751AC9A234F1DFB0573D3E654EB016'O }, sSig := '582EEFD13AB48111A63A114395700EC86B7053875AFBFF9A913666A9D2082C6F'O } } } } } } }, macDestinationAddress := 'FFFFFFFFFFFF'O, ssp := '000000011111111111111100'B, its_aid := 36 } id 1
14:25:57.912896 Timeout t: 1 s
14:25:57.913026 Sent on acPort to system @LibItsGeoNetworking_TypesAndValues.AcGnPrimitive : { getLongPosVector := { gnAddress := { typeOfAddress := e_initial (0), stationType := e_unknown (0), reserved := 0, mid := '020000000001'O } } }
14:25:57.913053 Message enqueued on acPort from system @LibItsGeoNetworking_TypesAndValues.AcGnResponse : { getLongPosVector := { gnAddr := { typeOfAddress := e_initial (0), stationType := e_unknown (0), reserved := 0, mid := '020000000001'O }, timestamp_ := 0, latitude := 520000000, longitude := 130000000, pai := '0'B, speed := 0, heading := 0 } } id 1
14:25:57.913070 Start timer tc_ac: 30 s
14:25:57.913104 Receive operation on port acPort succeeded, message from system(): @LibItsGeoNetworking_TypesAndValues.AcGnResponse : { getLongPosVector := { gnAddr := { typeOfAddress := e_initial (0), stationType := e_unknown (0), reserved := 0, mid := '020000000001'O }, timestamp_ := 0, latitude := 520000000, longitude := 130000000, pai := '0'B, speed := 0, heading := 0 } } id 1
14:25:57.913114 Message with id 1 was extracted from the queue of acPort.
14:25:57.913139 Stop timer tc_ac: 30 s
14:25:57.913277 Altstep a_default was activated as default, id 2
14:25:57.913290 Altstep a_utDefault was activated as default, id 3
14:25:57.913295 Altstep a_neighbourDefault was activated as default, id 4
14:25:57.913489 Sent on acPort to system @LibItsGeoNetworking_TypesAndValues.AcGnPrimitive : { startBeaconing := { beaconPacket := { basicHeader := { version := 1, nextHeader := e_commonHeader (1), reserved := 0, lifeTime := { multiplier := 10, ltBase := e_100s (3) }, routerHopLimit := 1 }, gnPacket := { packet := { commonHeader := { nextHeader := e_any (0), reserved := 0, headerTST := { beaconHdr := { headerType := e_beacon (1), headerSubType := 0 } }, trafficClass := { scf := e_scfEnabled (1), channelOffload := e_choffDisabled (0), tcId := 0 }, flags := '00000000'B, plLength := 0, maxHopLimit := 1, reserved2 := 0 }, extendedHeader := { beaconHeader := { srcPosVector := { gnAddr := { typeOfAddress := e_manual (1), stationType := e_passengerCar (5), reserved := 0, mid := '00000000000B'O }, timestamp_ := 3422585777, latitude := 520020000, longitude := 130000000, pai := '1'B, speed := 0, heading := 0 } } }, payload := omit }, securedMsg := omit } } } }
14:25:57.913993 Start timer t: 1 s
14:25:58.110943 security_services_its::process_ieee_1609_dot2_signed_data: generation time check 716387163109945 / 716387158110943, delta = 4999002.000000, comp = 0
14:25:58.111436 Message enqueued on geoNetworkingPort from system @LibItsGeoNetworking_TypesAndValues.GeoNetworkingInd : { msgIn := { basicHeader := { version := 1, nextHeader := e_securedPacket (2), reserved := 0, lifeTime := { multiplier := 6, ltBase := e_10s (2) }, routerHopLimit := 1 }, gnPacket := { packet := { commonHeader := { nextHeader := e_btpB (2), reserved := 0, headerTST := { tsbHdr := { headerType := e_topologicallyScopedBroadcast (5), headerSubType := e_singleHop (0) } }, trafficClass := { scf := e_scfDisabled (0), channelOffload := e_choffDisabled (0), tcId := 0 }, flags := '10000000'B, plLength := 30, maxHopLimit := 1, reserved2 := 0 }, extendedHeader := { shbHeader := { srcPosVector := { gnAddr := { typeOfAddress := e_initial (0), stationType := e_unknown (0), reserved := 0, mid := '020000000001'O }, timestamp_ := 3422591973, latitude := 520000000, longitude := 130000000, pai := '0'B, speed := 0, heading := 0 }, reserved := 0 } }, payload := '07D1000002020000002A0000005A946F600E612ED01FFFFFFC23B7743E80'O }, securedMsg := { protocolVersion := 3, content := { signedData := { hashId := sha256 (0), tbsData := { payload := { data := { protocolVersion := 3, content := { unsecuredData := '20500080001E01000000020000000001CC009BE51EFE920007BFA480000000000000000007D1000002020000002A0000005A946F600E612ED01FFFFFFC23B7743E80'O } }, extDataHash := omit, omitted := omit }, headerInfo := { psid := 36, generationTime := 716387163109945, expiryTime := omit, generationLocation := omit, p2pcdLearningRequest := omit, missingCrlIdentifier := omit, encryptionKey := omit, inlineP2pcdRequest := omit, requestedCertificate := omit, pduFunctionalType := omit, contributedExtensions := omit } }, signer := { certificate := { { version := 3, type_ := explicit (0), issuer := { sha256AndDigest := '827C527E1D518974'O }, toBeSigned := { id := { none_ := NULL }, cracaId := '000000'O, crlSeries := 0, validityPeriod := { start_ := 716384398, duration := { hours := 24 } }, region := omit, assuranceLevel := omit, appPermissions := { { psid := 36, ssp := { bitmapSsp := '01FFFC'O } }, { psid := 37, ssp := { bitmapSsp := '01FFFFFF'O } }, { psid := 141, ssp := omit }, { psid := 638, ssp := { bitmapSsp := '01'O } } }, certIssuePermissions := omit, certRequestPermissions := omit, canRequestRollover := omit, encryptionKey := omit, verifyKeyIndicator := { verificationKey := { ecdsaNistP256 := { compressed_y_0 := '5BE8B782049A72E3F51B3DE989F950662B8BED4645F1A09B0285C30732421DA4'O } } }, flags := omit, appExtensions := omit, certIssueExtensions := omit, certRequestExtension := omit }, signature_ := { ecdsaNistP256Signature := { rSig := { x_only := '7EF2BE34648CD26A11A83CE11F4C5C4C3D6F9A77E7FE4FECD4640CF4A1BDD840'O }, sSig := '06C63EBBAF9CAD69168BED4F98C3C18AD4B69FEF6DB569CF82A9868B75F6649D'O } } } } }, signature_ := { ecdsaNistP256Signature := { rSig := { x_only := '97E6FD2246B78DFA84E90DE26A5E46D58CE5C3C72A9299085E4574D597EBA402'O }, sSig := '5307C2EA516A7AE70C12F28CF8E4A2BC16DA5497EF728B2A79751CACF4BB1B2A'O } } } } } } }, macDestinationAddress := 'FFFFFFFFFFFF'O, ssp := '000000011111111111111100'B, its_aid := 36 } id 2
14:25:58.914042 Timeout t: 1 s
14:25:58.914108 Start timer t: 0.5 s
14:25:58.914317 Receive operation on port geoNetworkingPort succeeded, message from system(): @LibItsGeoNetworking_TypesAndValues.GeoNetworkingInd: { msgIn := { basicHeader := { version := 1, nextHeader := e_securedPacket (2), reserved := 0, lifeTime := { multiplier := 6, ltBase := e_10s (2) }, routerHopLimit := 1 }, gnPacket := { packet := { commonHeader := { nextHeader := e_btpB (2), reserved := 0, headerTST := { tsbHdr := { headerType := e_topologicallyScopedBroadcast (5), headerSubType := e_singleHop (0) } }, trafficClass := { scf := e_scfDisabled (0), channelOffload := e_choffDisabled (0), tcId := 0 }, flags := '10000000'B, plLength := 30, maxHopLimit := 1, reserved2 := 0 }, extendedHeader := { shbHeader := { srcPosVector := { gnAddr := { typeOfAddress := e_initial (0), stationType := e_unknown (0), reserved := 0, mid := '020000000001'O }, timestamp_ := 3422590874, latitude := 520000000, longitude := 130000000, pai := '0'B, speed := 0, heading := 0 }, reserved := 0 } }, payload := '07D1000002020000002A0000005A946F600E612ED01FFFFFFC23B7743E80'O }, securedMsg := { protocolVersion := 3, content := { signedData := { hashId := sha256 (0), tbsData := { payload := { data := { protocolVersion := 3, content := { unsecuredData := '20500080001E01000000020000000001CC00979A1EFE920007BFA480000000000000000007D1000002020000002A0000005A946F600E612ED01FFFFFFC23B7743E80'O } }, extDataHash := omit, omitted := omit }, headerInfo := { psid := 36, generationTime := 716387162010091, expiryTime := omit, generationLocation := omit, p2pcdLearningRequest := omit, missingCrlIdentifier := omit, encryptionKey := omit, inlineP2pcdRequest := omit, requestedCertificate := omit, pduFunctionalType := omit, contributedExtensions := omit } }, signer := { certificate := { { version := 3, type_ := explicit (0), issuer := { sha256AndDigest := '827C527E1D518974'O }, toBeSigned := { id := { none_ := NULL }, cracaId := '000000'O, crlSeries := 0, validityPeriod := { start_ := 716384398, duration := { hours := 24 } }, region := omit, assuranceLevel := omit, appPermissions := { { psid := 36, ssp := { bitmapSsp := '01FFFC'O } }, { psid := 37, ssp := { bitmapSsp := '01FFFFFF'O } }, { psid := 141, ssp := omit }, { psid := 638, ssp := { bitmapSsp := '01'O } } }, certIssuePermissions := omit, certRequestPermissions := omit, canRequestRollover := omit, encryptionKey := omit, verifyKeyIndicator := { verificationKey := { ecdsaNistP256 := { compressed_y_0 := '5BE8B782049A72E3F51B3DE989F950662B8BED4645F1A09B0285C30732421DA4'O } } }, flags := omit, appExtensions := omit, certIssueExtensions := omit, certRequestExtension := omit }, signature_ := { ecdsaNistP256Signature := { rSig := { x_only := '7EF2BE34648CD26A11A83CE11F4C5C4C3D6F9A77E7FE4FECD4640CF4A1BDD840'O }, sSig := '06C63EBBAF9CAD69168BED4F98C3C18AD4B69FEF6DB569CF82A9868B75F6649D'O } } } } }, signature_ := { ecdsaNistP256Signature := { rSig := { x_only := 'C6130F2BF3EAE16BA6C49CF21578FED67A751AC9A234F1DFB0573D3E654EB016'O }, sSig := '582EEFD13AB48111A63A114395700EC86B7053875AFBFF9A913666A9D2082C6F'O } } } } } } }, macDestinationAddress := 'FFFFFFFFFFFF'O, ssp := '000000011111111111111100'B, its_aid := 36 } id 1
14:25:58.914346 Message with id 1 was extracted from the queue of geoNetworkingPort.
14:25:58.914351 *** a_default: WARNING: Received an unexpected message ***
14:25:58.914373 Default with id 4 (altstep a_neighbourDefault) has reached a break statement. Skipping current alt statement or receiving operation.
14:25:58.914502 Receive operation on port geoNetworkingPort succeeded, message from system(): @LibItsGeoNetworking_TypesAndValues.GeoNetworkingInd: { msgIn := { basicHeader := { version := 1, nextHeader := e_securedPacket (2), reserved := 0, lifeTime := { multiplier := 6, ltBase := e_10s (2) }, routerHopLimit := 1 }, gnPacket := { packet := { commonHeader := { nextHeader := e_btpB (2), reserved := 0, headerTST := { tsbHdr := { headerType := e_topologicallyScopedBroadcast (5), headerSubType := e_singleHop (0) } }, trafficClass := { scf := e_scfDisabled (0), channelOffload := e_choffDisabled (0), tcId := 0 }, flags := '10000000'B, plLength := 30, maxHopLimit := 1, reserved2 := 0 }, extendedHeader := { shbHeader := { srcPosVector := { gnAddr := { typeOfAddress := e_initial (0), stationType := e_unknown (0), reserved := 0, mid := '020000000001'O }, timestamp_ := 3422591973, latitude := 520000000, longitude := 130000000, pai := '0'B, speed := 0, heading := 0 }, reserved := 0 } }, payload := '07D1000002020000002A0000005A946F600E612ED01FFFFFFC23B7743E80'O }, securedMsg := { protocolVersion := 3, content := { signedData := { hashId := sha256 (0), tbsData := { payload := { data := { protocolVersion := 3, content := { unsecuredData := '20500080001E01000000020000000001CC009BE51EFE920007BFA480000000000000000007D1000002020000002A0000005A946F600E612ED01FFFFFFC23B7743E80'O } }, extDataHash := omit, omitted := omit }, headerInfo := { psid := 36, generationTime := 716387163109945, expiryTime := omit, generationLocation := omit, p2pcdLearningRequest := omit, missingCrlIdentifier := omit, encryptionKey := omit, inlineP2pcdRequest := omit, requestedCertificate := omit, pduFunctionalType := omit, contributedExtensions := omit } }, signer := { certificate := { { version := 3, type_ := explicit (0), issuer := { sha256AndDigest := '827C527E1D518974'O }, toBeSigned := { id := { none_ := NULL }, cracaId := '000000'O, crlSeries := 0, validityPeriod := { start_ := 716384398, duration := { hours := 24 } }, region := omit, assuranceLevel := omit, appPermissions := { { psid := 36, ssp := { bitmapSsp := '01FFFC'O } }, { psid := 37, ssp := { bitmapSsp := '01FFFFFF'O } }, { psid := 141, ssp := omit }, { psid := 638, ssp := { bitmapSsp := '01'O } } }, certIssuePermissions := omit, certRequestPermissions := omit, canRequestRollover := omit, encryptionKey := omit, verifyKeyIndicator := { verificationKey := { ecdsaNistP256 := { compressed_y_0 := '5BE8B782049A72E3F51B3DE989F950662B8BED4645F1A09B0285C30732421DA4'O } } }, flags := omit, appExtensions := omit, certIssueExtensions := omit, certRequestExtension := omit }, signature_ := { ecdsaNistP256Signature := { rSig := { x_only := '7EF2BE34648CD26A11A83CE11F4C5C4C3D6F9A77E7FE4FECD4640CF4A1BDD840'O }, sSig := '06C63EBBAF9CAD69168BED4F98C3C18AD4B69FEF6DB569CF82A9868B75F6649D'O } } } } }, signature_ := { ecdsaNistP256Signature := { rSig := { x_only := '97E6FD2246B78DFA84E90DE26A5E46D58CE5C3C72A9299085E4574D597EBA402'O }, sSig := '5307C2EA516A7AE70C12F28CF8E4A2BC16DA5497EF728B2A79751CACF4BB1B2A'O } } } } } } }, macDestinationAddress := 'FFFFFFFFFFFF'O, ssp := '000000011111111111111100'B, its_aid := 36 } id 2
14:25:58.914533 Message with id 2 was extracted from the queue of geoNetworkingPort.
14:25:58.914537 *** a_default: WARNING: Received an unexpected message ***
14:25:58.914539 Default with id 4 (altstep a_neighbourDefault) has reached a break statement. Skipping current alt statement or receiving operation.
14:25:59.112871 security_services_its::process_ieee_1609_dot2_signed_data: generation time check 716387164110325 / 716387159112869, delta = 4997456.000000, comp = 0
14:25:59.114187 Message enqueued on geoNetworkingPort from system @LibItsGeoNetworking_TypesAndValues.GeoNetworkingInd : { msgIn := { basicHeader := { version := 1, nextHeader := e_securedPacket (2), reserved := 0, lifeTime := { multiplier := 6, ltBase := e_10s (2) }, routerHopLimit := 1 }, gnPacket := { packet := { commonHeader := { nextHeader := e_btpB (2), reserved := 0, headerTST := { tsbHdr := { headerType := e_topologicallyScopedBroadcast (5), headerSubType := e_singleHop (0) } }, trafficClass := { scf := e_scfDisabled (0), channelOffload := e_choffDisabled (0), tcId := 0 }, flags := '10000000'B, plLength := 30, maxHopLimit := 1, reserved2 := 0 }, extendedHeader := { shbHeader := { srcPosVector := { gnAddr := { typeOfAddress := e_initial (0), stationType := e_unknown (0), reserved := 0, mid := '020000000001'O }, timestamp_ := 3422592974, latitude := 520000000, longitude := 130000000, pai := '0'B, speed := 0, heading := 0 }, reserved := 0 } }, payload := '07D1000002020000002A0000005A946F600E612ED01FFFFFFC23B7743E80'O }, securedMsg := { protocolVersion := 3, content := { signedData := { hashId := sha256 (0), tbsData := { payload := { data := { protocolVersion := 3, content := { unsecuredData := '20500080001E01000000020000000001CC009FCE1EFE920007BFA480000000000000000007D1000002020000002A0000005A946F600E612ED01FFFFFFC23B7743E80'O } }, extDataHash := omit, omitted := omit }, headerInfo := { psid := 36, generationTime := 716387164110325, expiryTime := omit, generationLocation := omit, p2pcdLearningRequest := omit, missingCrlIdentifier := omit, encryptionKey := omit, inlineP2pcdRequest := omit, requestedCertificate := omit, pduFunctionalType := omit, contributedExtensions := omit } }, signer := { certificate := { { version := 3, type_ := explicit (0), issuer := { sha256AndDigest := '827C527E1D518974'O }, toBeSigned := { id := { none_ := NULL }, cracaId := '000000'O, crlSeries := 0, validityPeriod := { start_ := 716384398, duration := { hours := 24 } }, region := omit, assuranceLevel := omit, appPermissions := { { psid := 36, ssp := { bitmapSsp := '01FFFC'O } }, { psid := 37, ssp := { bitmapSsp := '01FFFFFF'O } }, { psid := 141, ssp := omit }, { psid := 638, ssp := { bitmapSsp := '01'O } } }, certIssuePermissions := omit, certRequestPermissions := omit, canRequestRollover := omit, encryptionKey := omit, verifyKeyIndicator := { verificationKey := { ecdsaNistP256 := { compressed_y_0 := '5BE8B782049A72E3F51B3DE989F950662B8BED4645F1A09B0285C30732421DA4'O } } }, flags := omit, appExtensions := omit, certIssueExtensions := omit, certRequestExtension := omit }, signature_ := { ecdsaNistP256Signature := { rSig := { x_only := '7EF2BE34648CD26A11A83CE11F4C5C4C3D6F9A77E7FE4FECD4640CF4A1BDD840'O }, sSig := '06C63EBBAF9CAD69168BED4F98C3C18AD4B69FEF6DB569CF82A9868B75F6649D'O } } } } }, signature_ := { ecdsaNistP256Signature := { rSig := { x_only := 'B69099F69F0F5D273671813C4FD319155C32273CE218A1C0EB6CCADECB73CE9A'O }, sSig := '0AEC1C938F4945EE42C9130469636A78FFC31F649459F0EF873FE2365A19BCB6'O } } } } } } }, macDestinationAddress := 'FFFFFFFFFFFF'O, ssp := '000000011111111111111100'B, its_aid := 36 } id 3
14:25:59.114595 Receive operation on port geoNetworkingPort succeeded, message from system(): @LibItsGeoNetworking_TypesAndValues.GeoNetworkingInd: { msgIn := { basicHeader := { version := 1, nextHeader := e_securedPacket (2), reserved := 0, lifeTime := { multiplier := 6, ltBase := e_10s (2) }, routerHopLimit := 1 }, gnPacket := { packet := { commonHeader := { nextHeader := e_btpB (2), reserved := 0, headerTST := { tsbHdr := { headerType := e_topologicallyScopedBroadcast (5), headerSubType := e_singleHop (0) } }, trafficClass := { scf := e_scfDisabled (0), channelOffload := e_choffDisabled (0), tcId := 0 }, flags := '10000000'B, plLength := 30, maxHopLimit := 1, reserved2 := 0 }, extendedHeader := { shbHeader := { srcPosVector := { gnAddr := { typeOfAddress := e_initial (0), stationType := e_unknown (0), reserved := 0, mid := '020000000001'O }, timestamp_ := 3422592974, latitude := 520000000, longitude := 130000000, pai := '0'B, speed := 0, heading := 0 }, reserved := 0 } }, payload := '07D1000002020000002A0000005A946F600E612ED01FFFFFFC23B7743E80'O }, securedMsg := { protocolVersion := 3, content := { signedData := { hashId := sha256 (0), tbsData := { payload := { data := { protocolVersion := 3, content := { unsecuredData := '20500080001E01000000020000000001CC009FCE1EFE920007BFA480000000000000000007D1000002020000002A0000005A946F600E612ED01FFFFFFC23B7743E80'O } }, extDataHash := omit, omitted := omit }, headerInfo := { psid := 36, generationTime := 716387164110325, expiryTime := omit, generationLocation := omit, p2pcdLearningRequest := omit, missingCrlIdentifier := omit, encryptionKey := omit, inlineP2pcdRequest := omit, requestedCertificate := omit, pduFunctionalType := omit, contributedExtensions := omit } }, signer := { certificate := { { version := 3, type_ := explicit (0), issuer := { sha256AndDigest := '827C527E1D518974'O }, toBeSigned := { id := { none_ := NULL }, cracaId := '000000'O, crlSeries := 0, validityPeriod := { start_ := 716384398, duration := { hours := 24 } }, region := omit, assuranceLevel := omit, appPermissions := { { psid := 36, ssp := { bitmapSsp := '01FFFC'O } }, { psid := 37, ssp := { bitmapSsp := '01FFFFFF'O } }, { psid := 141, ssp := omit }, { psid := 638, ssp := { bitmapSsp := '01'O } } }, certIssuePermissions := omit, certRequestPermissions := omit, canRequestRollover := omit, encryptionKey := omit, verifyKeyIndicator := { verificationKey := { ecdsaNistP256 := { compressed_y_0 := '5BE8B782049A72E3F51B3DE989F950662B8BED4645F1A09B0285C30732421DA4'O } } }, flags := omit, appExtensions := omit, certIssueExtensions := omit, certRequestExtension := omit }, signature_ := { ecdsaNistP256Signature := { rSig := { x_only := '7EF2BE34648CD26A11A83CE11F4C5C4C3D6F9A77E7FE4FECD4640CF4A1BDD840'O }, sSig := '06C63EBBAF9CAD69168BED4F98C3C18AD4B69FEF6DB569CF82A9868B75F6649D'O } } } } }, signature_ := { ecdsaNistP256Signature := { rSig := { x_only := 'B69099F69F0F5D273671813C4FD319155C32273CE218A1C0EB6CCADECB73CE9A'O }, sSig := '0AEC1C938F4945EE42C9130469636A78FFC31F649459F0EF873FE2365A19BCB6'O } } } } } } }, macDestinationAddress := 'FFFFFFFFFFFF'O, ssp := '000000011111111111111100'B, its_aid := 36 } id 3
14:25:59.114645 Message with id 3 was extracted from the queue of geoNetworkingPort.
14:25:59.114664 *** a_default: WARNING: Received an unexpected message ***
14:25:59.114680 Default with id 4 (altstep a_neighbourDefault) has reached a break statement. Skipping current alt statement or receiving operation.
14:25:59.414117 Timeout t: 0.5 s
14:25:59.414187 **** f_selfSync: Successfully passed PREAMBLE synchronization point. ****
14:25:59.414193 Start timer tc_ac: 30 s
14:26:00.211786 security_services_its::process_ieee_1609_dot2_signed_data: generation time check 716387165210273 / 716387160211785, delta = 4998488.000000, comp = 0
14:26:00.212577 Message enqueued on geoNetworkingPort from system @LibItsGeoNetworking_TypesAndValues.GeoNetworkingInd : { msgIn := { basicHeader := { version := 1, nextHeader := e_securedPacket (2), reserved := 0, lifeTime := { multiplier := 6, ltBase := e_10s (2) }, routerHopLimit := 1 }, gnPacket := { packet := { commonHeader := { nextHeader := e_btpB (2), reserved := 0, headerTST := { tsbHdr := { headerType := e_topologicallyScopedBroadcast (5), headerSubType := e_singleHop (0) } }, trafficClass := { scf := e_scfDisabled (0), channelOffload := e_choffDisabled (0), tcId := 0 }, flags := '10000000'B, plLength := 30, maxHopLimit := 1, reserved2 := 0 }, extendedHeader := { shbHeader := { srcPosVector := { gnAddr := { typeOfAddress := e_initial (0), stationType := e_unknown (0), reserved := 0, mid := '020000000001'O }, timestamp_ := 3422594074, latitude := 520000000, longitude := 130000000, pai := '0'B, speed := 0, heading := 0 }, reserved := 0 } }, payload := '07D1000002020000002A0000005A946F600E612ED01FFFFFFC23B7743E80'O }, securedMsg := { protocolVersion := 3, content := { signedData := { hashId := sha256 (0), tbsData := { payload := { data := { protocolVersion := 3, content := { unsecuredData := '20500080001E01000000020000000001CC00A41A1EFE920007BFA480000000000000000007D1000002020000002A0000005A946F600E612ED01FFFFFFC23B7743E80'O } }, extDataHash := omit, omitted := omit }, headerInfo := { psid := 36, generationTime := 716387165210273, expiryTime := omit, generationLocation := omit, p2pcdLearningRequest := omit, missingCrlIdentifier := omit, encryptionKey := omit, inlineP2pcdRequest := omit, requestedCertificate := omit, pduFunctionalType := omit, contributedExtensions := omit } }, signer := { certificate := { { version := 3, type_ := explicit (0), issuer := { sha256AndDigest := '827C527E1D518974'O }, toBeSigned := { id := { none_ := NULL }, cracaId := '000000'O, crlSeries := 0, validityPeriod := { start_ := 716384398, duration := { hours := 24 } }, region := omit, assuranceLevel := omit, appPermissions := { { psid := 36, ssp := { bitmapSsp := '01FFFC'O } }, { psid := 37, ssp := { bitmapSsp := '01FFFFFF'O } }, { psid := 141, ssp := omit }, { psid := 638, ssp := { bitmapSsp := '01'O } } }, certIssuePermissions := omit, certRequestPermissions := omit, canRequestRollover := omit, encryptionKey := omit, verifyKeyIndicator := { verificationKey := { ecdsaNistP256 := { compressed_y_0 := '5BE8B782049A72E3F51B3DE989F950662B8BED4645F1A09B0285C30732421DA4'O } } }, flags := omit, appExtensions := omit, certIssueExtensions := omit, certRequestExtension := omit }, signature_ := { ecdsaNistP256Signature := { rSig := { x_only := '7EF2BE34648CD26A11A83CE11F4C5C4C3D6F9A77E7FE4FECD4640CF4A1BDD840'O }, sSig := '06C63EBBAF9CAD69168BED4F98C3C18AD4B69FEF6DB569CF82A9868B75F6649D'O } } } } }, signature_ := { ecdsaNistP256Signature := { rSig := { x_only := 'CE6014503DD17AC785EC493FE27D6967C476063440D307474B2866D127448161'O }, sSig := 'ACE94A3EFDFCBD5D2EE2F5FD29485F63B502A068A80AE1AA513500D093BB689E'O } } } } } } }, macDestinationAddress := 'FFFFFFFFFFFF'O, ssp := '000000011111111111111100'B, its_aid := 36 } id 4
14:26:00.212810 Receive operation on port geoNetworkingPort succeeded, message from system(): @LibItsGeoNetworking_TypesAndValues.GeoNetworkingInd : { msgIn := { basicHeader := { version := 1, nextHeader := e_securedPacket (2), reserved := 0, lifeTime := { multiplier := 6, ltBase := e_10s (2) }, routerHopLimit := 1 }, gnPacket := { packet := { commonHeader := { nextHeader := e_btpB (2), reserved := 0, headerTST := { tsbHdr := { headerType := e_topologicallyScopedBroadcast (5), headerSubType := e_singleHop (0) } }, trafficClass := { scf := e_scfDisabled (0), channelOffload := e_choffDisabled (0), tcId := 0 }, flags := '10000000'B, plLength := 30, maxHopLimit := 1, reserved2 := 0 }, extendedHeader := { shbHeader := { srcPosVector := { gnAddr := { typeOfAddress := e_initial (0), stationType := e_unknown (0), reserved := 0, mid := '020000000001'O }, timestamp_ := 3422594074, latitude := 520000000, longitude := 130000000, pai := '0'B, speed := 0, heading := 0 }, reserved := 0 } }, payload := '07D1000002020000002A0000005A946F600E612ED01FFFFFFC23B7743E80'O }, securedMsg := { protocolVersion := 3, content := { signedData := { hashId := sha256 (0), tbsData := { payload := { data := { protocolVersion := 3, content := { unsecuredData := '20500080001E01000000020000000001CC00A41A1EFE920007BFA480000000000000000007D1000002020000002A0000005A946F600E612ED01FFFFFFC23B7743E80'O } }, extDataHash := omit, omitted := omit }, headerInfo := { psid := 36, generationTime := 716387165210273, expiryTime := omit, generationLocation := omit, p2pcdLearningRequest := omit, missingCrlIdentifier := omit, encryptionKey := omit, inlineP2pcdRequest := omit, requestedCertificate := omit, pduFunctionalType := omit, contributedExtensions := omit } }, signer := { certificate := { { version := 3, type_ := explicit (0), issuer := { sha256AndDigest := '827C527E1D518974'O }, toBeSigned := { id := { none_ := NULL }, cracaId := '000000'O, crlSeries := 0, validityPeriod := { start_ := 716384398, duration := { hours := 24 } }, region := omit, assuranceLevel := omit, appPermissions := { { psid := 36, ssp := { bitmapSsp := '01FFFC'O } }, { psid := 37, ssp := { bitmapSsp := '01FFFFFF'O } }, { psid := 141, ssp := omit }, { psid := 638, ssp := { bitmapSsp := '01'O } } }, certIssuePermissions := omit, certRequestPermissions := omit, canRequestRollover := omit, encryptionKey := omit, verifyKeyIndicator := { verificationKey := { ecdsaNistP256 := { compressed_y_0 := '5BE8B782049A72E3F51B3DE989F950662B8BED4645F1A09B0285C30732421DA4'O } } }, flags := omit, appExtensions := omit, certIssueExtensions := omit, certRequestExtension := omit }, signature_ := { ecdsaNistP256Signature := { rSig := { x_only := '7EF2BE34648CD26A11A83CE11F4C5C4C3D6F9A77E7FE4FECD4640CF4A1BDD840'O }, sSig := '06C63EBBAF9CAD69168BED4F98C3C18AD4B69FEF6DB569CF82A9868B75F6649D'O } } } } }, signature_ := { ecdsaNistP256Signature := { rSig := { x_only := 'CE6014503DD17AC785EC493FE27D6967C476063440D307474B2866D127448161'O }, sSig := 'ACE94A3EFDFCBD5D2EE2F5FD29485F63B502A068A80AE1AA513500D093BB689E'O } } } } } } }, macDestinationAddress := 'FFFFFFFFFFFF'O, ssp := '000000011111111111111100'B, its_aid := 36 } id 4
14:26:00.212848 Message with id 4 was extracted from the queue of geoNetworkingPort.
14:26:00.212872 Stop timer tc_ac: 30 s
14:26:00.212886 *** TC_SEC_ITSS_SND_CAM_03_BV: PASS: Correct secured packet received
14:26:00.212894 setverdict(pass): none -> pass
14:26:00.212973 **** f_selfSync: Successfully passed TEST BODY synchronization point. ****
14:26:00.212991 Sent on acPort to system @LibItsGeoNetworking_TypesAndValues.AcGnPrimitive : { stopBeaconing := { } }
14:26:00.213001 Default with id 4 (altstep a_neighbourDefault) was deactivated.
14:26:00.213020 Sent on acPort to system @LibItsCommon_TypesAndValues.AcSecPrimitive : { acDisableSecurity := { disable := true } }
14:26:00.213028 Message enqueued on acPort from system @LibItsCommon_TypesAndValues.AdapterControlResults : { acSecResponse := true } id 2
14:26:00.213037 Start timer tc_ac: 30 s
14:26:00.213050 Receive operation on port acPort succeeded, message from system(): @LibItsCommon_TypesAndValues.AdapterControlResults : { acSecResponse := true } id 2
14:26:00.213057 Message with id 2 was extracted from the queue of acPort.
14:26:00.213063 Stop timer tc_ac: 30 s
14:26:00.213070 Unmapping port mtc:acPort from system:acPort.
14:26:00.213338 Port acPort was unmapped from system:acPort.
14:26:00.213596 Unmap operation of mtc:acPort from system:acPort finished.
14:26:00.213643 Unmapping port mtc:utPort from system:utPort.
14:26:00.213839 Port utPort was unmapped from system:utPort.
14:26:00.213953 Unmap operation of mtc:utPort from system:utPort finished.
14:26:00.213966 Unmapping port mtc:geoNetworkingPort from system:geoNetworkingPort.
14:26:00.214187 Port geoNetworkingPort was unmapped from system:geoNetworkingPort.
14:26:00.214377 Unmap operation of mtc:geoNetworkingPort from system:geoNetworkingPort finished.
14:26:00.214421 Disconnecting ports mtc:syncSendPort and mtc:syncPort.
14:26:00.214655 Port syncSendPort has terminated the connection with local port syncPort.
14:26:00.214699 Port syncPort has terminated the connection with local port syncSendPort.
14:26:00.214898 Disconnect operation on mtc:syncSendPort and mtc:syncPort finished.
14:26:00.214916 Terminating component type LibItsGeoNetworking_TestSystem.ItsGeoNetworking.
14:26:00.214927 Default with id 1 (altstep a_cf01Down) was deactivated.
14:26:00.214935 Default with id 2 (altstep a_default) was deactivated.
14:26:00.214940 Default with id 3 (altstep a_utDefault) was deactivated.
14:26:00.214946 Port syncSendPort was stopped.
14:26:00.214955 Port syncPort was stopped.
14:26:00.214961 Port utPort was stopped.
14:26:00.214966 Port acPort was stopped.
14:26:00.214971 Port geoNetworkingPort was stopped.
14:26:00.214977 Component type LibItsGeoNetworking_TestSystem.ItsGeoNetworking was shut down inside testcase TC_SEC_ITSS_SND_CAM_03_BV.
14:26:00.214985 Waiting for PTCs to finish.
14:26:00.215147 Setting final verdict of the test case.
14:26:00.215187 Local verdict of MTC: pass
14:26:00.215204 No PTCs were created.
14:26:00.215215 Test case TC_SEC_ITSS_SND_CAM_03_BV finished. Verdict: pass
14:26:00.215466 Executing test case TC_SEC_ITSS_SND_CAM_04_BV in module ItsSecurity_TestCases.
14:26:00.215581 Test case TC_SEC_ITSS_SND_CAM_04_BV started.
14:26:00.215595 Initializing variables, timers and ports of component type LibItsGeoNetworking_TestSystem.ItsGeoNetworking inside testcase TC_SEC_ITSS_SND_CAM_04_BV.
14:26:00.215659 Port syncSendPort was started.
14:26:00.215668 Port syncPort was started.
14:26:00.215673 Port utPort was started.
14:26:00.215678 Port acPort was started.
14:26:00.215683 Port geoNetworkingPort was started.
14:26:00.215701 Component type LibItsGeoNetworking_TestSystem.ItsGeoNetworking was initialized.
14:26:00.215710 Mapping port mtc:acPort to system:acPort.
14:26:00.215860 Port acPort was mapped to system:acPort.
14:26:00.216052 Map operation of mtc:acPort to system:acPort finished.
14:26:00.216098 Mapping port mtc:utPort to system:utPort.
14:26:00.216547 Port utPort was mapped to system:utPort.
14:26:00.216677 Map operation of mtc:utPort to system:utPort finished.
14:26:00.216692 Mapping port mtc:geoNetworkingPort to system:geoNetworkingPort.
14:26:00.217151 security_services_its::setup: Already done
14:26:00.217249 Port geoNetworkingPort was mapped to system:geoNetworkingPort.
14:26:00.217415 Map operation of mtc:geoNetworkingPort to system:geoNetworkingPort finished.
14:26:00.217433 Connecting ports mtc:syncSendPort and mtc:syncPort.
14:26:00.217549 Port syncPort has established the connection with local port syncSendPort.
14:26:00.217562 Port syncSendPort has established the connection with local port syncPort.
14:26:00.217759 Connect operation on mtc:syncSendPort and mtc:syncPort finished.
14:26:00.217798 Altstep a_cf01Down was activated as default, id 1
14:26:00.217822 security_services_its::setup: Already done
14:26:00.217988 Selected issuer: '99B8BAAD5A396D5F'O
14:26:00.218143 Sent on utPort to system @LibItsGeoNetworking_TypesAndValues.UtGnInitialize : { hashedId8 := '6A96F4C09905CF42'O }
14:26:00.219736 Message enqueued on utPort from system @LibItsGeoNetworking_TypesAndValues.UtGnResults : { utGnInitializeResult := true } id 1
14:26:00.219785 Start timer tc_wait: 120 s
14:26:00.219808 Receive operation on port utPort succeeded, message from system(): @LibItsGeoNetworking_TypesAndValues.UtGnResults : { utGnInitializeResult := true } id 1
14:26:00.219820 Message with id 1 was extracted from the queue of utPort.
14:26:00.219828 Stop timer tc_wait: 120 s
14:26:00.219835 *** f_utInitializeIut: INFO: IUT initialized ***
14:26:00.219843 Start timer t: 1 s
14:26:00.319141 security_services_its::process_ieee_1609_dot2_signed_data: generation time check 716387165317473 / 716387160319140, delta = 4998333.000000, comp = 0
14:26:00.319961 Message enqueued on geoNetworkingPort from system @LibItsGeoNetworking_TypesAndValues.GeoNetworkingInd : { msgIn := { basicHeader := { version := 1, nextHeader := e_securedPacket (2), reserved := 0, lifeTime := { multiplier := 6, ltBase := e_10s (2) }, routerHopLimit := 1 }, gnPacket := { packet := { commonHeader := { nextHeader := e_btpB (2), reserved := 0, headerTST := { tsbHdr := { headerType := e_topologicallyScopedBroadcast (5), headerSubType := e_singleHop (0) } }, trafficClass := { scf := e_scfDisabled (0), channelOffload := e_choffDisabled (0), tcId := 0 }, flags := '10000000'B, plLength := 30, maxHopLimit := 1, reserved2 := 0 }, extendedHeader := { shbHeader := { srcPosVector := { gnAddr := { typeOfAddress := e_initial (0), stationType := e_unknown (0), reserved := 0, mid := '020000000001'O }, timestamp_ := 3422594181, latitude := 520000000, longitude := 130000000, pai := '0'B, speed := 0, heading := 0 }, reserved := 0 } }, payload := '07D1000002020000002A0000005A946F600E612ED01FFFFFFC23B7743E80'O }, securedMsg := { protocolVersion := 3, content := { signedData := { hashId := sha256 (0), tbsData := { payload := { data := { protocolVersion := 3, content := { unsecuredData := '20500080001E01000000020000000001CC00A4851EFE920007BFA480000000000000000007D1000002020000002A0000005A946F600E612ED01FFFFFFC23B7743E80'O } }, extDataHash := omit, omitted := omit }, headerInfo := { psid := 36, generationTime := 716387165317473, expiryTime := omit, generationLocation := omit, p2pcdLearningRequest := omit, missingCrlIdentifier := omit, encryptionKey := omit, inlineP2pcdRequest := omit, requestedCertificate := omit, pduFunctionalType := omit, contributedExtensions := omit } }, signer := { certificate := { { version := 3, type_ := explicit (0), issuer := { sha256AndDigest := '827C527E1D518974'O }, toBeSigned := { id := { none_ := NULL }, cracaId := '000000'O, crlSeries := 0, validityPeriod := { start_ := 716384398, duration := { hours := 24 } }, region := omit, assuranceLevel := omit, appPermissions := { { psid := 36, ssp := { bitmapSsp := '01FFFC'O } }, { psid := 37, ssp := { bitmapSsp := '01FFFFFF'O } }, { psid := 141, ssp := omit }, { psid := 638, ssp := { bitmapSsp := '01'O } } }, certIssuePermissions := omit, certRequestPermissions := omit, canRequestRollover := omit, encryptionKey := omit, verifyKeyIndicator := { verificationKey := { ecdsaNistP256 := { compressed_y_0 := '5BE8B782049A72E3F51B3DE989F950662B8BED4645F1A09B0285C30732421DA4'O } } }, flags := omit, appExtensions := omit, certIssueExtensions := omit, certRequestExtension := omit }, signature_ := { ecdsaNistP256Signature := { rSig := { x_only := '7EF2BE34648CD26A11A83CE11F4C5C4C3D6F9A77E7FE4FECD4640CF4A1BDD840'O }, sSig := '06C63EBBAF9CAD69168BED4F98C3C18AD4B69FEF6DB569CF82A9868B75F6649D'O } } } } }, signature_ := { ecdsaNistP256Signature := { rSig := { x_only := '52B2EB93647D0C4DF5F20E624EBE941CDEDB931822826848C5F03210308258B5'O }, sSig := '0DB92C0CECD14C65B74FA8C53F61BF0DB122D741B74FEC9E959FD97A40B3D4BB'O } } } } } } }, macDestinationAddress := 'FFFFFFFFFFFF'O, ssp := '000000011111111111111100'B, its_aid := 36 } id 1
14:26:01.220116 Timeout t: 1 s
14:26:01.220335 Sent on acPort to system @LibItsGeoNetworking_TypesAndValues.AcGnPrimitive : { getLongPosVector := { gnAddress := { typeOfAddress := e_initial (0), stationType := e_unknown (0), reserved := 0, mid := '020000000001'O } } }
14:26:01.220368 Message enqueued on acPort from system @LibItsGeoNetworking_TypesAndValues.AcGnResponse : { getLongPosVector := { gnAddr := { typeOfAddress := e_initial (0), stationType := e_unknown (0), reserved := 0, mid := '020000000001'O }, timestamp_ := 0, latitude := 520000000, longitude := 130000000, pai := '0'B, speed := 0, heading := 0 } } id 1
14:26:01.221056 Start timer tc_ac: 30 s
14:26:01.221106 Receive operation on port acPort succeeded, message from system(): @LibItsGeoNetworking_TypesAndValues.AcGnResponse : { getLongPosVector := { gnAddr := { typeOfAddress := e_initial (0), stationType := e_unknown (0), reserved := 0, mid := '020000000001'O }, timestamp_ := 0, latitude := 520000000, longitude := 130000000, pai := '0'B, speed := 0, heading := 0 } } id 1
14:26:01.221115 Message with id 1 was extracted from the queue of acPort.
14:26:01.221122 Stop timer tc_ac: 30 s
14:26:01.221203 Altstep a_default was activated as default, id 2
14:26:01.221210 Altstep a_utDefault was activated as default, id 3
14:26:01.221213 Altstep a_neighbourDefault was activated as default, id 4
14:26:01.221314 Sent on acPort to system @LibItsGeoNetworking_TypesAndValues.AcGnPrimitive : { startBeaconing := { beaconPacket := { basicHeader := { version := 1, nextHeader := e_commonHeader (1), reserved := 0, lifeTime := { multiplier := 10, ltBase := e_100s (3) }, routerHopLimit := 1 }, gnPacket := { packet := { commonHeader := { nextHeader := e_any (0), reserved := 0, headerTST := { beaconHdr := { headerType := e_beacon (1), headerSubType := 0 } }, trafficClass := { scf := e_scfEnabled (1), channelOffload := e_choffDisabled (0), tcId := 0 }, flags := '00000000'B, plLength := 0, maxHopLimit := 1, reserved2 := 0 }, extendedHeader := { beaconHeader := { srcPosVector := { gnAddr := { typeOfAddress := e_manual (1), stationType := e_passengerCar (5), reserved := 0, mid := '00000000000B'O }, timestamp_ := 3422589085, latitude := 520020000, longitude := 130000000, pai := '1'B, speed := 0, heading := 0 } } }, payload := omit }, securedMsg := omit } } } }
14:26:01.221537 Start timer t: 1 s
14:26:01.418206 security_services_its::process_ieee_1609_dot2_signed_data: generation time check 716387166417260 / 716387161418206, delta = 4999054.000000, comp = 0
14:26:01.418660 Message enqueued on geoNetworkingPort from system @LibItsGeoNetworking_TypesAndValues.GeoNetworkingInd : { msgIn := { basicHeader := { version := 1, nextHeader := e_securedPacket (2), reserved := 0, lifeTime := { multiplier := 6, ltBase := e_10s (2) }, routerHopLimit := 1 }, gnPacket := { packet := { commonHeader := { nextHeader := e_btpB (2), reserved := 0, headerTST := { tsbHdr := { headerType := e_topologicallyScopedBroadcast (5), headerSubType := e_singleHop (0) } }, trafficClass := { scf := e_scfDisabled (0), channelOffload := e_choffDisabled (0), tcId := 0 }, flags := '10000000'B, plLength := 30, maxHopLimit := 1, reserved2 := 0 }, extendedHeader := { shbHeader := { srcPosVector := { gnAddr := { typeOfAddress := e_initial (0), stationType := e_unknown (0), reserved := 0, mid := '020000000001'O }, timestamp_ := 3422595281, latitude := 520000000, longitude := 130000000, pai := '0'B, speed := 0, heading := 0 }, reserved := 0 } }, payload := '07D1000002020000002A0000005A946F600E612ED01FFFFFFC23B7743E80'O }, securedMsg := { protocolVersion := 3, content := { signedData := { hashId := sha256 (0), tbsData := { payload := { data := { protocolVersion := 3, content := { unsecuredData := '20500080001E01000000020000000001CC00A8D11EFE920007BFA480000000000000000007D1000002020000002A0000005A946F600E612ED01FFFFFFC23B7743E80'O } }, extDataHash := omit, omitted := omit }, headerInfo := { psid := 36, generationTime := 716387166417260, expiryTime := omit, generationLocation := omit, p2pcdLearningRequest := omit, missingCrlIdentifier := omit, encryptionKey := omit, inlineP2pcdRequest := omit, requestedCertificate := omit, pduFunctionalType := omit, contributedExtensions := omit } }, signer := { certificate := { { version := 3, type_ := explicit (0), issuer := { sha256AndDigest := '827C527E1D518974'O }, toBeSigned := { id := { none_ := NULL }, cracaId := '000000'O, crlSeries := 0, validityPeriod := { start_ := 716384398, duration := { hours := 24 } }, region := omit, assuranceLevel := omit, appPermissions := { { psid := 36, ssp := { bitmapSsp := '01FFFC'O } }, { psid := 37, ssp := { bitmapSsp := '01FFFFFF'O } }, { psid := 141, ssp := omit }, { psid := 638, ssp := { bitmapSsp := '01'O } } }, certIssuePermissions := omit, certRequestPermissions := omit, canRequestRollover := omit, encryptionKey := omit, verifyKeyIndicator := { verificationKey := { ecdsaNistP256 := { compressed_y_0 := '5BE8B782049A72E3F51B3DE989F950662B8BED4645F1A09B0285C30732421DA4'O } } }, flags := omit, appExtensions := omit, certIssueExtensions := omit, certRequestExtension := omit }, signature_ := { ecdsaNistP256Signature := { rSig := { x_only := '7EF2BE34648CD26A11A83CE11F4C5C4C3D6F9A77E7FE4FECD4640CF4A1BDD840'O }, sSig := '06C63EBBAF9CAD69168BED4F98C3C18AD4B69FEF6DB569CF82A9868B75F6649D'O } } } } }, signature_ := { ecdsaNistP256Signature := { rSig := { x_only := 'B463DC7A39F145472480CCC768572BEB37FF698DD9BB2AEC736D2180E011F8DD'O }, sSig := '72E42025C856804904FB694F1638053DA520E810BAE990D9E7D936F1EB184EEE'O } } } } } } }, macDestinationAddress := 'FFFFFFFFFFFF'O, ssp := '000000011111111111111100'B, its_aid := 36 } id 2
14:26:02.221548 Timeout t: 1 s
14:26:02.221596 Start timer t: 0.5 s
14:26:02.221766 Receive operation on port geoNetworkingPort succeeded, message from system(): @LibItsGeoNetworking_TypesAndValues.GeoNetworkingInd: { msgIn := { basicHeader := { version := 1, nextHeader := e_securedPacket (2), reserved := 0, lifeTime := { multiplier := 6, ltBase := e_10s (2) }, routerHopLimit := 1 }, gnPacket := { packet := { commonHeader := { nextHeader := e_btpB (2), reserved := 0, headerTST := { tsbHdr := { headerType := e_topologicallyScopedBroadcast (5), headerSubType := e_singleHop (0) } }, trafficClass := { scf := e_scfDisabled (0), channelOffload := e_choffDisabled (0), tcId := 0 }, flags := '10000000'B, plLength := 30, maxHopLimit := 1, reserved2 := 0 }, extendedHeader := { shbHeader := { srcPosVector := { gnAddr := { typeOfAddress := e_initial (0), stationType := e_unknown (0), reserved := 0, mid := '020000000001'O }, timestamp_ := 3422594181, latitude := 520000000, longitude := 130000000, pai := '0'B, speed := 0, heading := 0 }, reserved := 0 } }, payload := '07D1000002020000002A0000005A946F600E612ED01FFFFFFC23B7743E80'O }, securedMsg := { protocolVersion := 3, content := { signedData := { hashId := sha256 (0), tbsData := { payload := { data := { protocolVersion := 3, content := { unsecuredData := '20500080001E01000000020000000001CC00A4851EFE920007BFA480000000000000000007D1000002020000002A0000005A946F600E612ED01FFFFFFC23B7743E80'O } }, extDataHash := omit, omitted := omit }, headerInfo := { psid := 36, generationTime := 716387165317473, expiryTime := omit, generationLocation := omit, p2pcdLearningRequest := omit, missingCrlIdentifier := omit, encryptionKey := omit, inlineP2pcdRequest := omit, requestedCertificate := omit, pduFunctionalType := omit, contributedExtensions := omit } }, signer := { certificate := { { version := 3, type_ := explicit (0), issuer := { sha256AndDigest := '827C527E1D518974'O }, toBeSigned := { id := { none_ := NULL }, cracaId := '000000'O, crlSeries := 0, validityPeriod := { start_ := 716384398, duration := { hours := 24 } }, region := omit, assuranceLevel := omit, appPermissions := { { psid := 36, ssp := { bitmapSsp := '01FFFC'O } }, { psid := 37, ssp := { bitmapSsp := '01FFFFFF'O } }, { psid := 141, ssp := omit }, { psid := 638, ssp := { bitmapSsp := '01'O } } }, certIssuePermissions := omit, certRequestPermissions := omit, canRequestRollover := omit, encryptionKey := omit, verifyKeyIndicator := { verificationKey := { ecdsaNistP256 := { compressed_y_0 := '5BE8B782049A72E3F51B3DE989F950662B8BED4645F1A09B0285C30732421DA4'O } } }, flags := omit, appExtensions := omit, certIssueExtensions := omit, certRequestExtension := omit }, signature_ := { ecdsaNistP256Signature := { rSig := { x_only := '7EF2BE34648CD26A11A83CE11F4C5C4C3D6F9A77E7FE4FECD4640CF4A1BDD840'O }, sSig := '06C63EBBAF9CAD69168BED4F98C3C18AD4B69FEF6DB569CF82A9868B75F6649D'O } } } } }, signature_ := { ecdsaNistP256Signature := { rSig := { x_only := '52B2EB93647D0C4DF5F20E624EBE941CDEDB931822826848C5F03210308258B5'O }, sSig := '0DB92C0CECD14C65B74FA8C53F61BF0DB122D741B74FEC9E959FD97A40B3D4BB'O } } } } } } }, macDestinationAddress := 'FFFFFFFFFFFF'O, ssp := '000000011111111111111100'B, its_aid := 36 } id 1
14:26:02.221797 Message with id 1 was extracted from the queue of geoNetworkingPort.
14:26:02.221803 *** a_default: WARNING: Received an unexpected message ***
14:26:02.221806 Default with id 4 (altstep a_neighbourDefault) has reached a break statement. Skipping current alt statement or receiving operation.
14:26:02.221886 Receive operation on port geoNetworkingPort succeeded, message from system(): @LibItsGeoNetworking_TypesAndValues.GeoNetworkingInd: { msgIn := { basicHeader := { version := 1, nextHeader := e_securedPacket (2), reserved := 0, lifeTime := { multiplier := 6, ltBase := e_10s (2) }, routerHopLimit := 1 }, gnPacket := { packet := { commonHeader := { nextHeader := e_btpB (2), reserved := 0, headerTST := { tsbHdr := { headerType := e_topologicallyScopedBroadcast (5), headerSubType := e_singleHop (0) } }, trafficClass := { scf := e_scfDisabled (0), channelOffload := e_choffDisabled (0), tcId := 0 }, flags := '10000000'B, plLength := 30, maxHopLimit := 1, reserved2 := 0 }, extendedHeader := { shbHeader := { srcPosVector := { gnAddr := { typeOfAddress := e_initial (0), stationType := e_unknown (0), reserved := 0, mid := '020000000001'O }, timestamp_ := 3422595281, latitude := 520000000, longitude := 130000000, pai := '0'B, speed := 0, heading := 0 }, reserved := 0 } }, payload := '07D1000002020000002A0000005A946F600E612ED01FFFFFFC23B7743E80'O }, securedMsg := { protocolVersion := 3, content := { signedData := { hashId := sha256 (0), tbsData := { payload := { data := { protocolVersion := 3, content := { unsecuredData := '20500080001E01000000020000000001CC00A8D11EFE920007BFA480000000000000000007D1000002020000002A0000005A946F600E612ED01FFFFFFC23B7743E80'O } }, extDataHash := omit, omitted := omit }, headerInfo := { psid := 36, generationTime := 716387166417260, expiryTime := omit, generationLocation := omit, p2pcdLearningRequest := omit, missingCrlIdentifier := omit, encryptionKey := omit, inlineP2pcdRequest := omit, requestedCertificate := omit, pduFunctionalType := omit, contributedExtensions := omit } }, signer := { certificate := { { version := 3, type_ := explicit (0), issuer := { sha256AndDigest := '827C527E1D518974'O }, toBeSigned := { id := { none_ := NULL }, cracaId := '000000'O, crlSeries := 0, validityPeriod := { start_ := 716384398, duration := { hours := 24 } }, region := omit, assuranceLevel := omit, appPermissions := { { psid := 36, ssp := { bitmapSsp := '01FFFC'O } }, { psid := 37, ssp := { bitmapSsp := '01FFFFFF'O } }, { psid := 141, ssp := omit }, { psid := 638, ssp := { bitmapSsp := '01'O } } }, certIssuePermissions := omit, certRequestPermissions := omit, canRequestRollover := omit, encryptionKey := omit, verifyKeyIndicator := { verificationKey := { ecdsaNistP256 := { compressed_y_0 := '5BE8B782049A72E3F51B3DE989F950662B8BED4645F1A09B0285C30732421DA4'O } } }, flags := omit, appExtensions := omit, certIssueExtensions := omit, certRequestExtension := omit }, signature_ := { ecdsaNistP256Signature := { rSig := { x_only := '7EF2BE34648CD26A11A83CE11F4C5C4C3D6F9A77E7FE4FECD4640CF4A1BDD840'O }, sSig := '06C63EBBAF9CAD69168BED4F98C3C18AD4B69FEF6DB569CF82A9868B75F6649D'O } } } } }, signature_ := { ecdsaNistP256Signature := { rSig := { x_only := 'B463DC7A39F145472480CCC768572BEB37FF698DD9BB2AEC736D2180E011F8DD'O }, sSig := '72E42025C856804904FB694F1638053DA520E810BAE990D9E7D936F1EB184EEE'O } } } } } } }, macDestinationAddress := 'FFFFFFFFFFFF'O, ssp := '000000011111111111111100'B, its_aid := 36 } id 2
14:26:02.221896 Message with id 2 was extracted from the queue of geoNetworkingPort.
14:26:02.221899 *** a_default: WARNING: Received an unexpected message ***
14:26:02.221902 Default with id 4 (altstep a_neighbourDefault) has reached a break statement. Skipping current alt statement or receiving operation.
14:26:02.419174 security_services_its::process_ieee_1609_dot2_signed_data: generation time check 716387167417385 / 716387162419173, delta = 4998212.000000, comp = 0
14:26:02.419998 Message enqueued on geoNetworkingPort from system @LibItsGeoNetworking_TypesAndValues.GeoNetworkingInd : { msgIn := { basicHeader := { version := 1, nextHeader := e_securedPacket (2), reserved := 0, lifeTime := { multiplier := 6, ltBase := e_10s (2) }, routerHopLimit := 1 }, gnPacket := { packet := { commonHeader := { nextHeader := e_btpB (2), reserved := 0, headerTST := { tsbHdr := { headerType := e_topologicallyScopedBroadcast (5), headerSubType := e_singleHop (0) } }, trafficClass := { scf := e_scfDisabled (0), channelOffload := e_choffDisabled (0), tcId := 0 }, flags := '10000000'B, plLength := 30, maxHopLimit := 1, reserved2 := 0 }, extendedHeader := { shbHeader := { srcPosVector := { gnAddr := { typeOfAddress := e_initial (0), stationType := e_unknown (0), reserved := 0, mid := '020000000001'O }, timestamp_ := 3422596281, latitude := 520000000, longitude := 130000000, pai := '0'B, speed := 0, heading := 0 }, reserved := 0 } }, payload := '07D1000002020000002A0000005A946F600E612ED01FFFFFFC23B7743E80'O }, securedMsg := { protocolVersion := 3, content := { signedData := { hashId := sha256 (0), tbsData := { payload := { data := { protocolVersion := 3, content := { unsecuredData := '20500080001E01000000020000000001CC00ACB91EFE920007BFA480000000000000000007D1000002020000002A0000005A946F600E612ED01FFFFFFC23B7743E80'O } }, extDataHash := omit, omitted := omit }, headerInfo := { psid := 36, generationTime := 716387167417385, expiryTime := omit, generationLocation := omit, p2pcdLearningRequest := omit, missingCrlIdentifier := omit, encryptionKey := omit, inlineP2pcdRequest := omit, requestedCertificate := omit, pduFunctionalType := omit, contributedExtensions := omit } }, signer := { certificate := { { version := 3, type_ := explicit (0), issuer := { sha256AndDigest := '827C527E1D518974'O }, toBeSigned := { id := { none_ := NULL }, cracaId := '000000'O, crlSeries := 0, validityPeriod := { start_ := 716384398, duration := { hours := 24 } }, region := omit, assuranceLevel := omit, appPermissions := { { psid := 36, ssp := { bitmapSsp := '01FFFC'O } }, { psid := 37, ssp := { bitmapSsp := '01FFFFFF'O } }, { psid := 141, ssp := omit }, { psid := 638, ssp := { bitmapSsp := '01'O } } }, certIssuePermissions := omit, certRequestPermissions := omit, canRequestRollover := omit, encryptionKey := omit, verifyKeyIndicator := { verificationKey := { ecdsaNistP256 := { compressed_y_0 := '5BE8B782049A72E3F51B3DE989F950662B8BED4645F1A09B0285C30732421DA4'O } } }, flags := omit, appExtensions := omit, certIssueExtensions := omit, certRequestExtension := omit }, signature_ := { ecdsaNistP256Signature := { rSig := { x_only := '7EF2BE34648CD26A11A83CE11F4C5C4C3D6F9A77E7FE4FECD4640CF4A1BDD840'O }, sSig := '06C63EBBAF9CAD69168BED4F98C3C18AD4B69FEF6DB569CF82A9868B75F6649D'O } } } } }, signature_ := { ecdsaNistP256Signature := { rSig := { x_only := 'D30A3AA8721BD34340E0B67702ABB263DFF70322FBEE6A90510FB9EFAD663B72'O }, sSig := '45A9F1B366BCABA120677C47E778D46A8323DF2C468F7D15300B31E86424A2E3'O } } } } } } }, macDestinationAddress := 'FFFFFFFFFFFF'O, ssp := '000000011111111111111100'B, its_aid := 36 } id 3
14:26:02.420380 Receive operation on port geoNetworkingPort succeeded, message from system(): @LibItsGeoNetworking_TypesAndValues.GeoNetworkingInd: { msgIn := { basicHeader := { version := 1, nextHeader := e_securedPacket (2), reserved := 0, lifeTime := { multiplier := 6, ltBase := e_10s (2) }, routerHopLimit := 1 }, gnPacket := { packet := { commonHeader := { nextHeader := e_btpB (2), reserved := 0, headerTST := { tsbHdr := { headerType := e_topologicallyScopedBroadcast (5), headerSubType := e_singleHop (0) } }, trafficClass := { scf := e_scfDisabled (0), channelOffload := e_choffDisabled (0), tcId := 0 }, flags := '10000000'B, plLength := 30, maxHopLimit := 1, reserved2 := 0 }, extendedHeader := { shbHeader := { srcPosVector := { gnAddr := { typeOfAddress := e_initial (0), stationType := e_unknown (0), reserved := 0, mid := '020000000001'O }, timestamp_ := 3422596281, latitude := 520000000, longitude := 130000000, pai := '0'B, speed := 0, heading := 0 }, reserved := 0 } }, payload := '07D1000002020000002A0000005A946F600E612ED01FFFFFFC23B7743E80'O }, securedMsg := { protocolVersion := 3, content := { signedData := { hashId := sha256 (0), tbsData := { payload := { data := { protocolVersion := 3, content := { unsecuredData := '20500080001E01000000020000000001CC00ACB91EFE920007BFA480000000000000000007D1000002020000002A0000005A946F600E612ED01FFFFFFC23B7743E80'O } }, extDataHash := omit, omitted := omit }, headerInfo := { psid := 36, generationTime := 716387167417385, expiryTime := omit, generationLocation := omit, p2pcdLearningRequest := omit, missingCrlIdentifier := omit, encryptionKey := omit, inlineP2pcdRequest := omit, requestedCertificate := omit, pduFunctionalType := omit, contributedExtensions := omit } }, signer := { certificate := { { version := 3, type_ := explicit (0), issuer := { sha256AndDigest := '827C527E1D518974'O }, toBeSigned := { id := { none_ := NULL }, cracaId := '000000'O, crlSeries := 0, validityPeriod := { start_ := 716384398, duration := { hours := 24 } }, region := omit, assuranceLevel := omit, appPermissions := { { psid := 36, ssp := { bitmapSsp := '01FFFC'O } }, { psid := 37, ssp := { bitmapSsp := '01FFFFFF'O } }, { psid := 141, ssp := omit }, { psid := 638, ssp := { bitmapSsp := '01'O } } }, certIssuePermissions := omit, certRequestPermissions := omit, canRequestRollover := omit, encryptionKey := omit, verifyKeyIndicator := { verificationKey := { ecdsaNistP256 := { compressed_y_0 := '5BE8B782049A72E3F51B3DE989F950662B8BED4645F1A09B0285C30732421DA4'O } } }, flags := omit, appExtensions := omit, certIssueExtensions := omit, certRequestExtension := omit }, signature_ := { ecdsaNistP256Signature := { rSig := { x_only := '7EF2BE34648CD26A11A83CE11F4C5C4C3D6F9A77E7FE4FECD4640CF4A1BDD840'O }, sSig := '06C63EBBAF9CAD69168BED4F98C3C18AD4B69FEF6DB569CF82A9868B75F6649D'O } } } } }, signature_ := { ecdsaNistP256Signature := { rSig := { x_only := 'D30A3AA8721BD34340E0B67702ABB263DFF70322FBEE6A90510FB9EFAD663B72'O }, sSig := '45A9F1B366BCABA120677C47E778D46A8323DF2C468F7D15300B31E86424A2E3'O } } } } } } }, macDestinationAddress := 'FFFFFFFFFFFF'O, ssp := '000000011111111111111100'B, its_aid := 36 } id 3
14:26:02.420414 Message with id 3 was extracted from the queue of geoNetworkingPort.
14:26:02.420432 *** a_default: WARNING: Received an unexpected message ***
14:26:02.420440 Default with id 4 (altstep a_neighbourDefault) has reached a break statement. Skipping current alt statement or receiving operation.
14:26:02.721607 Timeout t: 0.5 s
14:26:02.721699 **** f_selfSync: Successfully passed PREAMBLE synchronization point. ****
14:26:02.721711 Start timer tc_ac: 30 s
14:26:03.418417 security_services_its::process_ieee_1609_dot2_signed_data: generation time check 716387168417428 / 716387163418416, delta = 4999012.000000, comp = 0
14:26:03.419000 Message enqueued on geoNetworkingPort from system @LibItsGeoNetworking_TypesAndValues.GeoNetworkingInd : { msgIn := { basicHeader := { version := 1, nextHeader := e_securedPacket (2), reserved := 0, lifeTime := { multiplier := 6, ltBase := e_10s (2) }, routerHopLimit := 1 }, gnPacket := { packet := { commonHeader := { nextHeader := e_btpB (2), reserved := 0, headerTST := { tsbHdr := { headerType := e_topologicallyScopedBroadcast (5), headerSubType := e_singleHop (0) } }, trafficClass := { scf := e_scfDisabled (0), channelOffload := e_choffDisabled (0), tcId := 0 }, flags := '10000000'B, plLength := 30, maxHopLimit := 1, reserved2 := 0 }, extendedHeader := { shbHeader := { srcPosVector := { gnAddr := { typeOfAddress := e_initial (0), stationType := e_unknown (0), reserved := 0, mid := '020000000001'O }, timestamp_ := 3422597281, latitude := 520000000, longitude := 130000000, pai := '0'B, speed := 0, heading := 0 }, reserved := 0 } }, payload := '07D1000002020000002A0000005A946F600E612ED01FFFFFFC23B7743E80'O }, securedMsg := { protocolVersion := 3, content := { signedData := { hashId := sha256 (0), tbsData := { payload := { data := { protocolVersion := 3, content := { unsecuredData := '20500080001E01000000020000000001CC00B0A11EFE920007BFA480000000000000000007D1000002020000002A0000005A946F600E612ED01FFFFFFC23B7743E80'O } }, extDataHash := omit, omitted := omit }, headerInfo := { psid := 36, generationTime := 716387168417428, expiryTime := omit, generationLocation := omit, p2pcdLearningRequest := omit, missingCrlIdentifier := omit, encryptionKey := omit, inlineP2pcdRequest := omit, requestedCertificate := omit, pduFunctionalType := omit, contributedExtensions := omit } }, signer := { certificate := { { version := 3, type_ := explicit (0), issuer := { sha256AndDigest := '827C527E1D518974'O }, toBeSigned := { id := { none_ := NULL }, cracaId := '000000'O, crlSeries := 0, validityPeriod := { start_ := 716384398, duration := { hours := 24 } }, region := omit, assuranceLevel := omit, appPermissions := { { psid := 36, ssp := { bitmapSsp := '01FFFC'O } }, { psid := 37, ssp := { bitmapSsp := '01FFFFFF'O } }, { psid := 141, ssp := omit }, { psid := 638, ssp := { bitmapSsp := '01'O } } }, certIssuePermissions := omit, certRequestPermissions := omit, canRequestRollover := omit, encryptionKey := omit, verifyKeyIndicator := { verificationKey := { ecdsaNistP256 := { compressed_y_0 := '5BE8B782049A72E3F51B3DE989F950662B8BED4645F1A09B0285C30732421DA4'O } } }, flags := omit, appExtensions := omit, certIssueExtensions := omit, certRequestExtension := omit }, signature_ := { ecdsaNistP256Signature := { rSig := { x_only := '7EF2BE34648CD26A11A83CE11F4C5C4C3D6F9A77E7FE4FECD4640CF4A1BDD840'O }, sSig := '06C63EBBAF9CAD69168BED4F98C3C18AD4B69FEF6DB569CF82A9868B75F6649D'O } } } } }, signature_ := { ecdsaNistP256Signature := { rSig := { x_only := 'FA963B6E1767C570EFE3E47E0E3BA0099410F4C4F78FF967A1989ED74F00A155'O }, sSig := '74B12F1F8CB9728FE3D412D00EE19BA4249AEBF1ACE7E944A8C3EE2F8C35364E'O } } } } } } }, macDestinationAddress := 'FFFFFFFFFFFF'O, ssp := '000000011111111111111100'B, its_aid := 36 } id 4
14:26:03.419272 Receive operation on port geoNetworkingPort succeeded, message from system(): @LibItsGeoNetworking_TypesAndValues.GeoNetworkingInd : { msgIn := { basicHeader := { version := 1, nextHeader := e_securedPacket (2), reserved := 0, lifeTime := { multiplier := 6, ltBase := e_10s (2) }, routerHopLimit := 1 }, gnPacket := { packet := { commonHeader := { nextHeader := e_btpB (2), reserved := 0, headerTST := { tsbHdr := { headerType := e_topologicallyScopedBroadcast (5), headerSubType := e_singleHop (0) } }, trafficClass := { scf := e_scfDisabled (0), channelOffload := e_choffDisabled (0), tcId := 0 }, flags := '10000000'B, plLength := 30, maxHopLimit := 1, reserved2 := 0 }, extendedHeader := { shbHeader := { srcPosVector := { gnAddr := { typeOfAddress := e_initial (0), stationType := e_unknown (0), reserved := 0, mid := '020000000001'O }, timestamp_ := 3422597281, latitude := 520000000, longitude := 130000000, pai := '0'B, speed := 0, heading := 0 }, reserved := 0 } }, payload := '07D1000002020000002A0000005A946F600E612ED01FFFFFFC23B7743E80'O }, securedMsg := { protocolVersion := 3, content := { signedData := { hashId := sha256 (0), tbsData := { payload := { data := { protocolVersion := 3, content := { unsecuredData := '20500080001E01000000020000000001CC00B0A11EFE920007BFA480000000000000000007D1000002020000002A0000005A946F600E612ED01FFFFFFC23B7743E80'O } }, extDataHash := omit, omitted := omit }, headerInfo := { psid := 36, generationTime := 716387168417428, expiryTime := omit, generationLocation := omit, p2pcdLearningRequest := omit, missingCrlIdentifier := omit, encryptionKey := omit, inlineP2pcdRequest := omit, requestedCertificate := omit, pduFunctionalType := omit, contributedExtensions := omit } }, signer := { certificate := { { version := 3, type_ := explicit (0), issuer := { sha256AndDigest := '827C527E1D518974'O }, toBeSigned := { id := { none_ := NULL }, cracaId := '000000'O, crlSeries := 0, validityPeriod := { start_ := 716384398, duration := { hours := 24 } }, region := omit, assuranceLevel := omit, appPermissions := { { psid := 36, ssp := { bitmapSsp := '01FFFC'O } }, { psid := 37, ssp := { bitmapSsp := '01FFFFFF'O } }, { psid := 141, ssp := omit }, { psid := 638, ssp := { bitmapSsp := '01'O } } }, certIssuePermissions := omit, certRequestPermissions := omit, canRequestRollover := omit, encryptionKey := omit, verifyKeyIndicator := { verificationKey := { ecdsaNistP256 := { compressed_y_0 := '5BE8B782049A72E3F51B3DE989F950662B8BED4645F1A09B0285C30732421DA4'O } } }, flags := omit, appExtensions := omit, certIssueExtensions := omit, certRequestExtension := omit }, signature_ := { ecdsaNistP256Signature := { rSig := { x_only := '7EF2BE34648CD26A11A83CE11F4C5C4C3D6F9A77E7FE4FECD4640CF4A1BDD840'O }, sSig := '06C63EBBAF9CAD69168BED4F98C3C18AD4B69FEF6DB569CF82A9868B75F6649D'O } } } } }, signature_ := { ecdsaNistP256Signature := { rSig := { x_only := 'FA963B6E1767C570EFE3E47E0E3BA0099410F4C4F78FF967A1989ED74F00A155'O }, sSig := '74B12F1F8CB9728FE3D412D00EE19BA4249AEBF1ACE7E944A8C3EE2F8C35364E'O } } } } } } }, macDestinationAddress := 'FFFFFFFFFFFF'O, ssp := '000000011111111111111100'B, its_aid := 36 } id 4
14:26:03.419307 Message with id 4 was extracted from the queue of geoNetworkingPort.
14:26:03.419327 Stop timer tc_ac: 30 s
14:26:03.419340 *** TC_SEC_ITSS_SND_CAM_04_BV: PASS: Correct secured packet received, containing certificate
14:26:03.419345 setverdict(pass): none -> pass
14:26:03.419406 **** f_selfSync: Successfully passed TEST BODY synchronization point. ****
14:26:03.419421 Sent on acPort to system @LibItsGeoNetworking_TypesAndValues.AcGnPrimitive : { stopBeaconing := { } }
14:26:03.419430 Default with id 4 (altstep a_neighbourDefault) was deactivated.
14:26:03.419446 Sent on acPort to system @LibItsCommon_TypesAndValues.AcSecPrimitive : { acDisableSecurity := { disable := true } }
14:26:03.419452 Message enqueued on acPort from system @LibItsCommon_TypesAndValues.AdapterControlResults : { acSecResponse := true } id 2
14:26:03.419459 Start timer tc_ac: 30 s
14:26:03.419468 Receive operation on port acPort succeeded, message from system(): @LibItsCommon_TypesAndValues.AdapterControlResults : { acSecResponse := true } id 2
14:26:03.419472 Message with id 2 was extracted from the queue of acPort.
14:26:03.419476 Stop timer tc_ac: 30 s
14:26:03.419481 Unmapping port mtc:acPort from system:acPort.
14:26:03.419729 Port acPort was unmapped from system:acPort.
14:26:03.419889 Unmap operation of mtc:acPort from system:acPort finished.
14:26:03.419903 Unmapping port mtc:utPort from system:utPort.
14:26:03.419989 Port utPort was unmapped from system:utPort.
14:26:03.420133 Unmap operation of mtc:utPort from system:utPort finished.
14:26:03.420156 Unmapping port mtc:geoNetworkingPort from system:geoNetworkingPort.
14:26:03.420295 Port geoNetworkingPort was unmapped from system:geoNetworkingPort.
14:26:03.420360 Unmap operation of mtc:geoNetworkingPort from system:geoNetworkingPort finished.
14:26:03.420368 Disconnecting ports mtc:syncSendPort and mtc:syncPort.
14:26:03.420447 Port syncSendPort has terminated the connection with local port syncPort.
14:26:03.420470 Port syncPort has terminated the connection with local port syncSendPort.
14:26:03.420587 Disconnect operation on mtc:syncSendPort and mtc:syncPort finished.
14:26:03.420611 Terminating component type LibItsGeoNetworking_TestSystem.ItsGeoNetworking.
14:26:03.420619 Default with id 1 (altstep a_cf01Down) was deactivated.
14:26:03.420624 Default with id 2 (altstep a_default) was deactivated.
14:26:03.420627 Default with id 3 (altstep a_utDefault) was deactivated.
14:26:03.420631 Port syncSendPort was stopped.
14:26:03.420636 Port syncPort was stopped.
14:26:03.420639 Port utPort was stopped.
14:26:03.420642 Port acPort was stopped.
14:26:03.420645 Port geoNetworkingPort was stopped.
14:26:03.420648 Component type LibItsGeoNetworking_TestSystem.ItsGeoNetworking was shut down inside testcase TC_SEC_ITSS_SND_CAM_04_BV.
14:26:03.420652 Waiting for PTCs to finish.
14:26:03.420795 Setting final verdict of the test case.
14:26:03.420820 Local verdict of MTC: pass
14:26:03.420830 No PTCs were created.
14:26:03.420836 Test case TC_SEC_ITSS_SND_CAM_04_BV finished. Verdict: pass
14:26:03.420964 Executing test case TC_SEC_ITSS_SND_DENM_01_BV in module ItsSecurity_TestCases.
14:26:03.421034 Test case TC_SEC_ITSS_SND_DENM_01_BV started.
14:26:03.421041 Initializing variables, timers and ports of component type LibItsGeoNetworking_TestSystem.ItsGeoNetworking inside testcase TC_SEC_ITSS_SND_DENM_01_BV.
14:26:03.421096 Port syncSendPort was started.
14:26:03.421101 Port syncPort was started.
14:26:03.421103 Port utPort was started.
14:26:03.421106 Port acPort was started.
14:26:03.421109 Port geoNetworkingPort was started.
14:26:03.421111 Component type LibItsGeoNetworking_TestSystem.ItsGeoNetworking was initialized.
14:26:03.421116 Mapping port mtc:acPort to system:acPort.
14:26:03.421191 Port acPort was mapped to system:acPort.
14:26:03.421349 Map operation of mtc:acPort to system:acPort finished.
14:26:03.421372 Mapping port mtc:utPort to system:utPort.
14:26:03.421644 Port utPort was mapped to system:utPort.
14:26:03.421751 Map operation of mtc:utPort to system:utPort finished.
14:26:03.421776 Mapping port mtc:geoNetworkingPort to system:geoNetworkingPort.
14:26:03.422023 security_services_its::setup: Already done
14:26:03.422114 Port geoNetworkingPort was mapped to system:geoNetworkingPort.
14:26:03.422284 Map operation of mtc:geoNetworkingPort to system:geoNetworkingPort finished.
14:26:03.422309 Connecting ports mtc:syncSendPort and mtc:syncPort.
14:26:03.422419 Port syncPort has established the connection with local port syncSendPort.
14:26:03.422428 Port syncSendPort has established the connection with local port syncPort.
14:26:03.422545 Connect operation on mtc:syncSendPort and mtc:syncPort finished.
14:26:03.422569 Altstep a_cf01Down was activated as default, id 1
14:26:03.422586 security_services_its::setup: Already done
14:26:03.422703 Selected issuer: '99B8BAAD5A396D5F'O
14:26:03.422799 Sent on utPort to system @LibItsGeoNetworking_TypesAndValues.UtGnInitialize : { hashedId8 := '6A96F4C09905CF42'O }
14:26:03.423796 Message enqueued on utPort from system @LibItsGeoNetworking_TypesAndValues.UtGnResults : { utGnInitializeResult := true } id 1
14:26:03.423839 Start timer tc_wait: 120 s
14:26:03.423859 Receive operation on port utPort succeeded, message from system(): @LibItsGeoNetworking_TypesAndValues.UtGnResults : { utGnInitializeResult := true } id 1
14:26:03.423877 Message with id 1 was extracted from the queue of utPort.
14:26:03.423880 Stop timer tc_wait: 120 s
14:26:03.423884 *** f_utInitializeIut: INFO: IUT initialized ***
14:26:03.423890 Start timer t: 1 s
14:26:03.523857 security_services_its::process_ieee_1609_dot2_signed_data: generation time check 716387168522419 / 716387163523856, delta = 4998563.000000, comp = 0
14:26:03.524628 Message enqueued on geoNetworkingPort from system @LibItsGeoNetworking_TypesAndValues.GeoNetworkingInd : { msgIn := { basicHeader := { version := 1, nextHeader := e_securedPacket (2), reserved := 0, lifeTime := { multiplier := 6, ltBase := e_10s (2) }, routerHopLimit := 1 }, gnPacket := { packet := { commonHeader := { nextHeader := e_btpB (2), reserved := 0, headerTST := { tsbHdr := { headerType := e_topologicallyScopedBroadcast (5), headerSubType := e_singleHop (0) } }, trafficClass := { scf := e_scfDisabled (0), channelOffload := e_choffDisabled (0), tcId := 0 }, flags := '10000000'B, plLength := 30, maxHopLimit := 1, reserved2 := 0 }, extendedHeader := { shbHeader := { srcPosVector := { gnAddr := { typeOfAddress := e_initial (0), stationType := e_unknown (0), reserved := 0, mid := '020000000001'O }, timestamp_ := 3422597386, latitude := 520000000, longitude := 130000000, pai := '0'B, speed := 0, heading := 0 }, reserved := 0 } }, payload := '07D1000002020000002A0000005A946F600E612ED01FFFFFFC23B7743E80'O }, securedMsg := { protocolVersion := 3, content := { signedData := { hashId := sha256 (0), tbsData := { payload := { data := { protocolVersion := 3, content := { unsecuredData := '20500080001E01000000020000000001CC00B10A1EFE920007BFA480000000000000000007D1000002020000002A0000005A946F600E612ED01FFFFFFC23B7743E80'O } }, extDataHash := omit, omitted := omit }, headerInfo := { psid := 36, generationTime := 716387168522419, expiryTime := omit, generationLocation := omit, p2pcdLearningRequest := omit, missingCrlIdentifier := omit, encryptionKey := omit, inlineP2pcdRequest := omit, requestedCertificate := omit, pduFunctionalType := omit, contributedExtensions := omit } }, signer := { certificate := { { version := 3, type_ := explicit (0), issuer := { sha256AndDigest := '827C527E1D518974'O }, toBeSigned := { id := { none_ := NULL }, cracaId := '000000'O, crlSeries := 0, validityPeriod := { start_ := 716384398, duration := { hours := 24 } }, region := omit, assuranceLevel := omit, appPermissions := { { psid := 36, ssp := { bitmapSsp := '01FFFC'O } }, { psid := 37, ssp := { bitmapSsp := '01FFFFFF'O } }, { psid := 141, ssp := omit }, { psid := 638, ssp := { bitmapSsp := '01'O } } }, certIssuePermissions := omit, certRequestPermissions := omit, canRequestRollover := omit, encryptionKey := omit, verifyKeyIndicator := { verificationKey := { ecdsaNistP256 := { compressed_y_0 := '5BE8B782049A72E3F51B3DE989F950662B8BED4645F1A09B0285C30732421DA4'O } } }, flags := omit, appExtensions := omit, certIssueExtensions := omit, certRequestExtension := omit }, signature_ := { ecdsaNistP256Signature := { rSig := { x_only := '7EF2BE34648CD26A11A83CE11F4C5C4C3D6F9A77E7FE4FECD4640CF4A1BDD840'O }, sSig := '06C63EBBAF9CAD69168BED4F98C3C18AD4B69FEF6DB569CF82A9868B75F6649D'O } } } } }, signature_ := { ecdsaNistP256Signature := { rSig := { x_only := '3843C86A23F6CC19EF52D8DA471AB2CFD951D5847E99C06A297617E1EB2E8E65'O }, sSig := '74817D9B655B9943F9B64FBA05AA13F5EA42F1C4B9938746B144B33DA7F853A1'O } } } } } } }, macDestinationAddress := 'FFFFFFFFFFFF'O, ssp := '000000011111111111111100'B, its_aid := 36 } id 1
14:26:04.423896 Timeout t: 1 s
14:26:04.424004 Sent on acPort to system @LibItsGeoNetworking_TypesAndValues.AcGnPrimitive : { getLongPosVector := { gnAddress := { typeOfAddress := e_initial (0), stationType := e_unknown (0), reserved := 0, mid := '020000000001'O } } }
14:26:04.424029 Message enqueued on acPort from system @LibItsGeoNetworking_TypesAndValues.AcGnResponse : { getLongPosVector := { gnAddr := { typeOfAddress := e_initial (0), stationType := e_unknown (0), reserved := 0, mid := '020000000001'O }, timestamp_ := 0, latitude := 520000000, longitude := 130000000, pai := '0'B, speed := 0, heading := 0 } } id 1
14:26:04.424065 Start timer tc_ac: 30 s
14:26:04.424098 Receive operation on port acPort succeeded, message from system(): @LibItsGeoNetworking_TypesAndValues.AcGnResponse : { getLongPosVector := { gnAddr := { typeOfAddress := e_initial (0), stationType := e_unknown (0), reserved := 0, mid := '020000000001'O }, timestamp_ := 0, latitude := 520000000, longitude := 130000000, pai := '0'B, speed := 0, heading := 0 } } id 1
14:26:04.424107 Message with id 1 was extracted from the queue of acPort.
14:26:04.424115 Stop timer tc_ac: 30 s
14:26:04.424199 Altstep a_default was activated as default, id 2
14:26:04.424208 Altstep a_utDefault was activated as default, id 3
14:26:04.424213 Altstep a_neighbourDefault was activated as default, id 4
14:26:04.424368 Sent on acPort to system @LibItsGeoNetworking_TypesAndValues.AcGnPrimitive : { startBeaconing := { beaconPacket := { basicHeader := { version := 1, nextHeader := e_commonHeader (1), reserved := 0, lifeTime := { multiplier := 10, ltBase := e_100s (3) }, routerHopLimit := 1 }, gnPacket := { packet := { commonHeader := { nextHeader := e_any (0), reserved := 0, headerTST := { beaconHdr := { headerType := e_beacon (1), headerSubType := 0 } }, trafficClass := { scf := e_scfEnabled (1), channelOffload := e_choffDisabled (0), tcId := 0 }, flags := '00000000'B, plLength := 0, maxHopLimit := 1, reserved2 := 0 }, extendedHeader := { beaconHeader := { srcPosVector := { gnAddr := { typeOfAddress := e_manual (1), stationType := e_passengerCar (5), reserved := 0, mid := '00000000000B'O }, timestamp_ := 3422592288, latitude := 520020000, longitude := 130000000, pai := '1'B, speed := 0, heading := 0 } } }, payload := omit }, securedMsg := omit } } } }
14:26:04.424661 Start timer t: 1 s
14:26:04.623091 security_services_its::process_ieee_1609_dot2_signed_data: generation time check 716387169622117 / 716387164623090, delta = 4999027.000000, comp = 0
14:26:04.623619 Message enqueued on geoNetworkingPort from system @LibItsGeoNetworking_TypesAndValues.GeoNetworkingInd : { msgIn := { basicHeader := { version := 1, nextHeader := e_securedPacket (2), reserved := 0, lifeTime := { multiplier := 6, ltBase := e_10s (2) }, routerHopLimit := 1 }, gnPacket := { packet := { commonHeader := { nextHeader := e_btpB (2), reserved := 0, headerTST := { tsbHdr := { headerType := e_topologicallyScopedBroadcast (5), headerSubType := e_singleHop (0) } }, trafficClass := { scf := e_scfDisabled (0), channelOffload := e_choffDisabled (0), tcId := 0 }, flags := '10000000'B, plLength := 30, maxHopLimit := 1, reserved2 := 0 }, extendedHeader := { shbHeader := { srcPosVector := { gnAddr := { typeOfAddress := e_initial (0), stationType := e_unknown (0), reserved := 0, mid := '020000000001'O }, timestamp_ := 3422598486, latitude := 520000000, longitude := 130000000, pai := '0'B, speed := 0, heading := 0 }, reserved := 0 } }, payload := '07D1000002020000002A0000005A946F600E612ED01FFFFFFC23B7743E80'O }, securedMsg := { protocolVersion := 3, content := { signedData := { hashId := sha256 (0), tbsData := { payload := { data := { protocolVersion := 3, content := { unsecuredData := '20500080001E01000000020000000001CC00B5561EFE920007BFA480000000000000000007D1000002020000002A0000005A946F600E612ED01FFFFFFC23B7743E80'O } }, extDataHash := omit, omitted := omit }, headerInfo := { psid := 36, generationTime := 716387169622117, expiryTime := omit, generationLocation := omit, p2pcdLearningRequest := omit, missingCrlIdentifier := omit, encryptionKey := omit, inlineP2pcdRequest := omit, requestedCertificate := omit, pduFunctionalType := omit, contributedExtensions := omit } }, signer := { certificate := { { version := 3, type_ := explicit (0), issuer := { sha256AndDigest := '827C527E1D518974'O }, toBeSigned := { id := { none_ := NULL }, cracaId := '000000'O, crlSeries := 0, validityPeriod := { start_ := 716384398, duration := { hours := 24 } }, region := omit, assuranceLevel := omit, appPermissions := { { psid := 36, ssp := { bitmapSsp := '01FFFC'O } }, { psid := 37, ssp := { bitmapSsp := '01FFFFFF'O } }, { psid := 141, ssp := omit }, { psid := 638, ssp := { bitmapSsp := '01'O } } }, certIssuePermissions := omit, certRequestPermissions := omit, canRequestRollover := omit, encryptionKey := omit, verifyKeyIndicator := { verificationKey := { ecdsaNistP256 := { compressed_y_0 := '5BE8B782049A72E3F51B3DE989F950662B8BED4645F1A09B0285C30732421DA4'O } } }, flags := omit, appExtensions := omit, certIssueExtensions := omit, certRequestExtension := omit }, signature_ := { ecdsaNistP256Signature := { rSig := { x_only := '7EF2BE34648CD26A11A83CE11F4C5C4C3D6F9A77E7FE4FECD4640CF4A1BDD840'O }, sSig := '06C63EBBAF9CAD69168BED4F98C3C18AD4B69FEF6DB569CF82A9868B75F6649D'O } } } } }, signature_ := { ecdsaNistP256Signature := { rSig := { x_only := 'C23A797E659DA4AC2F42A5D72682FB074D3328A5C342A4E9EB4EEFB0DCBC8242'O }, sSig := '1FED860BE438FE3F6834A58E95BFA1F88939560C4725B8BD04F005A915AE4EDA'O } } } } } } }, macDestinationAddress := 'FFFFFFFFFFFF'O, ssp := '000000011111111111111100'B, its_aid := 36 } id 2
14:26:05.424679 Timeout t: 1 s
14:26:05.424728 Start timer t: 0.5 s
14:26:05.424903 Receive operation on port geoNetworkingPort succeeded, message from system(): @LibItsGeoNetworking_TypesAndValues.GeoNetworkingInd: { msgIn := { basicHeader := { version := 1, nextHeader := e_securedPacket (2), reserved := 0, lifeTime := { multiplier := 6, ltBase := e_10s (2) }, routerHopLimit := 1 }, gnPacket := { packet := { commonHeader := { nextHeader := e_btpB (2), reserved := 0, headerTST := { tsbHdr := { headerType := e_topologicallyScopedBroadcast (5), headerSubType := e_singleHop (0) } }, trafficClass := { scf := e_scfDisabled (0), channelOffload := e_choffDisabled (0), tcId := 0 }, flags := '10000000'B, plLength := 30, maxHopLimit := 1, reserved2 := 0 }, extendedHeader := { shbHeader := { srcPosVector := { gnAddr := { typeOfAddress := e_initial (0), stationType := e_unknown (0), reserved := 0, mid := '020000000001'O }, timestamp_ := 3422597386, latitude := 520000000, longitude := 130000000, pai := '0'B, speed := 0, heading := 0 }, reserved := 0 } }, payload := '07D1000002020000002A0000005A946F600E612ED01FFFFFFC23B7743E80'O }, securedMsg := { protocolVersion := 3, content := { signedData := { hashId := sha256 (0), tbsData := { payload := { data := { protocolVersion := 3, content := { unsecuredData := '20500080001E01000000020000000001CC00B10A1EFE920007BFA480000000000000000007D1000002020000002A0000005A946F600E612ED01FFFFFFC23B7743E80'O } }, extDataHash := omit, omitted := omit }, headerInfo := { psid := 36, generationTime := 716387168522419, expiryTime := omit, generationLocation := omit, p2pcdLearningRequest := omit, missingCrlIdentifier := omit, encryptionKey := omit, inlineP2pcdRequest := omit, requestedCertificate := omit, pduFunctionalType := omit, contributedExtensions := omit } }, signer := { certificate := { { version := 3, type_ := explicit (0), issuer := { sha256AndDigest := '827C527E1D518974'O }, toBeSigned := { id := { none_ := NULL }, cracaId := '000000'O, crlSeries := 0, validityPeriod := { start_ := 716384398, duration := { hours := 24 } }, region := omit, assuranceLevel := omit, appPermissions := { { psid := 36, ssp := { bitmapSsp := '01FFFC'O } }, { psid := 37, ssp := { bitmapSsp := '01FFFFFF'O } }, { psid := 141, ssp := omit }, { psid := 638, ssp := { bitmapSsp := '01'O } } }, certIssuePermissions := omit, certRequestPermissions := omit, canRequestRollover := omit, encryptionKey := omit, verifyKeyIndicator := { verificationKey := { ecdsaNistP256 := { compressed_y_0 := '5BE8B782049A72E3F51B3DE989F950662B8BED4645F1A09B0285C30732421DA4'O } } }, flags := omit, appExtensions := omit, certIssueExtensions := omit, certRequestExtension := omit }, signature_ := { ecdsaNistP256Signature := { rSig := { x_only := '7EF2BE34648CD26A11A83CE11F4C5C4C3D6F9A77E7FE4FECD4640CF4A1BDD840'O }, sSig := '06C63EBBAF9CAD69168BED4F98C3C18AD4B69FEF6DB569CF82A9868B75F6649D'O } } } } }, signature_ := { ecdsaNistP256Signature := { rSig := { x_only := '3843C86A23F6CC19EF52D8DA471AB2CFD951D5847E99C06A297617E1EB2E8E65'O }, sSig := '74817D9B655B9943F9B64FBA05AA13F5EA42F1C4B9938746B144B33DA7F853A1'O } } } } } } }, macDestinationAddress := 'FFFFFFFFFFFF'O, ssp := '000000011111111111111100'B, its_aid := 36 } id 1
14:26:05.424933 Message with id 1 was extracted from the queue of geoNetworkingPort.
14:26:05.424939 *** a_default: WARNING: Received an unexpected message ***
14:26:05.424942 Default with id 4 (altstep a_neighbourDefault) has reached a break statement. Skipping current alt statement or receiving operation.
14:26:05.425022 Receive operation on port geoNetworkingPort succeeded, message from system(): @LibItsGeoNetworking_TypesAndValues.GeoNetworkingInd: { msgIn := { basicHeader := { version := 1, nextHeader := e_securedPacket (2), reserved := 0, lifeTime := { multiplier := 6, ltBase := e_10s (2) }, routerHopLimit := 1 }, gnPacket := { packet := { commonHeader := { nextHeader := e_btpB (2), reserved := 0, headerTST := { tsbHdr := { headerType := e_topologicallyScopedBroadcast (5), headerSubType := e_singleHop (0) } }, trafficClass := { scf := e_scfDisabled (0), channelOffload := e_choffDisabled (0), tcId := 0 }, flags := '10000000'B, plLength := 30, maxHopLimit := 1, reserved2 := 0 }, extendedHeader := { shbHeader := { srcPosVector := { gnAddr := { typeOfAddress := e_initial (0), stationType := e_unknown (0), reserved := 0, mid := '020000000001'O }, timestamp_ := 3422598486, latitude := 520000000, longitude := 130000000, pai := '0'B, speed := 0, heading := 0 }, reserved := 0 } }, payload := '07D1000002020000002A0000005A946F600E612ED01FFFFFFC23B7743E80'O }, securedMsg := { protocolVersion := 3, content := { signedData := { hashId := sha256 (0), tbsData := { payload := { data := { protocolVersion := 3, content := { unsecuredData := '20500080001E01000000020000000001CC00B5561EFE920007BFA480000000000000000007D1000002020000002A0000005A946F600E612ED01FFFFFFC23B7743E80'O } }, extDataHash := omit, omitted := omit }, headerInfo := { psid := 36, generationTime := 716387169622117, expiryTime := omit, generationLocation := omit, p2pcdLearningRequest := omit, missingCrlIdentifier := omit, encryptionKey := omit, inlineP2pcdRequest := omit, requestedCertificate := omit, pduFunctionalType := omit, contributedExtensions := omit } }, signer := { certificate := { { version := 3, type_ := explicit (0), issuer := { sha256AndDigest := '827C527E1D518974'O }, toBeSigned := { id := { none_ := NULL }, cracaId := '000000'O, crlSeries := 0, validityPeriod := { start_ := 716384398, duration := { hours := 24 } }, region := omit, assuranceLevel := omit, appPermissions := { { psid := 36, ssp := { bitmapSsp := '01FFFC'O } }, { psid := 37, ssp := { bitmapSsp := '01FFFFFF'O } }, { psid := 141, ssp := omit }, { psid := 638, ssp := { bitmapSsp := '01'O } } }, certIssuePermissions := omit, certRequestPermissions := omit, canRequestRollover := omit, encryptionKey := omit, verifyKeyIndicator := { verificationKey := { ecdsaNistP256 := { compressed_y_0 := '5BE8B782049A72E3F51B3DE989F950662B8BED4645F1A09B0285C30732421DA4'O } } }, flags := omit, appExtensions := omit, certIssueExtensions := omit, certRequestExtension := omit }, signature_ := { ecdsaNistP256Signature := { rSig := { x_only := '7EF2BE34648CD26A11A83CE11F4C5C4C3D6F9A77E7FE4FECD4640CF4A1BDD840'O }, sSig := '06C63EBBAF9CAD69168BED4F98C3C18AD4B69FEF6DB569CF82A9868B75F6649D'O } } } } }, signature_ := { ecdsaNistP256Signature := { rSig := { x_only := 'C23A797E659DA4AC2F42A5D72682FB074D3328A5C342A4E9EB4EEFB0DCBC8242'O }, sSig := '1FED860BE438FE3F6834A58E95BFA1F88939560C4725B8BD04F005A915AE4EDA'O } } } } } } }, macDestinationAddress := 'FFFFFFFFFFFF'O, ssp := '000000011111111111111100'B, its_aid := 36 } id 2
14:26:05.425030 Message with id 2 was extracted from the queue of geoNetworkingPort.
14:26:05.425033 *** a_default: WARNING: Received an unexpected message ***
14:26:05.425036 Default with id 4 (altstep a_neighbourDefault) has reached a break statement. Skipping current alt statement or receiving operation.
14:26:05.623958 security_services_its::process_ieee_1609_dot2_signed_data: generation time check 716387170622400 / 716387165623957, delta = 4998443.000000, comp = 0
14:26:05.624708 Message enqueued on geoNetworkingPort from system @LibItsGeoNetworking_TypesAndValues.GeoNetworkingInd : { msgIn := { basicHeader := { version := 1, nextHeader := e_securedPacket (2), reserved := 0, lifeTime := { multiplier := 6, ltBase := e_10s (2) }, routerHopLimit := 1 }, gnPacket := { packet := { commonHeader := { nextHeader := e_btpB (2), reserved := 0, headerTST := { tsbHdr := { headerType := e_topologicallyScopedBroadcast (5), headerSubType := e_singleHop (0) } }, trafficClass := { scf := e_scfDisabled (0), channelOffload := e_choffDisabled (0), tcId := 0 }, flags := '10000000'B, plLength := 30, maxHopLimit := 1, reserved2 := 0 }, extendedHeader := { shbHeader := { srcPosVector := { gnAddr := { typeOfAddress := e_initial (0), stationType := e_unknown (0), reserved := 0, mid := '020000000001'O }, timestamp_ := 3422599486, latitude := 520000000, longitude := 130000000, pai := '0'B, speed := 0, heading := 0 }, reserved := 0 } }, payload := '07D1000002020000002A0000005A946F600E612ED01FFFFFFC23B7743E80'O }, securedMsg := { protocolVersion := 3, content := { signedData := { hashId := sha256 (0), tbsData := { payload := { data := { protocolVersion := 3, content := { unsecuredData := '20500080001E01000000020000000001CC00B93E1EFE920007BFA480000000000000000007D1000002020000002A0000005A946F600E612ED01FFFFFFC23B7743E80'O } }, extDataHash := omit, omitted := omit }, headerInfo := { psid := 36, generationTime := 716387170622400, expiryTime := omit, generationLocation := omit, p2pcdLearningRequest := omit, missingCrlIdentifier := omit, encryptionKey := omit, inlineP2pcdRequest := omit, requestedCertificate := omit, pduFunctionalType := omit, contributedExtensions := omit } }, signer := { certificate := { { version := 3, type_ := explicit (0), issuer := { sha256AndDigest := '827C527E1D518974'O }, toBeSigned := { id := { none_ := NULL }, cracaId := '000000'O, crlSeries := 0, validityPeriod := { start_ := 716384398, duration := { hours := 24 } }, region := omit, assuranceLevel := omit, appPermissions := { { psid := 36, ssp := { bitmapSsp := '01FFFC'O } }, { psid := 37, ssp := { bitmapSsp := '01FFFFFF'O } }, { psid := 141, ssp := omit }, { psid := 638, ssp := { bitmapSsp := '01'O } } }, certIssuePermissions := omit, certRequestPermissions := omit, canRequestRollover := omit, encryptionKey := omit, verifyKeyIndicator := { verificationKey := { ecdsaNistP256 := { compressed_y_0 := '5BE8B782049A72E3F51B3DE989F950662B8BED4645F1A09B0285C30732421DA4'O } } }, flags := omit, appExtensions := omit, certIssueExtensions := omit, certRequestExtension := omit }, signature_ := { ecdsaNistP256Signature := { rSig := { x_only := '7EF2BE34648CD26A11A83CE11F4C5C4C3D6F9A77E7FE4FECD4640CF4A1BDD840'O }, sSig := '06C63EBBAF9CAD69168BED4F98C3C18AD4B69FEF6DB569CF82A9868B75F6649D'O } } } } }, signature_ := { ecdsaNistP256Signature := { rSig := { x_only := '38BC2722EB3C70C6B1A4B59A02F077410AFCE37E3070F1AA5F6C59E3F50A8396'O }, sSig := '68E84C52245C58BF2358C3694E22ED9BBBA8C2FE66594C95138800410DE33A7C'O } } } } } } }, macDestinationAddress := 'FFFFFFFFFFFF'O, ssp := '000000011111111111111100'B, its_aid := 36 } id 3
14:26:05.624992 Receive operation on port geoNetworkingPort succeeded, message from system(): @LibItsGeoNetworking_TypesAndValues.GeoNetworkingInd: { msgIn := { basicHeader := { version := 1, nextHeader := e_securedPacket (2), reserved := 0, lifeTime := { multiplier := 6, ltBase := e_10s (2) }, routerHopLimit := 1 }, gnPacket := { packet := { commonHeader := { nextHeader := e_btpB (2), reserved := 0, headerTST := { tsbHdr := { headerType := e_topologicallyScopedBroadcast (5), headerSubType := e_singleHop (0) } }, trafficClass := { scf := e_scfDisabled (0), channelOffload := e_choffDisabled (0), tcId := 0 }, flags := '10000000'B, plLength := 30, maxHopLimit := 1, reserved2 := 0 }, extendedHeader := { shbHeader := { srcPosVector := { gnAddr := { typeOfAddress := e_initial (0), stationType := e_unknown (0), reserved := 0, mid := '020000000001'O }, timestamp_ := 3422599486, latitude := 520000000, longitude := 130000000, pai := '0'B, speed := 0, heading := 0 }, reserved := 0 } }, payload := '07D1000002020000002A0000005A946F600E612ED01FFFFFFC23B7743E80'O }, securedMsg := { protocolVersion := 3, content := { signedData := { hashId := sha256 (0), tbsData := { payload := { data := { protocolVersion := 3, content := { unsecuredData := '20500080001E01000000020000000001CC00B93E1EFE920007BFA480000000000000000007D1000002020000002A0000005A946F600E612ED01FFFFFFC23B7743E80'O } }, extDataHash := omit, omitted := omit }, headerInfo := { psid := 36, generationTime := 716387170622400, expiryTime := omit, generationLocation := omit, p2pcdLearningRequest := omit, missingCrlIdentifier := omit, encryptionKey := omit, inlineP2pcdRequest := omit, requestedCertificate := omit, pduFunctionalType := omit, contributedExtensions := omit } }, signer := { certificate := { { version := 3, type_ := explicit (0), issuer := { sha256AndDigest := '827C527E1D518974'O }, toBeSigned := { id := { none_ := NULL }, cracaId := '000000'O, crlSeries := 0, validityPeriod := { start_ := 716384398, duration := { hours := 24 } }, region := omit, assuranceLevel := omit, appPermissions := { { psid := 36, ssp := { bitmapSsp := '01FFFC'O } }, { psid := 37, ssp := { bitmapSsp := '01FFFFFF'O } }, { psid := 141, ssp := omit }, { psid := 638, ssp := { bitmapSsp := '01'O } } }, certIssuePermissions := omit, certRequestPermissions := omit, canRequestRollover := omit, encryptionKey := omit, verifyKeyIndicator := { verificationKey := { ecdsaNistP256 := { compressed_y_0 := '5BE8B782049A72E3F51B3DE989F950662B8BED4645F1A09B0285C30732421DA4'O } } }, flags := omit, appExtensions := omit, certIssueExtensions := omit, certRequestExtension := omit }, signature_ := { ecdsaNistP256Signature := { rSig := { x_only := '7EF2BE34648CD26A11A83CE11F4C5C4C3D6F9A77E7FE4FECD4640CF4A1BDD840'O }, sSig := '06C63EBBAF9CAD69168BED4F98C3C18AD4B69FEF6DB569CF82A9868B75F6649D'O } } } } }, signature_ := { ecdsaNistP256Signature := { rSig := { x_only := '38BC2722EB3C70C6B1A4B59A02F077410AFCE37E3070F1AA5F6C59E3F50A8396'O }, sSig := '68E84C52245C58BF2358C3694E22ED9BBBA8C2FE66594C95138800410DE33A7C'O } } } } } } }, macDestinationAddress := 'FFFFFFFFFFFF'O, ssp := '000000011111111111111100'B, its_aid := 36 } id 3
14:26:05.625028 Message with id 3 was extracted from the queue of geoNetworkingPort.
14:26:05.625036 *** a_default: WARNING: Received an unexpected message ***
14:26:05.625042 Default with id 4 (altstep a_neighbourDefault) has reached a break statement. Skipping current alt statement or receiving operation.
14:26:05.924737 Timeout t: 0.5 s
14:26:05.924825 Creating new alive PTC with component type LibItsDenm_TestSystem.ItsDenm, component name: DENM Trigger.
14:26:05.926647 PTC was created. Component reference: 3, alive: yes, type: LibItsDenm_TestSystem.ItsDenm, component name: DENM Trigger.
14:26:05.926698 Starting function fb_secTriggerDenmEvent() on component DENM Trigger(3).
14:26:05.926931 Function was started.
14:26:05.929280 PTC with component reference 3 is done.
14:26:05.929325 **** f_selfSync: Successfully passed PREAMBLE synchronization point. ****
14:26:05.929335 Start timer tc_ac: 30 s
14:26:06.023238 security_services_its::process_ieee_1609_dot2_signed_data: generation time check 716387171022269 / 716387166023238, delta = 4999031.000000, comp = 0
14:26:06.023727 Message enqueued on geoNetworkingPort from system @LibItsGeoNetworking_TypesAndValues.GeoNetworkingInd : { msgIn := { basicHeader := { version := 1, nextHeader := e_securedPacket (2), reserved := 0, lifeTime := { multiplier := 6, ltBase := e_10s (2) }, routerHopLimit := 10 }, gnPacket := { packet := { commonHeader := { nextHeader := e_btpB (2), reserved := 0, headerTST := { geoBroadcastHdr := { headerType := e_geoBroadcast (4), headerSubType := e_geoBroadcastCircle (0) } }, trafficClass := { scf := e_scfDisabled (0), channelOffload := e_choffDisabled (0), tcId := 0 }, flags := '10000000'B, plLength := 44, maxHopLimit := 10, reserved2 := 0 }, extendedHeader := { geoBroadcastHeader := { seqNumber := 0, reserved := 0, srcPosVector := { gnAddr := { typeOfAddress := e_initial (0), stationType := e_unknown (0), reserved := 0, mid := '020000000001'O }, timestamp_ := 3422599886, latitude := 520000000, longitude := 130000000, pai := '0'B, speed := 0, heading := 0 }, geoAreaPosLatitude := 520000000, geoAreaPosLongitude := 130000000, distanceA := 500, distanceB := 0, angle := 0, reserved2 := 0 } }, payload := '07D2000002010000002A0000000015000094D9801759C5366005D6754A37B0073097680FFFFFFE11DBBA1F00'O }, securedMsg := { protocolVersion := 3, content := { signedData := { hashId := sha256 (0), tbsData := { payload := { data := { protocolVersion := 3, content := { unsecuredData := '20400080002C0A00000000000000020000000001CC00BACE1EFE920007BFA480000000001EFE920007BFA48001F400000000000007D2000002010000002A0000000015000094D9801759C5366005D6754A37B0073097680FFFFFFE11DBBA1F00'O } }, extDataHash := omit, omitted := omit }, headerInfo := { psid := 37, generationTime := 716387171022269, expiryTime := omit, generationLocation := { latitude := 520000000, longitude := 130000000, elevation := 4096 }, p2pcdLearningRequest := omit, missingCrlIdentifier := omit, encryptionKey := omit, inlineP2pcdRequest := omit, requestedCertificate := omit, pduFunctionalType := omit, contributedExtensions := omit } }, signer := { certificate := { { version := 3, type_ := explicit (0), issuer := { sha256AndDigest := '827C527E1D518974'O }, toBeSigned := { id := { none_ := NULL }, cracaId := '000000'O, crlSeries := 0, validityPeriod := { start_ := 716384398, duration := { hours := 24 } }, region := omit, assuranceLevel := omit, appPermissions := { { psid := 36, ssp := { bitmapSsp := '01FFFC'O } }, { psid := 37, ssp := { bitmapSsp := '01FFFFFF'O } }, { psid := 141, ssp := omit }, { psid := 638, ssp := { bitmapSsp := '01'O } } }, certIssuePermissions := omit, certRequestPermissions := omit, canRequestRollover := omit, encryptionKey := omit, verifyKeyIndicator := { verificationKey := { ecdsaNistP256 := { compressed_y_0 := '5BE8B782049A72E3F51B3DE989F950662B8BED4645F1A09B0285C30732421DA4'O } } }, flags := omit, appExtensions := omit, certIssueExtensions := omit, certRequestExtension := omit }, signature_ := { ecdsaNistP256Signature := { rSig := { x_only := '7EF2BE34648CD26A11A83CE11F4C5C4C3D6F9A77E7FE4FECD4640CF4A1BDD840'O }, sSig := '06C63EBBAF9CAD69168BED4F98C3C18AD4B69FEF6DB569CF82A9868B75F6649D'O } } } } }, signature_ := { ecdsaNistP256Signature := { rSig := { x_only := '2491E716A3B20B93354D9D2C6458C93B46D191A45DC2E69933639CDD7BFB7B80'O }, sSig := '053C8EAA16D4A3414504AE7DE70DAD02CB61056E93C17366EC214B865543E1A4'O } } } } } } }, macDestinationAddress := 'FFFFFFFFFFFF'O, ssp := '00000001111111111111111111111111'B, its_aid := 37 } id 4
14:26:06.023903 Receive operation on port geoNetworkingPort succeeded, message from system(): @LibItsGeoNetworking_TypesAndValues.GeoNetworkingInd : { msgIn := { basicHeader := { version := 1, nextHeader := e_securedPacket (2), reserved := 0, lifeTime := { multiplier := 6, ltBase := e_10s (2) }, routerHopLimit := 10 }, gnPacket := { packet := { commonHeader := { nextHeader := e_btpB (2), reserved := 0, headerTST := { geoBroadcastHdr := { headerType := e_geoBroadcast (4), headerSubType := e_geoBroadcastCircle (0) } }, trafficClass := { scf := e_scfDisabled (0), channelOffload := e_choffDisabled (0), tcId := 0 }, flags := '10000000'B, plLength := 44, maxHopLimit := 10, reserved2 := 0 }, extendedHeader := { geoBroadcastHeader := { seqNumber := 0, reserved := 0, srcPosVector := { gnAddr := { typeOfAddress := e_initial (0), stationType := e_unknown (0), reserved := 0, mid := '020000000001'O }, timestamp_ := 3422599886, latitude := 520000000, longitude := 130000000, pai := '0'B, speed := 0, heading := 0 }, geoAreaPosLatitude := 520000000, geoAreaPosLongitude := 130000000, distanceA := 500, distanceB := 0, angle := 0, reserved2 := 0 } }, payload := '07D2000002010000002A0000000015000094D9801759C5366005D6754A37B0073097680FFFFFFE11DBBA1F00'O }, securedMsg := { protocolVersion := 3, content := { signedData := { hashId := sha256 (0), tbsData := { payload := { data := { protocolVersion := 3, content := { unsecuredData := '20400080002C0A00000000000000020000000001CC00BACE1EFE920007BFA480000000001EFE920007BFA48001F400000000000007D2000002010000002A0000000015000094D9801759C5366005D6754A37B0073097680FFFFFFE11DBBA1F00'O } }, extDataHash := omit, omitted := omit }, headerInfo := { psid := 37, generationTime := 716387171022269, expiryTime := omit, generationLocation := { latitude := 520000000, longitude := 130000000, elevation := 4096 }, p2pcdLearningRequest := omit, missingCrlIdentifier := omit, encryptionKey := omit, inlineP2pcdRequest := omit, requestedCertificate := omit, pduFunctionalType := omit, contributedExtensions := omit } }, signer := { certificate := { { version := 3, type_ := explicit (0), issuer := { sha256AndDigest := '827C527E1D518974'O }, toBeSigned := { id := { none_ := NULL }, cracaId := '000000'O, crlSeries := 0, validityPeriod := { start_ := 716384398, duration := { hours := 24 } }, region := omit, assuranceLevel := omit, appPermissions := { { psid := 36, ssp := { bitmapSsp := '01FFFC'O } }, { psid := 37, ssp := { bitmapSsp := '01FFFFFF'O } }, { psid := 141, ssp := omit }, { psid := 638, ssp := { bitmapSsp := '01'O } } }, certIssuePermissions := omit, certRequestPermissions := omit, canRequestRollover := omit, encryptionKey := omit, verifyKeyIndicator := { verificationKey := { ecdsaNistP256 := { compressed_y_0 := '5BE8B782049A72E3F51B3DE989F950662B8BED4645F1A09B0285C30732421DA4'O } } }, flags := omit, appExtensions := omit, certIssueExtensions := omit, certRequestExtension := omit }, signature_ := { ecdsaNistP256Signature := { rSig := { x_only := '7EF2BE34648CD26A11A83CE11F4C5C4C3D6F9A77E7FE4FECD4640CF4A1BDD840'O }, sSig := '06C63EBBAF9CAD69168BED4F98C3C18AD4B69FEF6DB569CF82A9868B75F6649D'O } } } } }, signature_ := { ecdsaNistP256Signature := { rSig := { x_only := '2491E716A3B20B93354D9D2C6458C93B46D191A45DC2E69933639CDD7BFB7B80'O }, sSig := '053C8EAA16D4A3414504AE7DE70DAD02CB61056E93C17366EC214B865543E1A4'O } } } } } } }, macDestinationAddress := 'FFFFFFFFFFFF'O, ssp := '00000001111111111111111111111111'B, its_aid := 37 } id 4
14:26:06.023928 Message with id 4 was extracted from the queue of geoNetworkingPort.
14:26:06.023961 Stop timer tc_ac: 30 s
14:26:06.023973 *** TC_SEC_ITSS_SND_DENM_01_BV: PASS: The DEN message is secured
14:26:06.023979 setverdict(pass): none -> pass
14:26:06.024019 **** f_selfSync: Successfully passed TEST BODY synchronization point. ****
14:26:06.024025 Starting function fb_secCancelDenmEvent() on component DENM Trigger(3).
14:26:06.024193 Function was started.
14:26:06.025005 PTC with component reference 3 is done.
14:26:06.025052 Killing PTC with component reference 3.
14:26:06.025502 PTC with component reference 3 is killed.
14:26:06.025520 Sent on acPort to system @LibItsGeoNetworking_TypesAndValues.AcGnPrimitive : { stopBeaconing := { } }
14:26:06.025528 Default with id 4 (altstep a_neighbourDefault) was deactivated.
14:26:06.025541 Sent on acPort to system @LibItsCommon_TypesAndValues.AcSecPrimitive : { acDisableSecurity := { disable := true } }
14:26:06.025546 Message enqueued on acPort from system @LibItsCommon_TypesAndValues.AdapterControlResults : { acSecResponse := true } id 2
14:26:06.025552 Start timer tc_ac: 30 s
14:26:06.025561 Receive operation on port acPort succeeded, message from system(): @LibItsCommon_TypesAndValues.AdapterControlResults : { acSecResponse := true } id 2
14:26:06.025566 Message with id 2 was extracted from the queue of acPort.
14:26:06.025570 Stop timer tc_ac: 30 s
14:26:06.025574 Unmapping port mtc:acPort from system:acPort.
14:26:06.025661 Port acPort was unmapped from system:acPort.
14:26:06.025748 Unmap operation of mtc:acPort from system:acPort finished.
14:26:06.025763 Unmapping port mtc:utPort from system:utPort.
14:26:06.025834 Port utPort was unmapped from system:utPort.
14:26:06.025945 Unmap operation of mtc:utPort from system:utPort finished.
14:26:06.025968 Unmapping port mtc:geoNetworkingPort from system:geoNetworkingPort.
14:26:06.026045 Port geoNetworkingPort was unmapped from system:geoNetworkingPort.
14:26:06.026110 Unmap operation of mtc:geoNetworkingPort from system:geoNetworkingPort finished.
14:26:06.026118 Disconnecting ports mtc:syncSendPort and mtc:syncPort.
14:26:06.026223 Port syncSendPort has terminated the connection with local port syncPort.
14:26:06.026244 Port syncPort has terminated the connection with local port syncSendPort.
14:26:06.026304 Disconnect operation on mtc:syncSendPort and mtc:syncPort finished.
14:26:06.026312 Terminating component type LibItsGeoNetworking_TestSystem.ItsGeoNetworking.
14:26:06.026317 Default with id 1 (altstep a_cf01Down) was deactivated.
14:26:06.026321 Default with id 2 (altstep a_default) was deactivated.
14:26:06.026324 Default with id 3 (altstep a_utDefault) was deactivated.
14:26:06.026327 Port syncSendPort was stopped.
14:26:06.026331 Port syncPort was stopped.
14:26:06.026334 Port utPort was stopped.
14:26:06.026336 Port acPort was stopped.
14:26:06.026339 Port geoNetworkingPort was stopped.
14:26:06.026342 Component type LibItsGeoNetworking_TestSystem.ItsGeoNetworking was shut down inside testcase TC_SEC_ITSS_SND_DENM_01_BV.
14:26:06.026346 Waiting for PTCs to finish.
14:26:06.026428 Setting final verdict of the test case.
14:26:06.026449 Local verdict of MTC: pass
14:26:06.026458 Local verdict of PTC DENM Trigger(3): none (pass -> pass)
14:26:06.026467 Test case TC_SEC_ITSS_SND_DENM_01_BV finished. Verdict: pass
14:26:06.026563 Executing test case TC_SEC_ITSS_SND_DENM_02_BV in module ItsSecurity_TestCases.
14:26:06.026622 Test case TC_SEC_ITSS_SND_DENM_02_BV started.
14:26:06.026630 Initializing variables, timers and ports of component type LibItsGeoNetworking_TestSystem.ItsGeoNetworking inside testcase TC_SEC_ITSS_SND_DENM_02_BV.
14:26:06.026673 Port syncSendPort was started.
14:26:06.026678 Port syncPort was started.
14:26:06.026681 Port utPort was started.
14:26:06.026684 Port acPort was started.
14:26:06.026686 Port geoNetworkingPort was started.
14:26:06.026689 Component type LibItsGeoNetworking_TestSystem.ItsGeoNetworking was initialized.
14:26:06.026694 Mapping port mtc:acPort to system:acPort.
14:26:06.026846 Port acPort was mapped to system:acPort.
14:26:06.026949 Map operation of mtc:acPort to system:acPort finished.
14:26:06.026970 Mapping port mtc:utPort to system:utPort.
14:26:06.027188 Port utPort was mapped to system:utPort.
14:26:06.027256 Map operation of mtc:utPort to system:utPort finished.
14:26:06.027264 Mapping port mtc:geoNetworkingPort to system:geoNetworkingPort.
14:26:06.027501 security_services_its::setup: Already done
14:26:06.027555 Port geoNetworkingPort was mapped to system:geoNetworkingPort.
14:26:06.027637 Map operation of mtc:geoNetworkingPort to system:geoNetworkingPort finished.
14:26:06.027646 Connecting ports mtc:syncSendPort and mtc:syncPort.
14:26:06.027715 Port syncPort has established the connection with local port syncSendPort.
14:26:06.027722 Port syncSendPort has established the connection with local port syncPort.
14:26:06.027781 Connect operation on mtc:syncSendPort and mtc:syncPort finished.
14:26:06.027789 Altstep a_cf01Down was activated as default, id 1
14:26:06.027800 security_services_its::setup: Already done
14:26:06.027886 Selected issuer: '99B8BAAD5A396D5F'O
14:26:06.027972 Sent on utPort to system @LibItsGeoNetworking_TypesAndValues.UtGnInitialize : { hashedId8 := '6A96F4C09905CF42'O }
14:26:06.028833 Message enqueued on utPort from system @LibItsGeoNetworking_TypesAndValues.UtGnResults : { utGnInitializeResult := true } id 1
14:26:06.028863 Start timer tc_wait: 120 s
14:26:06.028880 Receive operation on port utPort succeeded, message from system(): @LibItsGeoNetworking_TypesAndValues.UtGnResults : { utGnInitializeResult := true } id 1
14:26:06.028886 Message with id 1 was extracted from the queue of utPort.
14:26:06.028890 Stop timer tc_wait: 120 s
14:26:06.028894 *** f_utInitializeIut: INFO: IUT initialized ***
14:26:06.028898 Start timer t: 1 s
14:26:06.129343 security_services_its::process_ieee_1609_dot2_signed_data: generation time check 716387171127758 / 716387166129342, delta = 4998416.000000, comp = 0
14:26:06.130268 Message enqueued on geoNetworkingPort from system @LibItsGeoNetworking_TypesAndValues.GeoNetworkingInd : { msgIn := { basicHeader := { version := 1, nextHeader := e_securedPacket (2), reserved := 0, lifeTime := { multiplier := 6, ltBase := e_10s (2) }, routerHopLimit := 1 }, gnPacket := { packet := { commonHeader := { nextHeader := e_btpB (2), reserved := 0, headerTST := { tsbHdr := { headerType := e_topologicallyScopedBroadcast (5), headerSubType := e_singleHop (0) } }, trafficClass := { scf := e_scfDisabled (0), channelOffload := e_choffDisabled (0), tcId := 0 }, flags := '10000000'B, plLength := 30, maxHopLimit := 1, reserved2 := 0 }, extendedHeader := { shbHeader := { srcPosVector := { gnAddr := { typeOfAddress := e_initial (0), stationType := e_unknown (0), reserved := 0, mid := '020000000001'O }, timestamp_ := 3422599991, latitude := 520000000, longitude := 130000000, pai := '0'B, speed := 0, heading := 0 }, reserved := 0 } }, payload := '07D1000002020000002A0000005A946F600E612ED01FFFFFFC23B7743E80'O }, securedMsg := { protocolVersion := 3, content := { signedData := { hashId := sha256 (0), tbsData := { payload := { data := { protocolVersion := 3, content := { unsecuredData := '20500080001E01000000020000000001CC00BB371EFE920007BFA480000000000000000007D1000002020000002A0000005A946F600E612ED01FFFFFFC23B7743E80'O } }, extDataHash := omit, omitted := omit }, headerInfo := { psid := 36, generationTime := 716387171127758, expiryTime := omit, generationLocation := omit, p2pcdLearningRequest := omit, missingCrlIdentifier := omit, encryptionKey := omit, inlineP2pcdRequest := omit, requestedCertificate := omit, pduFunctionalType := omit, contributedExtensions := omit } }, signer := { certificate := { { version := 3, type_ := explicit (0), issuer := { sha256AndDigest := '827C527E1D518974'O }, toBeSigned := { id := { none_ := NULL }, cracaId := '000000'O, crlSeries := 0, validityPeriod := { start_ := 716384398, duration := { hours := 24 } }, region := omit, assuranceLevel := omit, appPermissions := { { psid := 36, ssp := { bitmapSsp := '01FFFC'O } }, { psid := 37, ssp := { bitmapSsp := '01FFFFFF'O } }, { psid := 141, ssp := omit }, { psid := 638, ssp := { bitmapSsp := '01'O } } }, certIssuePermissions := omit, certRequestPermissions := omit, canRequestRollover := omit, encryptionKey := omit, verifyKeyIndicator := { verificationKey := { ecdsaNistP256 := { compressed_y_0 := '5BE8B782049A72E3F51B3DE989F950662B8BED4645F1A09B0285C30732421DA4'O } } }, flags := omit, appExtensions := omit, certIssueExtensions := omit, certRequestExtension := omit }, signature_ := { ecdsaNistP256Signature := { rSig := { x_only := '7EF2BE34648CD26A11A83CE11F4C5C4C3D6F9A77E7FE4FECD4640CF4A1BDD840'O }, sSig := '06C63EBBAF9CAD69168BED4F98C3C18AD4B69FEF6DB569CF82A9868B75F6649D'O } } } } }, signature_ := { ecdsaNistP256Signature := { rSig := { x_only := 'C3DDF45F6C0A1F0F990B504CFA8C1D0322C3A5D3B8908731F47526D73F283FFE'O }, sSig := '44DD50CE9DBE408CB85B91DDBB6870FEF2E729C5C9D4424A5AC52856253A4D52'O } } } } } } }, macDestinationAddress := 'FFFFFFFFFFFF'O, ssp := '000000011111111111111100'B, its_aid := 36 } id 1
14:26:07.028904 Timeout t: 1 s
14:26:07.029021 Sent on acPort to system @LibItsGeoNetworking_TypesAndValues.AcGnPrimitive : { getLongPosVector := { gnAddress := { typeOfAddress := e_initial (0), stationType := e_unknown (0), reserved := 0, mid := '020000000001'O } } }
14:26:07.029050 Message enqueued on acPort from system @LibItsGeoNetworking_TypesAndValues.AcGnResponse : { getLongPosVector := { gnAddr := { typeOfAddress := e_initial (0), stationType := e_unknown (0), reserved := 0, mid := '020000000001'O }, timestamp_ := 0, latitude := 520000000, longitude := 130000000, pai := '0'B, speed := 0, heading := 0 } } id 1
14:26:07.029067 Start timer tc_ac: 30 s
14:26:07.029102 Receive operation on port acPort succeeded, message from system(): @LibItsGeoNetworking_TypesAndValues.AcGnResponse : { getLongPosVector := { gnAddr := { typeOfAddress := e_initial (0), stationType := e_unknown (0), reserved := 0, mid := '020000000001'O }, timestamp_ := 0, latitude := 520000000, longitude := 130000000, pai := '0'B, speed := 0, heading := 0 } } id 1
14:26:07.029129 Message with id 1 was extracted from the queue of acPort.
14:26:07.029139 Stop timer tc_ac: 30 s
14:26:07.029230 Altstep a_default was activated as default, id 2
14:26:07.029239 Altstep a_utDefault was activated as default, id 3
14:26:07.029245 Altstep a_neighbourDefault was activated as default, id 4
14:26:07.029412 Sent on acPort to system @LibItsGeoNetworking_TypesAndValues.AcGnPrimitive : { startBeaconing := { beaconPacket := { basicHeader := { version := 1, nextHeader := e_commonHeader (1), reserved := 0, lifeTime := { multiplier := 10, ltBase := e_100s (3) }, routerHopLimit := 1 }, gnPacket := { packet := { commonHeader := { nextHeader := e_any (0), reserved := 0, headerTST := { beaconHdr := { headerType := e_beacon (1), headerSubType := 0 } }, trafficClass := { scf := e_scfEnabled (1), channelOffload := e_choffDisabled (0), tcId := 0 }, flags := '00000000'B, plLength := 0, maxHopLimit := 1, reserved2 := 0 }, extendedHeader := { beaconHeader := { srcPosVector := { gnAddr := { typeOfAddress := e_manual (1), stationType := e_passengerCar (5), reserved := 0, mid := '00000000000B'O }, timestamp_ := 3422594893, latitude := 520020000, longitude := 130000000, pai := '1'B, speed := 0, heading := 0 } } }, payload := omit }, securedMsg := omit } } } }
14:26:07.029783 Start timer t: 1 s
14:26:07.228479 security_services_its::process_ieee_1609_dot2_signed_data: generation time check 716387172227574 / 716387167228478, delta = 4999096.000000, comp = 0
14:26:07.228941 Message enqueued on geoNetworkingPort from system @LibItsGeoNetworking_TypesAndValues.GeoNetworkingInd : { msgIn := { basicHeader := { version := 1, nextHeader := e_securedPacket (2), reserved := 0, lifeTime := { multiplier := 6, ltBase := e_10s (2) }, routerHopLimit := 1 }, gnPacket := { packet := { commonHeader := { nextHeader := e_btpB (2), reserved := 0, headerTST := { tsbHdr := { headerType := e_topologicallyScopedBroadcast (5), headerSubType := e_singleHop (0) } }, trafficClass := { scf := e_scfDisabled (0), channelOffload := e_choffDisabled (0), tcId := 0 }, flags := '10000000'B, plLength := 30, maxHopLimit := 1, reserved2 := 0 }, extendedHeader := { shbHeader := { srcPosVector := { gnAddr := { typeOfAddress := e_initial (0), stationType := e_unknown (0), reserved := 0, mid := '020000000001'O }, timestamp_ := 3422601091, latitude := 520000000, longitude := 130000000, pai := '0'B, speed := 0, heading := 0 }, reserved := 0 } }, payload := '07D1000002020000002A0000005A946F600E612ED01FFFFFFC23B7743E80'O }, securedMsg := { protocolVersion := 3, content := { signedData := { hashId := sha256 (0), tbsData := { payload := { data := { protocolVersion := 3, content := { unsecuredData := '20500080001E01000000020000000001CC00BF831EFE920007BFA480000000000000000007D1000002020000002A0000005A946F600E612ED01FFFFFFC23B7743E80'O } }, extDataHash := omit, omitted := omit }, headerInfo := { psid := 36, generationTime := 716387172227574, expiryTime := omit, generationLocation := omit, p2pcdLearningRequest := omit, missingCrlIdentifier := omit, encryptionKey := omit, inlineP2pcdRequest := omit, requestedCertificate := omit, pduFunctionalType := omit, contributedExtensions := omit } }, signer := { certificate := { { version := 3, type_ := explicit (0), issuer := { sha256AndDigest := '827C527E1D518974'O }, toBeSigned := { id := { none_ := NULL }, cracaId := '000000'O, crlSeries := 0, validityPeriod := { start_ := 716384398, duration := { hours := 24 } }, region := omit, assuranceLevel := omit, appPermissions := { { psid := 36, ssp := { bitmapSsp := '01FFFC'O } }, { psid := 37, ssp := { bitmapSsp := '01FFFFFF'O } }, { psid := 141, ssp := omit }, { psid := 638, ssp := { bitmapSsp := '01'O } } }, certIssuePermissions := omit, certRequestPermissions := omit, canRequestRollover := omit, encryptionKey := omit, verifyKeyIndicator := { verificationKey := { ecdsaNistP256 := { compressed_y_0 := '5BE8B782049A72E3F51B3DE989F950662B8BED4645F1A09B0285C30732421DA4'O } } }, flags := omit, appExtensions := omit, certIssueExtensions := omit, certRequestExtension := omit }, signature_ := { ecdsaNistP256Signature := { rSig := { x_only := '7EF2BE34648CD26A11A83CE11F4C5C4C3D6F9A77E7FE4FECD4640CF4A1BDD840'O }, sSig := '06C63EBBAF9CAD69168BED4F98C3C18AD4B69FEF6DB569CF82A9868B75F6649D'O } } } } }, signature_ := { ecdsaNistP256Signature := { rSig := { x_only := '9ABA5FC78C26B9709C44ADED28C76C856F84C66C3A9E56516CEE15C7EAA761EB'O }, sSig := '8093A6CFDCDCDF8DCC6543D85E8B64E7B51C8443AEFAD23ED7024A423085146E'O } } } } } } }, macDestinationAddress := 'FFFFFFFFFFFF'O, ssp := '000000011111111111111100'B, its_aid := 36 } id 2
14:26:08.029832 Timeout t: 1 s
14:26:08.029883 Start timer t: 0.5 s
14:26:08.030068 Receive operation on port geoNetworkingPort succeeded, message from system(): @LibItsGeoNetworking_TypesAndValues.GeoNetworkingInd: { msgIn := { basicHeader := { version := 1, nextHeader := e_securedPacket (2), reserved := 0, lifeTime := { multiplier := 6, ltBase := e_10s (2) }, routerHopLimit := 1 }, gnPacket := { packet := { commonHeader := { nextHeader := e_btpB (2), reserved := 0, headerTST := { tsbHdr := { headerType := e_topologicallyScopedBroadcast (5), headerSubType := e_singleHop (0) } }, trafficClass := { scf := e_scfDisabled (0), channelOffload := e_choffDisabled (0), tcId := 0 }, flags := '10000000'B, plLength := 30, maxHopLimit := 1, reserved2 := 0 }, extendedHeader := { shbHeader := { srcPosVector := { gnAddr := { typeOfAddress := e_initial (0), stationType := e_unknown (0), reserved := 0, mid := '020000000001'O }, timestamp_ := 3422599991, latitude := 520000000, longitude := 130000000, pai := '0'B, speed := 0, heading := 0 }, reserved := 0 } }, payload := '07D1000002020000002A0000005A946F600E612ED01FFFFFFC23B7743E80'O }, securedMsg := { protocolVersion := 3, content := { signedData := { hashId := sha256 (0), tbsData := { payload := { data := { protocolVersion := 3, content := { unsecuredData := '20500080001E01000000020000000001CC00BB371EFE920007BFA480000000000000000007D1000002020000002A0000005A946F600E612ED01FFFFFFC23B7743E80'O } }, extDataHash := omit, omitted := omit }, headerInfo := { psid := 36, generationTime := 716387171127758, expiryTime := omit, generationLocation := omit, p2pcdLearningRequest := omit, missingCrlIdentifier := omit, encryptionKey := omit, inlineP2pcdRequest := omit, requestedCertificate := omit, pduFunctionalType := omit, contributedExtensions := omit } }, signer := { certificate := { { version := 3, type_ := explicit (0), issuer := { sha256AndDigest := '827C527E1D518974'O }, toBeSigned := { id := { none_ := NULL }, cracaId := '000000'O, crlSeries := 0, validityPeriod := { start_ := 716384398, duration := { hours := 24 } }, region := omit, assuranceLevel := omit, appPermissions := { { psid := 36, ssp := { bitmapSsp := '01FFFC'O } }, { psid := 37, ssp := { bitmapSsp := '01FFFFFF'O } }, { psid := 141, ssp := omit }, { psid := 638, ssp := { bitmapSsp := '01'O } } }, certIssuePermissions := omit, certRequestPermissions := omit, canRequestRollover := omit, encryptionKey := omit, verifyKeyIndicator := { verificationKey := { ecdsaNistP256 := { compressed_y_0 := '5BE8B782049A72E3F51B3DE989F950662B8BED4645F1A09B0285C30732421DA4'O } } }, flags := omit, appExtensions := omit, certIssueExtensions := omit, certRequestExtension := omit }, signature_ := { ecdsaNistP256Signature := { rSig := { x_only := '7EF2BE34648CD26A11A83CE11F4C5C4C3D6F9A77E7FE4FECD4640CF4A1BDD840'O }, sSig := '06C63EBBAF9CAD69168BED4F98C3C18AD4B69FEF6DB569CF82A9868B75F6649D'O } } } } }, signature_ := { ecdsaNistP256Signature := { rSig := { x_only := 'C3DDF45F6C0A1F0F990B504CFA8C1D0322C3A5D3B8908731F47526D73F283FFE'O }, sSig := '44DD50CE9DBE408CB85B91DDBB6870FEF2E729C5C9D4424A5AC52856253A4D52'O } } } } } } }, macDestinationAddress := 'FFFFFFFFFFFF'O, ssp := '000000011111111111111100'B, its_aid := 36 } id 1
14:26:08.030089 Message with id 1 was extracted from the queue of geoNetworkingPort.
14:26:08.030095 *** a_default: WARNING: Received an unexpected message ***
14:26:08.030099 Default with id 4 (altstep a_neighbourDefault) has reached a break statement. Skipping current alt statement or receiving operation.
14:26:08.030194 Receive operation on port geoNetworkingPort succeeded, message from system(): @LibItsGeoNetworking_TypesAndValues.GeoNetworkingInd: { msgIn := { basicHeader := { version := 1, nextHeader := e_securedPacket (2), reserved := 0, lifeTime := { multiplier := 6, ltBase := e_10s (2) }, routerHopLimit := 1 }, gnPacket := { packet := { commonHeader := { nextHeader := e_btpB (2), reserved := 0, headerTST := { tsbHdr := { headerType := e_topologicallyScopedBroadcast (5), headerSubType := e_singleHop (0) } }, trafficClass := { scf := e_scfDisabled (0), channelOffload := e_choffDisabled (0), tcId := 0 }, flags := '10000000'B, plLength := 30, maxHopLimit := 1, reserved2 := 0 }, extendedHeader := { shbHeader := { srcPosVector := { gnAddr := { typeOfAddress := e_initial (0), stationType := e_unknown (0), reserved := 0, mid := '020000000001'O }, timestamp_ := 3422601091, latitude := 520000000, longitude := 130000000, pai := '0'B, speed := 0, heading := 0 }, reserved := 0 } }, payload := '07D1000002020000002A0000005A946F600E612ED01FFFFFFC23B7743E80'O }, securedMsg := { protocolVersion := 3, content := { signedData := { hashId := sha256 (0), tbsData := { payload := { data := { protocolVersion := 3, content := { unsecuredData := '20500080001E01000000020000000001CC00BF831EFE920007BFA480000000000000000007D1000002020000002A0000005A946F600E612ED01FFFFFFC23B7743E80'O } }, extDataHash := omit, omitted := omit }, headerInfo := { psid := 36, generationTime := 716387172227574, expiryTime := omit, generationLocation := omit, p2pcdLearningRequest := omit, missingCrlIdentifier := omit, encryptionKey := omit, inlineP2pcdRequest := omit, requestedCertificate := omit, pduFunctionalType := omit, contributedExtensions := omit } }, signer := { certificate := { { version := 3, type_ := explicit (0), issuer := { sha256AndDigest := '827C527E1D518974'O }, toBeSigned := { id := { none_ := NULL }, cracaId := '000000'O, crlSeries := 0, validityPeriod := { start_ := 716384398, duration := { hours := 24 } }, region := omit, assuranceLevel := omit, appPermissions := { { psid := 36, ssp := { bitmapSsp := '01FFFC'O } }, { psid := 37, ssp := { bitmapSsp := '01FFFFFF'O } }, { psid := 141, ssp := omit }, { psid := 638, ssp := { bitmapSsp := '01'O } } }, certIssuePermissions := omit, certRequestPermissions := omit, canRequestRollover := omit, encryptionKey := omit, verifyKeyIndicator := { verificationKey := { ecdsaNistP256 := { compressed_y_0 := '5BE8B782049A72E3F51B3DE989F950662B8BED4645F1A09B0285C30732421DA4'O } } }, flags := omit, appExtensions := omit, certIssueExtensions := omit, certRequestExtension := omit }, signature_ := { ecdsaNistP256Signature := { rSig := { x_only := '7EF2BE34648CD26A11A83CE11F4C5C4C3D6F9A77E7FE4FECD4640CF4A1BDD840'O }, sSig := '06C63EBBAF9CAD69168BED4F98C3C18AD4B69FEF6DB569CF82A9868B75F6649D'O } } } } }, signature_ := { ecdsaNistP256Signature := { rSig := { x_only := '9ABA5FC78C26B9709C44ADED28C76C856F84C66C3A9E56516CEE15C7EAA761EB'O }, sSig := '8093A6CFDCDCDF8DCC6543D85E8B64E7B51C8443AEFAD23ED7024A423085146E'O } } } } } } }, macDestinationAddress := 'FFFFFFFFFFFF'O, ssp := '000000011111111111111100'B, its_aid := 36 } id 2
14:26:08.030203 Message with id 2 was extracted from the queue of geoNetworkingPort.
14:26:08.030206 *** a_default: WARNING: Received an unexpected message ***
14:26:08.030208 Default with id 4 (altstep a_neighbourDefault) has reached a break statement. Skipping current alt statement or receiving operation.
14:26:08.229534 security_services_its::process_ieee_1609_dot2_signed_data: generation time check 716387173227832 / 716387168229533, delta = 4998299.000000, comp = 0
14:26:08.230296 Message enqueued on geoNetworkingPort from system @LibItsGeoNetworking_TypesAndValues.GeoNetworkingInd : { msgIn := { basicHeader := { version := 1, nextHeader := e_securedPacket (2), reserved := 0, lifeTime := { multiplier := 6, ltBase := e_10s (2) }, routerHopLimit := 1 }, gnPacket := { packet := { commonHeader := { nextHeader := e_btpB (2), reserved := 0, headerTST := { tsbHdr := { headerType := e_topologicallyScopedBroadcast (5), headerSubType := e_singleHop (0) } }, trafficClass := { scf := e_scfDisabled (0), channelOffload := e_choffDisabled (0), tcId := 0 }, flags := '10000000'B, plLength := 30, maxHopLimit := 1, reserved2 := 0 }, extendedHeader := { shbHeader := { srcPosVector := { gnAddr := { typeOfAddress := e_initial (0), stationType := e_unknown (0), reserved := 0, mid := '020000000001'O }, timestamp_ := 3422602091, latitude := 520000000, longitude := 130000000, pai := '0'B, speed := 0, heading := 0 }, reserved := 0 } }, payload := '07D1000002020000002A0000005A946F600E612ED01FFFFFFC23B7743E80'O }, securedMsg := { protocolVersion := 3, content := { signedData := { hashId := sha256 (0), tbsData := { payload := { data := { protocolVersion := 3, content := { unsecuredData := '20500080001E01000000020000000001CC00C36B1EFE920007BFA480000000000000000007D1000002020000002A0000005A946F600E612ED01FFFFFFC23B7743E80'O } }, extDataHash := omit, omitted := omit }, headerInfo := { psid := 36, generationTime := 716387173227832, expiryTime := omit, generationLocation := omit, p2pcdLearningRequest := omit, missingCrlIdentifier := omit, encryptionKey := omit, inlineP2pcdRequest := omit, requestedCertificate := omit, pduFunctionalType := omit, contributedExtensions := omit } }, signer := { certificate := { { version := 3, type_ := explicit (0), issuer := { sha256AndDigest := '827C527E1D518974'O }, toBeSigned := { id := { none_ := NULL }, cracaId := '000000'O, crlSeries := 0, validityPeriod := { start_ := 716384398, duration := { hours := 24 } }, region := omit, assuranceLevel := omit, appPermissions := { { psid := 36, ssp := { bitmapSsp := '01FFFC'O } }, { psid := 37, ssp := { bitmapSsp := '01FFFFFF'O } }, { psid := 141, ssp := omit }, { psid := 638, ssp := { bitmapSsp := '01'O } } }, certIssuePermissions := omit, certRequestPermissions := omit, canRequestRollover := omit, encryptionKey := omit, verifyKeyIndicator := { verificationKey := { ecdsaNistP256 := { compressed_y_0 := '5BE8B782049A72E3F51B3DE989F950662B8BED4645F1A09B0285C30732421DA4'O } } }, flags := omit, appExtensions := omit, certIssueExtensions := omit, certRequestExtension := omit }, signature_ := { ecdsaNistP256Signature := { rSig := { x_only := '7EF2BE34648CD26A11A83CE11F4C5C4C3D6F9A77E7FE4FECD4640CF4A1BDD840'O }, sSig := '06C63EBBAF9CAD69168BED4F98C3C18AD4B69FEF6DB569CF82A9868B75F6649D'O } } } } }, signature_ := { ecdsaNistP256Signature := { rSig := { x_only := '7549F3E02A7A269E682E0755969AB1DBFC6F499C470130D2AAE4BC87A352728C'O }, sSig := 'A589CEEE11D035E5F3173C936A8B099FF7514E5C5A7784450B57F13C6499CD90'O } } } } } } }, macDestinationAddress := 'FFFFFFFFFFFF'O, ssp := '000000011111111111111100'B, its_aid := 36 } id 3
14:26:08.230619 Receive operation on port geoNetworkingPort succeeded, message from system(): @LibItsGeoNetworking_TypesAndValues.GeoNetworkingInd: { msgIn := { basicHeader := { version := 1, nextHeader := e_securedPacket (2), reserved := 0, lifeTime := { multiplier := 6, ltBase := e_10s (2) }, routerHopLimit := 1 }, gnPacket := { packet := { commonHeader := { nextHeader := e_btpB (2), reserved := 0, headerTST := { tsbHdr := { headerType := e_topologicallyScopedBroadcast (5), headerSubType := e_singleHop (0) } }, trafficClass := { scf := e_scfDisabled (0), channelOffload := e_choffDisabled (0), tcId := 0 }, flags := '10000000'B, plLength := 30, maxHopLimit := 1, reserved2 := 0 }, extendedHeader := { shbHeader := { srcPosVector := { gnAddr := { typeOfAddress := e_initial (0), stationType := e_unknown (0), reserved := 0, mid := '020000000001'O }, timestamp_ := 3422602091, latitude := 520000000, longitude := 130000000, pai := '0'B, speed := 0, heading := 0 }, reserved := 0 } }, payload := '07D1000002020000002A0000005A946F600E612ED01FFFFFFC23B7743E80'O }, securedMsg := { protocolVersion := 3, content := { signedData := { hashId := sha256 (0), tbsData := { payload := { data := { protocolVersion := 3, content := { unsecuredData := '20500080001E01000000020000000001CC00C36B1EFE920007BFA480000000000000000007D1000002020000002A0000005A946F600E612ED01FFFFFFC23B7743E80'O } }, extDataHash := omit, omitted := omit }, headerInfo := { psid := 36, generationTime := 716387173227832, expiryTime := omit, generationLocation := omit, p2pcdLearningRequest := omit, missingCrlIdentifier := omit, encryptionKey := omit, inlineP2pcdRequest := omit, requestedCertificate := omit, pduFunctionalType := omit, contributedExtensions := omit } }, signer := { certificate := { { version := 3, type_ := explicit (0), issuer := { sha256AndDigest := '827C527E1D518974'O }, toBeSigned := { id := { none_ := NULL }, cracaId := '000000'O, crlSeries := 0, validityPeriod := { start_ := 716384398, duration := { hours := 24 } }, region := omit, assuranceLevel := omit, appPermissions := { { psid := 36, ssp := { bitmapSsp := '01FFFC'O } }, { psid := 37, ssp := { bitmapSsp := '01FFFFFF'O } }, { psid := 141, ssp := omit }, { psid := 638, ssp := { bitmapSsp := '01'O } } }, certIssuePermissions := omit, certRequestPermissions := omit, canRequestRollover := omit, encryptionKey := omit, verifyKeyIndicator := { verificationKey := { ecdsaNistP256 := { compressed_y_0 := '5BE8B782049A72E3F51B3DE989F950662B8BED4645F1A09B0285C30732421DA4'O } } }, flags := omit, appExtensions := omit, certIssueExtensions := omit, certRequestExtension := omit }, signature_ := { ecdsaNistP256Signature := { rSig := { x_only := '7EF2BE34648CD26A11A83CE11F4C5C4C3D6F9A77E7FE4FECD4640CF4A1BDD840'O }, sSig := '06C63EBBAF9CAD69168BED4F98C3C18AD4B69FEF6DB569CF82A9868B75F6649D'O } } } } }, signature_ := { ecdsaNistP256Signature := { rSig := { x_only := '7549F3E02A7A269E682E0755969AB1DBFC6F499C470130D2AAE4BC87A352728C'O }, sSig := 'A589CEEE11D035E5F3173C936A8B099FF7514E5C5A7784450B57F13C6499CD90'O } } } } } } }, macDestinationAddress := 'FFFFFFFFFFFF'O, ssp := '000000011111111111111100'B, its_aid := 36 } id 3
14:26:08.230653 Message with id 3 was extracted from the queue of geoNetworkingPort.
14:26:08.230661 *** a_default: WARNING: Received an unexpected message ***
14:26:08.230668 Default with id 4 (altstep a_neighbourDefault) has reached a break statement. Skipping current alt statement or receiving operation.
14:26:09.178882 Timeout t: 0.5 s
14:26:09.178951 Creating new alive PTC with component type LibItsDenm_TestSystem.ItsDenm, component name: DENM Trigger.
14:26:09.180685 PTC was created. Component reference: 4, alive: yes, type: LibItsDenm_TestSystem.ItsDenm, component name: DENM Trigger.
14:26:09.180723 Starting function fb_secTriggerDenmEvent() on component DENM Trigger(4).
14:26:09.180874 Function was started.
14:26:09.182743 PTC with component reference 4 is done.
14:26:09.182763 **** f_selfSync: Successfully passed PREAMBLE synchronization point. ****
14:26:09.182771 Start timer tc_ac: 30 s
14:26:09.281102 security_services_its::process_ieee_1609_dot2_signed_data: generation time check 716387174278648 / 716387169281101, delta = 4997547.000000, comp = 0
14:26:09.281829 Message enqueued on geoNetworkingPort from system @LibItsGeoNetworking_TypesAndValues.GeoNetworkingInd : { msgIn := { basicHeader := { version := 1, nextHeader := e_securedPacket (2), reserved := 0, lifeTime := { multiplier := 6, ltBase := e_10s (2) }, routerHopLimit := 1 }, gnPacket := { packet := { commonHeader := { nextHeader := e_btpB (2), reserved := 0, headerTST := { tsbHdr := { headerType := e_topologicallyScopedBroadcast (5), headerSubType := e_singleHop (0) } }, trafficClass := { scf := e_scfDisabled (0), channelOffload := e_choffDisabled (0), tcId := 0 }, flags := '10000000'B, plLength := 30, maxHopLimit := 1, reserved2 := 0 }, extendedHeader := { shbHeader := { srcPosVector := { gnAddr := { typeOfAddress := e_initial (0), stationType := e_unknown (0), reserved := 0, mid := '020000000001'O }, timestamp_ := 3422603142, latitude := 520000000, longitude := 130000000, pai := '0'B, speed := 0, heading := 0 }, reserved := 0 } }, payload := '07D1000002020000002A0000005A946F600E612ED01FFFFFFC23B7743E80'O }, securedMsg := { protocolVersion := 3, content := { signedData := { hashId := sha256 (0), tbsData := { payload := { data := { protocolVersion := 3, content := { unsecuredData := '20500080001E01000000020000000001CC00C7861EFE920007BFA480000000000000000007D1000002020000002A0000005A946F600E612ED01FFFFFFC23B7743E80'O } }, extDataHash := omit, omitted := omit }, headerInfo := { psid := 36, generationTime := 716387174278648, expiryTime := omit, generationLocation := omit, p2pcdLearningRequest := omit, missingCrlIdentifier := omit, encryptionKey := omit, inlineP2pcdRequest := omit, requestedCertificate := omit, pduFunctionalType := omit, contributedExtensions := omit } }, signer := { certificate := { { version := 3, type_ := explicit (0), issuer := { sha256AndDigest := '827C527E1D518974'O }, toBeSigned := { id := { none_ := NULL }, cracaId := '000000'O, crlSeries := 0, validityPeriod := { start_ := 716384398, duration := { hours := 24 } }, region := omit, assuranceLevel := omit, appPermissions := { { psid := 36, ssp := { bitmapSsp := '01FFFC'O } }, { psid := 37, ssp := { bitmapSsp := '01FFFFFF'O } }, { psid := 141, ssp := omit }, { psid := 638, ssp := { bitmapSsp := '01'O } } }, certIssuePermissions := omit, certRequestPermissions := omit, canRequestRollover := omit, encryptionKey := omit, verifyKeyIndicator := { verificationKey := { ecdsaNistP256 := { compressed_y_0 := '5BE8B782049A72E3F51B3DE989F950662B8BED4645F1A09B0285C30732421DA4'O } } }, flags := omit, appExtensions := omit, certIssueExtensions := omit, certRequestExtension := omit }, signature_ := { ecdsaNistP256Signature := { rSig := { x_only := '7EF2BE34648CD26A11A83CE11F4C5C4C3D6F9A77E7FE4FECD4640CF4A1BDD840'O }, sSig := '06C63EBBAF9CAD69168BED4F98C3C18AD4B69FEF6DB569CF82A9868B75F6649D'O } } } } }, signature_ := { ecdsaNistP256Signature := { rSig := { x_only := 'CC35AB4ABBF50BF69E75C362ADF657B3CFC259FB4F280BCC7AA81D83065384B4'O }, sSig := 'F10CC724AFDD90228644694F6CADBEF4DF621F50DA2279F9CC38769908963509'O } } } } } } }, macDestinationAddress := 'FFFFFFFFFFFF'O, ssp := '000000011111111111111100'B, its_aid := 36 } id 4
14:26:09.281975 security_services_its::process_ieee_1609_dot2_signed_data: generation time check 716387174278648 / 716387169281975, delta = 4996673.000000, comp = 0
14:26:09.282558 Message enqueued on geoNetworkingPort from system @LibItsGeoNetworking_TypesAndValues.GeoNetworkingInd : { msgIn := { basicHeader := { version := 1, nextHeader := e_securedPacket (2), reserved := 0, lifeTime := { multiplier := 6, ltBase := e_10s (2) }, routerHopLimit := 10 }, gnPacket := { packet := { commonHeader := { nextHeader := e_btpB (2), reserved := 0, headerTST := { geoBroadcastHdr := { headerType := e_geoBroadcast (4), headerSubType := e_geoBroadcastCircle (0) } }, trafficClass := { scf := e_scfDisabled (0), channelOffload := e_choffDisabled (0), tcId := 0 }, flags := '10000000'B, plLength := 44, maxHopLimit := 10, reserved2 := 0 }, extendedHeader := { geoBroadcastHeader := { seqNumber := 0, reserved := 0, srcPosVector := { gnAddr := { typeOfAddress := e_initial (0), stationType := e_unknown (0), reserved := 0, mid := '020000000001'O }, timestamp_ := 3422603142, latitude := 520000000, longitude := 130000000, pai := '0'B, speed := 0, heading := 0 }, geoAreaPosLatitude := 520000000, geoAreaPosLongitude := 130000000, distanceA := 500, distanceB := 0, angle := 0, reserved2 := 0 } }, payload := '07D2000002010000002A0000000015000094D98018F0C53660063C354A37B0073097680FFFFFFE11DBBA1F00'O }, securedMsg := { protocolVersion := 3, content := { signedData := { hashId := sha256 (0), tbsData := { payload := { data := { protocolVersion := 3, content := { unsecuredData := '20400080002C0A00000000000000020000000001CC00C7861EFE920007BFA480000000001EFE920007BFA48001F400000000000007D2000002010000002A0000000015000094D98018F0C53660063C354A37B0073097680FFFFFFE11DBBA1F00'O } }, extDataHash := omit, omitted := omit }, headerInfo := { psid := 37, generationTime := 716387174278648, expiryTime := omit, generationLocation := { latitude := 520000000, longitude := 130000000, elevation := 4096 }, p2pcdLearningRequest := omit, missingCrlIdentifier := omit, encryptionKey := omit, inlineP2pcdRequest := omit, requestedCertificate := omit, pduFunctionalType := omit, contributedExtensions := omit } }, signer := { certificate := { { version := 3, type_ := explicit (0), issuer := { sha256AndDigest := '827C527E1D518974'O }, toBeSigned := { id := { none_ := NULL }, cracaId := '000000'O, crlSeries := 0, validityPeriod := { start_ := 716384398, duration := { hours := 24 } }, region := omit, assuranceLevel := omit, appPermissions := { { psid := 36, ssp := { bitmapSsp := '01FFFC'O } }, { psid := 37, ssp := { bitmapSsp := '01FFFFFF'O } }, { psid := 141, ssp := omit }, { psid := 638, ssp := { bitmapSsp := '01'O } } }, certIssuePermissions := omit, certRequestPermissions := omit, canRequestRollover := omit, encryptionKey := omit, verifyKeyIndicator := { verificationKey := { ecdsaNistP256 := { compressed_y_0 := '5BE8B782049A72E3F51B3DE989F950662B8BED4645F1A09B0285C30732421DA4'O } } }, flags := omit, appExtensions := omit, certIssueExtensions := omit, certRequestExtension := omit }, signature_ := { ecdsaNistP256Signature := { rSig := { x_only := '7EF2BE34648CD26A11A83CE11F4C5C4C3D6F9A77E7FE4FECD4640CF4A1BDD840'O }, sSig := '06C63EBBAF9CAD69168BED4F98C3C18AD4B69FEF6DB569CF82A9868B75F6649D'O } } } } }, signature_ := { ecdsaNistP256Signature := { rSig := { x_only := 'FA765388750B6331FDEDAD6880CBBBE21BF04EC60A988A4CB584C13920B30484'O }, sSig := 'E72F6419A6E605D831CF8FB5B4E13AF53F1F9EF02E9DD21919AB62B07AEAA093'O } } } } } } }, macDestinationAddress := 'FFFFFFFFFFFF'O, ssp := '00000001111111111111111111111111'B, its_aid := 37 } id 5
14:26:09.282877 Receive operation on port geoNetworkingPort succeeded, message from system(): @LibItsGeoNetworking_TypesAndValues.GeoNetworkingInd: { msgIn := { basicHeader := { version := 1, nextHeader := e_securedPacket (2), reserved := 0, lifeTime := { multiplier := 6, ltBase := e_10s (2) }, routerHopLimit := 1 }, gnPacket := { packet := { commonHeader := { nextHeader := e_btpB (2), reserved := 0, headerTST := { tsbHdr := { headerType := e_topologicallyScopedBroadcast (5), headerSubType := e_singleHop (0) } }, trafficClass := { scf := e_scfDisabled (0), channelOffload := e_choffDisabled (0), tcId := 0 }, flags := '10000000'B, plLength := 30, maxHopLimit := 1, reserved2 := 0 }, extendedHeader := { shbHeader := { srcPosVector := { gnAddr := { typeOfAddress := e_initial (0), stationType := e_unknown (0), reserved := 0, mid := '020000000001'O }, timestamp_ := 3422603142, latitude := 520000000, longitude := 130000000, pai := '0'B, speed := 0, heading := 0 }, reserved := 0 } }, payload := '07D1000002020000002A0000005A946F600E612ED01FFFFFFC23B7743E80'O }, securedMsg := { protocolVersion := 3, content := { signedData := { hashId := sha256 (0), tbsData := { payload := { data := { protocolVersion := 3, content := { unsecuredData := '20500080001E01000000020000000001CC00C7861EFE920007BFA480000000000000000007D1000002020000002A0000005A946F600E612ED01FFFFFFC23B7743E80'O } }, extDataHash := omit, omitted := omit }, headerInfo := { psid := 36, generationTime := 716387174278648, expiryTime := omit, generationLocation := omit, p2pcdLearningRequest := omit, missingCrlIdentifier := omit, encryptionKey := omit, inlineP2pcdRequest := omit, requestedCertificate := omit, pduFunctionalType := omit, contributedExtensions := omit } }, signer := { certificate := { { version := 3, type_ := explicit (0), issuer := { sha256AndDigest := '827C527E1D518974'O }, toBeSigned := { id := { none_ := NULL }, cracaId := '000000'O, crlSeries := 0, validityPeriod := { start_ := 716384398, duration := { hours := 24 } }, region := omit, assuranceLevel := omit, appPermissions := { { psid := 36, ssp := { bitmapSsp := '01FFFC'O } }, { psid := 37, ssp := { bitmapSsp := '01FFFFFF'O } }, { psid := 141, ssp := omit }, { psid := 638, ssp := { bitmapSsp := '01'O } } }, certIssuePermissions := omit, certRequestPermissions := omit, canRequestRollover := omit, encryptionKey := omit, verifyKeyIndicator := { verificationKey := { ecdsaNistP256 := { compressed_y_0 := '5BE8B782049A72E3F51B3DE989F950662B8BED4645F1A09B0285C30732421DA4'O } } }, flags := omit, appExtensions := omit, certIssueExtensions := omit, certRequestExtension := omit }, signature_ := { ecdsaNistP256Signature := { rSig := { x_only := '7EF2BE34648CD26A11A83CE11F4C5C4C3D6F9A77E7FE4FECD4640CF4A1BDD840'O }, sSig := '06C63EBBAF9CAD69168BED4F98C3C18AD4B69FEF6DB569CF82A9868B75F6649D'O } } } } }, signature_ := { ecdsaNistP256Signature := { rSig := { x_only := 'CC35AB4ABBF50BF69E75C362ADF657B3CFC259FB4F280BCC7AA81D83065384B4'O }, sSig := 'F10CC724AFDD90228644694F6CADBEF4DF621F50DA2279F9CC38769908963509'O } } } } } } }, macDestinationAddress := 'FFFFFFFFFFFF'O, ssp := '000000011111111111111100'B, its_aid := 36 } id 4
14:26:09.282905 Message with id 4 was extracted from the queue of geoNetworkingPort.
14:26:09.282913 *** a_default: WARNING: Received an unexpected message ***
14:26:09.282919 Default with id 4 (altstep a_neighbourDefault) has reached a break statement. Skipping current alt statement or receiving operation.
14:26:09.283047 Receive operation on port geoNetworkingPort succeeded, message from system(): @LibItsGeoNetworking_TypesAndValues.GeoNetworkingInd : { msgIn := { basicHeader := { version := 1, nextHeader := e_securedPacket (2), reserved := 0, lifeTime := { multiplier := 6, ltBase := e_10s (2) }, routerHopLimit := 10 }, gnPacket := { packet := { commonHeader := { nextHeader := e_btpB (2), reserved := 0, headerTST := { geoBroadcastHdr := { headerType := e_geoBroadcast (4), headerSubType := e_geoBroadcastCircle (0) } }, trafficClass := { scf := e_scfDisabled (0), channelOffload := e_choffDisabled (0), tcId := 0 }, flags := '10000000'B, plLength := 44, maxHopLimit := 10, reserved2 := 0 }, extendedHeader := { geoBroadcastHeader := { seqNumber := 0, reserved := 0, srcPosVector := { gnAddr := { typeOfAddress := e_initial (0), stationType := e_unknown (0), reserved := 0, mid := '020000000001'O }, timestamp_ := 3422603142, latitude := 520000000, longitude := 130000000, pai := '0'B, speed := 0, heading := 0 }, geoAreaPosLatitude := 520000000, geoAreaPosLongitude := 130000000, distanceA := 500, distanceB := 0, angle := 0, reserved2 := 0 } }, payload := '07D2000002010000002A0000000015000094D98018F0C53660063C354A37B0073097680FFFFFFE11DBBA1F00'O }, securedMsg := { protocolVersion := 3, content := { signedData := { hashId := sha256 (0), tbsData := { payload := { data := { protocolVersion := 3, content := { unsecuredData := '20400080002C0A00000000000000020000000001CC00C7861EFE920007BFA480000000001EFE920007BFA48001F400000000000007D2000002010000002A0000000015000094D98018F0C53660063C354A37B0073097680FFFFFFE11DBBA1F00'O } }, extDataHash := omit, omitted := omit }, headerInfo := { psid := 37, generationTime := 716387174278648, expiryTime := omit, generationLocation := { latitude := 520000000, longitude := 130000000, elevation := 4096 }, p2pcdLearningRequest := omit, missingCrlIdentifier := omit, encryptionKey := omit, inlineP2pcdRequest := omit, requestedCertificate := omit, pduFunctionalType := omit, contributedExtensions := omit } }, signer := { certificate := { { version := 3, type_ := explicit (0), issuer := { sha256AndDigest := '827C527E1D518974'O }, toBeSigned := { id := { none_ := NULL }, cracaId := '000000'O, crlSeries := 0, validityPeriod := { start_ := 716384398, duration := { hours := 24 } }, region := omit, assuranceLevel := omit, appPermissions := { { psid := 36, ssp := { bitmapSsp := '01FFFC'O } }, { psid := 37, ssp := { bitmapSsp := '01FFFFFF'O } }, { psid := 141, ssp := omit }, { psid := 638, ssp := { bitmapSsp := '01'O } } }, certIssuePermissions := omit, certRequestPermissions := omit, canRequestRollover := omit, encryptionKey := omit, verifyKeyIndicator := { verificationKey := { ecdsaNistP256 := { compressed_y_0 := '5BE8B782049A72E3F51B3DE989F950662B8BED4645F1A09B0285C30732421DA4'O } } }, flags := omit, appExtensions := omit, certIssueExtensions := omit, certRequestExtension := omit }, signature_ := { ecdsaNistP256Signature := { rSig := { x_only := '7EF2BE34648CD26A11A83CE11F4C5C4C3D6F9A77E7FE4FECD4640CF4A1BDD840'O }, sSig := '06C63EBBAF9CAD69168BED4F98C3C18AD4B69FEF6DB569CF82A9868B75F6649D'O } } } } }, signature_ := { ecdsaNistP256Signature := { rSig := { x_only := 'FA765388750B6331FDEDAD6880CBBBE21BF04EC60A988A4CB584C13920B30484'O }, sSig := 'E72F6419A6E605D831CF8FB5B4E13AF53F1F9EF02E9DD21919AB62B07AEAA093'O } } } } } } }, macDestinationAddress := 'FFFFFFFFFFFF'O, ssp := '00000001111111111111111111111111'B, its_aid := 37 } id 5
14:26:09.283066 Message with id 5 was extracted from the queue of geoNetworkingPort.
14:26:09.283086 Stop timer tc_ac: 30 s
14:26:09.283099 *** TC_SEC_ITSS_SND_DENM_02_BV: PASS: Correct secured packet received
14:26:09.283106 setverdict(pass): none -> pass
14:26:09.283174 **** f_selfSync: Successfully passed TEST BODY synchronization point. ****
14:26:09.283184 Starting function fb_secCancelDenmEvent() on component DENM Trigger(4).
14:26:09.283474 Function was started.
14:26:09.284942 PTC with component reference 4 is done.
14:26:09.284981 Killing PTC with component reference 4.
14:26:09.285616 PTC with component reference 4 is killed.
14:26:09.285670 Sent on acPort to system @LibItsGeoNetworking_TypesAndValues.AcGnPrimitive : { stopBeaconing := { } }
14:26:09.285685 Default with id 4 (altstep a_neighbourDefault) was deactivated.
14:26:09.285704 Sent on acPort to system @LibItsCommon_TypesAndValues.AcSecPrimitive : { acDisableSecurity := { disable := true } }
14:26:09.285713 Message enqueued on acPort from system @LibItsCommon_TypesAndValues.AdapterControlResults : { acSecResponse := true } id 2
14:26:09.285723 Start timer tc_ac: 30 s
14:26:09.285739 Receive operation on port acPort succeeded, message from system(): @LibItsCommon_TypesAndValues.AdapterControlResults : { acSecResponse := true } id 2
14:26:09.285748 Message with id 2 was extracted from the queue of acPort.
14:26:09.285754 Stop timer tc_ac: 30 s
14:26:09.285762 Unmapping port mtc:acPort from system:acPort.
14:26:09.285990 Port acPort was unmapped from system:acPort.
14:26:09.286210 Unmap operation of mtc:acPort from system:acPort finished.
14:26:09.286230 Unmapping port mtc:utPort from system:utPort.
14:26:09.286335 Port utPort was unmapped from system:utPort.
14:26:09.286546 Unmap operation of mtc:utPort from system:utPort finished.
14:26:09.286589 Unmapping port mtc:geoNetworkingPort from system:geoNetworkingPort.
14:26:09.286724 Port geoNetworkingPort was unmapped from system:geoNetworkingPort.
14:26:09.286825 Unmap operation of mtc:geoNetworkingPort from system:geoNetworkingPort finished.
14:26:09.286837 Disconnecting ports mtc:syncSendPort and mtc:syncPort.
14:26:09.286936 Port syncSendPort has terminated the connection with local port syncPort.
14:26:09.286946 Port syncPort has terminated the connection with local port syncSendPort.
14:26:09.287148 Disconnect operation on mtc:syncSendPort and mtc:syncPort finished.
14:26:09.287191 Terminating component type LibItsGeoNetworking_TestSystem.ItsGeoNetworking.
14:26:09.287201 Default with id 1 (altstep a_cf01Down) was deactivated.
14:26:09.287209 Default with id 2 (altstep a_default) was deactivated.
14:26:09.287214 Default with id 3 (altstep a_utDefault) was deactivated.
14:26:09.287219 Port syncSendPort was stopped.
14:26:09.287227 Port syncPort was stopped.
14:26:09.287232 Port utPort was stopped.
14:26:09.287237 Port acPort was stopped.
14:26:09.287242 Port geoNetworkingPort was stopped.
14:26:09.287247 Component type LibItsGeoNetworking_TestSystem.ItsGeoNetworking was shut down inside testcase TC_SEC_ITSS_SND_DENM_02_BV.
14:26:09.287255 Waiting for PTCs to finish.
14:26:09.287420 Setting final verdict of the test case.
14:26:09.287459 Local verdict of MTC: pass
14:26:09.287476 Local verdict of PTC DENM Trigger(4): none (pass -> pass)
14:26:09.287491 Test case TC_SEC_ITSS_SND_DENM_02_BV finished. Verdict: pass
14:26:09.287701 Executing test case TC_SEC_ITSS_SND_DENM_03_BV in module ItsSecurity_TestCases.
14:26:09.287846 Test case TC_SEC_ITSS_SND_DENM_03_BV started.
14:26:09.287862 Initializing variables, timers and ports of component type LibItsGeoNetworking_TestSystem.ItsGeoNetworking inside testcase TC_SEC_ITSS_SND_DENM_03_BV.
14:26:09.287932 Port syncSendPort was started.
14:26:09.287941 Port syncPort was started.
14:26:09.287962 Port utPort was started.
14:26:09.287968 Port acPort was started.
14:26:09.287973 Port geoNetworkingPort was started.
14:26:09.287978 Component type LibItsGeoNetworking_TestSystem.ItsGeoNetworking was initialized.
14:26:09.287987 Mapping port mtc:acPort to system:acPort.
14:26:09.288224 Port acPort was mapped to system:acPort.
14:26:09.288469 Map operation of mtc:acPort to system:acPort finished.
14:26:09.288510 Mapping port mtc:utPort to system:utPort.
14:26:09.288922 Port utPort was mapped to system:utPort.
14:26:09.289149 Map operation of mtc:utPort to system:utPort finished.
14:26:09.289170 Mapping port mtc:geoNetworkingPort to system:geoNetworkingPort.
14:26:09.289669 security_services_its::setup: Already done
14:26:09.289777 Port geoNetworkingPort was mapped to system:geoNetworkingPort.
14:26:09.290181 Map operation of mtc:geoNetworkingPort to system:geoNetworkingPort finished.
14:26:09.290244 Connecting ports mtc:syncSendPort and mtc:syncPort.
14:26:09.290650 Port syncPort has established the connection with local port syncSendPort.
14:26:09.290699 Port syncSendPort has established the connection with local port syncPort.
14:26:09.291024 Connect operation on mtc:syncSendPort and mtc:syncPort finished.
14:26:09.291081 Altstep a_cf01Down was activated as default, id 1
14:26:09.291122 security_services_its::setup: Already done
14:26:09.291339 Selected issuer: '99B8BAAD5A396D5F'O
14:26:09.291551 Sent on utPort to system @LibItsGeoNetworking_TypesAndValues.UtGnInitialize : { hashedId8 := '6A96F4C09905CF42'O }
14:26:09.293368 Message enqueued on utPort from system @LibItsGeoNetworking_TypesAndValues.UtGnResults : { utGnInitializeResult := true } id 1
14:26:09.293429 Start timer tc_wait: 120 s
14:26:09.293460 Receive operation on port utPort succeeded, message from system(): @LibItsGeoNetworking_TypesAndValues.UtGnResults : { utGnInitializeResult := true } id 1
14:26:09.293473 Message with id 1 was extracted from the queue of utPort.
14:26:09.293481 Stop timer tc_wait: 120 s
14:26:09.293491 *** f_utInitializeIut: INFO: IUT initialized ***
14:26:09.293500 Start timer t: 1 s
14:26:09.391569 security_services_its::process_ieee_1609_dot2_signed_data: generation time check 716387174390084 / 716387169391568, delta = 4998516.000000, comp = 0
14:26:09.392250 Message enqueued on geoNetworkingPort from system @LibItsGeoNetworking_TypesAndValues.GeoNetworkingInd : { msgIn := { basicHeader := { version := 1, nextHeader := e_securedPacket (2), reserved := 0, lifeTime := { multiplier := 6, ltBase := e_10s (2) }, routerHopLimit := 1 }, gnPacket := { packet := { commonHeader := { nextHeader := e_btpB (2), reserved := 0, headerTST := { tsbHdr := { headerType := e_topologicallyScopedBroadcast (5), headerSubType := e_singleHop (0) } }, trafficClass := { scf := e_scfDisabled (0), channelOffload := e_choffDisabled (0), tcId := 0 }, flags := '10000000'B, plLength := 30, maxHopLimit := 1, reserved2 := 0 }, extendedHeader := { shbHeader := { srcPosVector := { gnAddr := { typeOfAddress := e_initial (0), stationType := e_unknown (0), reserved := 0, mid := '020000000001'O }, timestamp_ := 3422603254, latitude := 520000000, longitude := 130000000, pai := '0'B, speed := 0, heading := 0 }, reserved := 0 } }, payload := '07D1000002020000002A0000005A946F600E612ED01FFFFFFC23B7743E80'O }, securedMsg := { protocolVersion := 3, content := { signedData := { hashId := sha256 (0), tbsData := { payload := { data := { protocolVersion := 3, content := { unsecuredData := '20500080001E01000000020000000001CC00C7F61EFE920007BFA480000000000000000007D1000002020000002A0000005A946F600E612ED01FFFFFFC23B7743E80'O } }, extDataHash := omit, omitted := omit }, headerInfo := { psid := 36, generationTime := 716387174390084, expiryTime := omit, generationLocation := omit, p2pcdLearningRequest := omit, missingCrlIdentifier := omit, encryptionKey := omit, inlineP2pcdRequest := omit, requestedCertificate := omit, pduFunctionalType := omit, contributedExtensions := omit } }, signer := { certificate := { { version := 3, type_ := explicit (0), issuer := { sha256AndDigest := '827C527E1D518974'O }, toBeSigned := { id := { none_ := NULL }, cracaId := '000000'O, crlSeries := 0, validityPeriod := { start_ := 716384398, duration := { hours := 24 } }, region := omit, assuranceLevel := omit, appPermissions := { { psid := 36, ssp := { bitmapSsp := '01FFFC'O } }, { psid := 37, ssp := { bitmapSsp := '01FFFFFF'O } }, { psid := 141, ssp := omit }, { psid := 638, ssp := { bitmapSsp := '01'O } } }, certIssuePermissions := omit, certRequestPermissions := omit, canRequestRollover := omit, encryptionKey := omit, verifyKeyIndicator := { verificationKey := { ecdsaNistP256 := { compressed_y_0 := '5BE8B782049A72E3F51B3DE989F950662B8BED4645F1A09B0285C30732421DA4'O } } }, flags := omit, appExtensions := omit, certIssueExtensions := omit, certRequestExtension := omit }, signature_ := { ecdsaNistP256Signature := { rSig := { x_only := '7EF2BE34648CD26A11A83CE11F4C5C4C3D6F9A77E7FE4FECD4640CF4A1BDD840'O }, sSig := '06C63EBBAF9CAD69168BED4F98C3C18AD4B69FEF6DB569CF82A9868B75F6649D'O } } } } }, signature_ := { ecdsaNistP256Signature := { rSig := { x_only := 'D5D843211E44F2D473004F84A417378A26E85823D8545BDB085D10E3ACD76654'O }, sSig := '839DD6F1FD985A135ADD1B62C0AE666F7502C6C9E61C179669D157E6445F1431'O } } } } } } }, macDestinationAddress := 'FFFFFFFFFFFF'O, ssp := '000000011111111111111100'B, its_aid := 36 } id 1
14:26:10.293757 Timeout t: 1 s
14:26:10.293864 Sent on acPort to system @LibItsGeoNetworking_TypesAndValues.AcGnPrimitive : { getLongPosVector := { gnAddress := { typeOfAddress := e_initial (0), stationType := e_unknown (0), reserved := 0, mid := '020000000001'O } } }
14:26:10.293881 Message enqueued on acPort from system @LibItsGeoNetworking_TypesAndValues.AcGnResponse : { getLongPosVector := { gnAddr := { typeOfAddress := e_initial (0), stationType := e_unknown (0), reserved := 0, mid := '020000000001'O }, timestamp_ := 0, latitude := 520000000, longitude := 130000000, pai := '0'B, speed := 0, heading := 0 } } id 1
14:26:10.293891 Start timer tc_ac: 30 s
14:26:10.293913 Receive operation on port acPort succeeded, message from system(): @LibItsGeoNetworking_TypesAndValues.AcGnResponse : { getLongPosVector := { gnAddr := { typeOfAddress := e_initial (0), stationType := e_unknown (0), reserved := 0, mid := '020000000001'O }, timestamp_ := 0, latitude := 520000000, longitude := 130000000, pai := '0'B, speed := 0, heading := 0 } } id 1
14:26:10.293919 Message with id 1 was extracted from the queue of acPort.
14:26:10.293924 Stop timer tc_ac: 30 s
14:26:10.293984 Altstep a_default was activated as default, id 2
14:26:10.293990 Altstep a_utDefault was activated as default, id 3
14:26:10.293993 Altstep a_neighbourDefault was activated as default, id 4
14:26:10.294116 Sent on acPort to system @LibItsGeoNetworking_TypesAndValues.AcGnPrimitive : { startBeaconing := { beaconPacket := { basicHeader := { version := 1, nextHeader := e_commonHeader (1), reserved := 0, lifeTime := { multiplier := 10, ltBase := e_100s (3) }, routerHopLimit := 1 }, gnPacket := { packet := { commonHeader := { nextHeader := e_any (0), reserved := 0, headerTST := { beaconHdr := { headerType := e_beacon (1), headerSubType := 0 } }, trafficClass := { scf := e_scfEnabled (1), channelOffload := e_choffDisabled (0), tcId := 0 }, flags := '00000000'B, plLength := 0, maxHopLimit := 1, reserved2 := 0 }, extendedHeader := { beaconHeader := { srcPosVector := { gnAddr := { typeOfAddress := e_manual (1), stationType := e_passengerCar (5), reserved := 0, mid := '00000000000B'O }, timestamp_ := 3422598157, latitude := 520020000, longitude := 130000000, pai := '1'B, speed := 0, heading := 0 } } }, payload := omit }, securedMsg := omit } } } }
14:26:10.294405 Start timer t: 1 s
14:26:10.490817 security_services_its::process_ieee_1609_dot2_signed_data: generation time check 716387175489794 / 716387170490816, delta = 4998978.000000, comp = 0
14:26:10.491312 Message enqueued on geoNetworkingPort from system @LibItsGeoNetworking_TypesAndValues.GeoNetworkingInd : { msgIn := { basicHeader := { version := 1, nextHeader := e_securedPacket (2), reserved := 0, lifeTime := { multiplier := 6, ltBase := e_10s (2) }, routerHopLimit := 1 }, gnPacket := { packet := { commonHeader := { nextHeader := e_btpB (2), reserved := 0, headerTST := { tsbHdr := { headerType := e_topologicallyScopedBroadcast (5), headerSubType := e_singleHop (0) } }, trafficClass := { scf := e_scfDisabled (0), channelOffload := e_choffDisabled (0), tcId := 0 }, flags := '10000000'B, plLength := 30, maxHopLimit := 1, reserved2 := 0 }, extendedHeader := { shbHeader := { srcPosVector := { gnAddr := { typeOfAddress := e_initial (0), stationType := e_unknown (0), reserved := 0, mid := '020000000001'O }, timestamp_ := 3422604353, latitude := 520000000, longitude := 130000000, pai := '0'B, speed := 0, heading := 0 }, reserved := 0 } }, payload := '07D1000002020000002A0000005A946F600E612ED01FFFFFFC23B7743E80'O }, securedMsg := { protocolVersion := 3, content := { signedData := { hashId := sha256 (0), tbsData := { payload := { data := { protocolVersion := 3, content := { unsecuredData := '20500080001E01000000020000000001CC00CC411EFE920007BFA480000000000000000007D1000002020000002A0000005A946F600E612ED01FFFFFFC23B7743E80'O } }, extDataHash := omit, omitted := omit }, headerInfo := { psid := 36, generationTime := 716387175489794, expiryTime := omit, generationLocation := omit, p2pcdLearningRequest := omit, missingCrlIdentifier := omit, encryptionKey := omit, inlineP2pcdRequest := omit, requestedCertificate := omit, pduFunctionalType := omit, contributedExtensions := omit } }, signer := { certificate := { { version := 3, type_ := explicit (0), issuer := { sha256AndDigest := '827C527E1D518974'O }, toBeSigned := { id := { none_ := NULL }, cracaId := '000000'O, crlSeries := 0, validityPeriod := { start_ := 716384398, duration := { hours := 24 } }, region := omit, assuranceLevel := omit, appPermissions := { { psid := 36, ssp := { bitmapSsp := '01FFFC'O } }, { psid := 37, ssp := { bitmapSsp := '01FFFFFF'O } }, { psid := 141, ssp := omit }, { psid := 638, ssp := { bitmapSsp := '01'O } } }, certIssuePermissions := omit, certRequestPermissions := omit, canRequestRollover := omit, encryptionKey := omit, verifyKeyIndicator := { verificationKey := { ecdsaNistP256 := { compressed_y_0 := '5BE8B782049A72E3F51B3DE989F950662B8BED4645F1A09B0285C30732421DA4'O } } }, flags := omit, appExtensions := omit, certIssueExtensions := omit, certRequestExtension := omit }, signature_ := { ecdsaNistP256Signature := { rSig := { x_only := '7EF2BE34648CD26A11A83CE11F4C5C4C3D6F9A77E7FE4FECD4640CF4A1BDD840'O }, sSig := '06C63EBBAF9CAD69168BED4F98C3C18AD4B69FEF6DB569CF82A9868B75F6649D'O } } } } }, signature_ := { ecdsaNistP256Signature := { rSig := { x_only := '3B2F740F954DD74D54818B38AE66798D1191EEC225E39FE98BF6EC07E7077DDF'O }, sSig := 'C703715413B34BAC80C38C20E3EAE3D33F4689C9B5D5823679517F2171BEBF2C'O } } } } } } }, macDestinationAddress := 'FFFFFFFFFFFF'O, ssp := '000000011111111111111100'B, its_aid := 36 } id 2
14:26:11.294435 Timeout t: 1 s
14:26:11.294501 Start timer t: 0.5 s
14:26:11.294683 Receive operation on port geoNetworkingPort succeeded, message from system(): @LibItsGeoNetworking_TypesAndValues.GeoNetworkingInd: { msgIn := { basicHeader := { version := 1, nextHeader := e_securedPacket (2), reserved := 0, lifeTime := { multiplier := 6, ltBase := e_10s (2) }, routerHopLimit := 1 }, gnPacket := { packet := { commonHeader := { nextHeader := e_btpB (2), reserved := 0, headerTST := { tsbHdr := { headerType := e_topologicallyScopedBroadcast (5), headerSubType := e_singleHop (0) } }, trafficClass := { scf := e_scfDisabled (0), channelOffload := e_choffDisabled (0), tcId := 0 }, flags := '10000000'B, plLength := 30, maxHopLimit := 1, reserved2 := 0 }, extendedHeader := { shbHeader := { srcPosVector := { gnAddr := { typeOfAddress := e_initial (0), stationType := e_unknown (0), reserved := 0, mid := '020000000001'O }, timestamp_ := 3422603254, latitude := 520000000, longitude := 130000000, pai := '0'B, speed := 0, heading := 0 }, reserved := 0 } }, payload := '07D1000002020000002A0000005A946F600E612ED01FFFFFFC23B7743E80'O }, securedMsg := { protocolVersion := 3, content := { signedData := { hashId := sha256 (0), tbsData := { payload := { data := { protocolVersion := 3, content := { unsecuredData := '20500080001E01000000020000000001CC00C7F61EFE920007BFA480000000000000000007D1000002020000002A0000005A946F600E612ED01FFFFFFC23B7743E80'O } }, extDataHash := omit, omitted := omit }, headerInfo := { psid := 36, generationTime := 716387174390084, expiryTime := omit, generationLocation := omit, p2pcdLearningRequest := omit, missingCrlIdentifier := omit, encryptionKey := omit, inlineP2pcdRequest := omit, requestedCertificate := omit, pduFunctionalType := omit, contributedExtensions := omit } }, signer := { certificate := { { version := 3, type_ := explicit (0), issuer := { sha256AndDigest := '827C527E1D518974'O }, toBeSigned := { id := { none_ := NULL }, cracaId := '000000'O, crlSeries := 0, validityPeriod := { start_ := 716384398, duration := { hours := 24 } }, region := omit, assuranceLevel := omit, appPermissions := { { psid := 36, ssp := { bitmapSsp := '01FFFC'O } }, { psid := 37, ssp := { bitmapSsp := '01FFFFFF'O } }, { psid := 141, ssp := omit }, { psid := 638, ssp := { bitmapSsp := '01'O } } }, certIssuePermissions := omit, certRequestPermissions := omit, canRequestRollover := omit, encryptionKey := omit, verifyKeyIndicator := { verificationKey := { ecdsaNistP256 := { compressed_y_0 := '5BE8B782049A72E3F51B3DE989F950662B8BED4645F1A09B0285C30732421DA4'O } } }, flags := omit, appExtensions := omit, certIssueExtensions := omit, certRequestExtension := omit }, signature_ := { ecdsaNistP256Signature := { rSig := { x_only := '7EF2BE34648CD26A11A83CE11F4C5C4C3D6F9A77E7FE4FECD4640CF4A1BDD840'O }, sSig := '06C63EBBAF9CAD69168BED4F98C3C18AD4B69FEF6DB569CF82A9868B75F6649D'O } } } } }, signature_ := { ecdsaNistP256Signature := { rSig := { x_only := 'D5D843211E44F2D473004F84A417378A26E85823D8545BDB085D10E3ACD76654'O }, sSig := '839DD6F1FD985A135ADD1B62C0AE666F7502C6C9E61C179669D157E6445F1431'O } } } } } } }, macDestinationAddress := 'FFFFFFFFFFFF'O, ssp := '000000011111111111111100'B, its_aid := 36 } id 1
14:26:11.294713 Message with id 1 was extracted from the queue of geoNetworkingPort.
14:26:11.294719 *** a_default: WARNING: Received an unexpected message ***
14:26:11.294722 Default with id 4 (altstep a_neighbourDefault) has reached a break statement. Skipping current alt statement or receiving operation.
14:26:11.294804 Receive operation on port geoNetworkingPort succeeded, message from system(): @LibItsGeoNetworking_TypesAndValues.GeoNetworkingInd: { msgIn := { basicHeader := { version := 1, nextHeader := e_securedPacket (2), reserved := 0, lifeTime := { multiplier := 6, ltBase := e_10s (2) }, routerHopLimit := 1 }, gnPacket := { packet := { commonHeader := { nextHeader := e_btpB (2), reserved := 0, headerTST := { tsbHdr := { headerType := e_topologicallyScopedBroadcast (5), headerSubType := e_singleHop (0) } }, trafficClass := { scf := e_scfDisabled (0), channelOffload := e_choffDisabled (0), tcId := 0 }, flags := '10000000'B, plLength := 30, maxHopLimit := 1, reserved2 := 0 }, extendedHeader := { shbHeader := { srcPosVector := { gnAddr := { typeOfAddress := e_initial (0), stationType := e_unknown (0), reserved := 0, mid := '020000000001'O }, timestamp_ := 3422604353, latitude := 520000000, longitude := 130000000, pai := '0'B, speed := 0, heading := 0 }, reserved := 0 } }, payload := '07D1000002020000002A0000005A946F600E612ED01FFFFFFC23B7743E80'O }, securedMsg := { protocolVersion := 3, content := { signedData := { hashId := sha256 (0), tbsData := { payload := { data := { protocolVersion := 3, content := { unsecuredData := '20500080001E01000000020000000001CC00CC411EFE920007BFA480000000000000000007D1000002020000002A0000005A946F600E612ED01FFFFFFC23B7743E80'O } }, extDataHash := omit, omitted := omit }, headerInfo := { psid := 36, generationTime := 716387175489794, expiryTime := omit, generationLocation := omit, p2pcdLearningRequest := omit, missingCrlIdentifier := omit, encryptionKey := omit, inlineP2pcdRequest := omit, requestedCertificate := omit, pduFunctionalType := omit, contributedExtensions := omit } }, signer := { certificate := { { version := 3, type_ := explicit (0), issuer := { sha256AndDigest := '827C527E1D518974'O }, toBeSigned := { id := { none_ := NULL }, cracaId := '000000'O, crlSeries := 0, validityPeriod := { start_ := 716384398, duration := { hours := 24 } }, region := omit, assuranceLevel := omit, appPermissions := { { psid := 36, ssp := { bitmapSsp := '01FFFC'O } }, { psid := 37, ssp := { bitmapSsp := '01FFFFFF'O } }, { psid := 141, ssp := omit }, { psid := 638, ssp := { bitmapSsp := '01'O } } }, certIssuePermissions := omit, certRequestPermissions := omit, canRequestRollover := omit, encryptionKey := omit, verifyKeyIndicator := { verificationKey := { ecdsaNistP256 := { compressed_y_0 := '5BE8B782049A72E3F51B3DE989F950662B8BED4645F1A09B0285C30732421DA4'O } } }, flags := omit, appExtensions := omit, certIssueExtensions := omit, certRequestExtension := omit }, signature_ := { ecdsaNistP256Signature := { rSig := { x_only := '7EF2BE34648CD26A11A83CE11F4C5C4C3D6F9A77E7FE4FECD4640CF4A1BDD840'O }, sSig := '06C63EBBAF9CAD69168BED4F98C3C18AD4B69FEF6DB569CF82A9868B75F6649D'O } } } } }, signature_ := { ecdsaNistP256Signature := { rSig := { x_only := '3B2F740F954DD74D54818B38AE66798D1191EEC225E39FE98BF6EC07E7077DDF'O }, sSig := 'C703715413B34BAC80C38C20E3EAE3D33F4689C9B5D5823679517F2171BEBF2C'O } } } } } } }, macDestinationAddress := 'FFFFFFFFFFFF'O, ssp := '000000011111111111111100'B, its_aid := 36 } id 2
14:26:11.294814 Message with id 2 was extracted from the queue of geoNetworkingPort.
14:26:11.294817 *** a_default: WARNING: Received an unexpected message ***
14:26:11.294819 Default with id 4 (altstep a_neighbourDefault) has reached a break statement. Skipping current alt statement or receiving operation.
14:26:11.491882 security_services_its::process_ieee_1609_dot2_signed_data: generation time check 716387176490018 / 716387171491881, delta = 4998137.000000, comp = 0
14:26:11.492679 Message enqueued on geoNetworkingPort from system @LibItsGeoNetworking_TypesAndValues.GeoNetworkingInd : { msgIn := { basicHeader := { version := 1, nextHeader := e_securedPacket (2), reserved := 0, lifeTime := { multiplier := 6, ltBase := e_10s (2) }, routerHopLimit := 1 }, gnPacket := { packet := { commonHeader := { nextHeader := e_btpB (2), reserved := 0, headerTST := { tsbHdr := { headerType := e_topologicallyScopedBroadcast (5), headerSubType := e_singleHop (0) } }, trafficClass := { scf := e_scfDisabled (0), channelOffload := e_choffDisabled (0), tcId := 0 }, flags := '10000000'B, plLength := 30, maxHopLimit := 1, reserved2 := 0 }, extendedHeader := { shbHeader := { srcPosVector := { gnAddr := { typeOfAddress := e_initial (0), stationType := e_unknown (0), reserved := 0, mid := '020000000001'O }, timestamp_ := 3422605354, latitude := 520000000, longitude := 130000000, pai := '0'B, speed := 0, heading := 0 }, reserved := 0 } }, payload := '07D1000002020000002A0000005A946F600E612ED01FFFFFFC23B7743E80'O }, securedMsg := { protocolVersion := 3, content := { signedData := { hashId := sha256 (0), tbsData := { payload := { data := { protocolVersion := 3, content := { unsecuredData := '20500080001E01000000020000000001CC00D02A1EFE920007BFA480000000000000000007D1000002020000002A0000005A946F600E612ED01FFFFFFC23B7743E80'O } }, extDataHash := omit, omitted := omit }, headerInfo := { psid := 36, generationTime := 716387176490018, expiryTime := omit, generationLocation := omit, p2pcdLearningRequest := omit, missingCrlIdentifier := omit, encryptionKey := omit, inlineP2pcdRequest := omit, requestedCertificate := omit, pduFunctionalType := omit, contributedExtensions := omit } }, signer := { certificate := { { version := 3, type_ := explicit (0), issuer := { sha256AndDigest := '827C527E1D518974'O }, toBeSigned := { id := { none_ := NULL }, cracaId := '000000'O, crlSeries := 0, validityPeriod := { start_ := 716384398, duration := { hours := 24 } }, region := omit, assuranceLevel := omit, appPermissions := { { psid := 36, ssp := { bitmapSsp := '01FFFC'O } }, { psid := 37, ssp := { bitmapSsp := '01FFFFFF'O } }, { psid := 141, ssp := omit }, { psid := 638, ssp := { bitmapSsp := '01'O } } }, certIssuePermissions := omit, certRequestPermissions := omit, canRequestRollover := omit, encryptionKey := omit, verifyKeyIndicator := { verificationKey := { ecdsaNistP256 := { compressed_y_0 := '5BE8B782049A72E3F51B3DE989F950662B8BED4645F1A09B0285C30732421DA4'O } } }, flags := omit, appExtensions := omit, certIssueExtensions := omit, certRequestExtension := omit }, signature_ := { ecdsaNistP256Signature := { rSig := { x_only := '7EF2BE34648CD26A11A83CE11F4C5C4C3D6F9A77E7FE4FECD4640CF4A1BDD840'O }, sSig := '06C63EBBAF9CAD69168BED4F98C3C18AD4B69FEF6DB569CF82A9868B75F6649D'O } } } } }, signature_ := { ecdsaNistP256Signature := { rSig := { x_only := 'E5AC8960019BE781292C769049D653E02A41DB0CDF8DABCD53D9E3F6FE17C49E'O }, sSig := 'C6195910B93688B6E723992D3FFA8345E171CE0FEFFC9CBDCA00D6F335B814D7'O } } } } } } }, macDestinationAddress := 'FFFFFFFFFFFF'O, ssp := '000000011111111111111100'B, its_aid := 36 } id 3
14:26:11.493018 Receive operation on port geoNetworkingPort succeeded, message from system(): @LibItsGeoNetworking_TypesAndValues.GeoNetworkingInd: { msgIn := { basicHeader := { version := 1, nextHeader := e_securedPacket (2), reserved := 0, lifeTime := { multiplier := 6, ltBase := e_10s (2) }, routerHopLimit := 1 }, gnPacket := { packet := { commonHeader := { nextHeader := e_btpB (2), reserved := 0, headerTST := { tsbHdr := { headerType := e_topologicallyScopedBroadcast (5), headerSubType := e_singleHop (0) } }, trafficClass := { scf := e_scfDisabled (0), channelOffload := e_choffDisabled (0), tcId := 0 }, flags := '10000000'B, plLength := 30, maxHopLimit := 1, reserved2 := 0 }, extendedHeader := { shbHeader := { srcPosVector := { gnAddr := { typeOfAddress := e_initial (0), stationType := e_unknown (0), reserved := 0, mid := '020000000001'O }, timestamp_ := 3422605354, latitude := 520000000, longitude := 130000000, pai := '0'B, speed := 0, heading := 0 }, reserved := 0 } }, payload := '07D1000002020000002A0000005A946F600E612ED01FFFFFFC23B7743E80'O }, securedMsg := { protocolVersion := 3, content := { signedData := { hashId := sha256 (0), tbsData := { payload := { data := { protocolVersion := 3, content := { unsecuredData := '20500080001E01000000020000000001CC00D02A1EFE920007BFA480000000000000000007D1000002020000002A0000005A946F600E612ED01FFFFFFC23B7743E80'O } }, extDataHash := omit, omitted := omit }, headerInfo := { psid := 36, generationTime := 716387176490018, expiryTime := omit, generationLocation := omit, p2pcdLearningRequest := omit, missingCrlIdentifier := omit, encryptionKey := omit, inlineP2pcdRequest := omit, requestedCertificate := omit, pduFunctionalType := omit, contributedExtensions := omit } }, signer := { certificate := { { version := 3, type_ := explicit (0), issuer := { sha256AndDigest := '827C527E1D518974'O }, toBeSigned := { id := { none_ := NULL }, cracaId := '000000'O, crlSeries := 0, validityPeriod := { start_ := 716384398, duration := { hours := 24 } }, region := omit, assuranceLevel := omit, appPermissions := { { psid := 36, ssp := { bitmapSsp := '01FFFC'O } }, { psid := 37, ssp := { bitmapSsp := '01FFFFFF'O } }, { psid := 141, ssp := omit }, { psid := 638, ssp := { bitmapSsp := '01'O } } }, certIssuePermissions := omit, certRequestPermissions := omit, canRequestRollover := omit, encryptionKey := omit, verifyKeyIndicator := { verificationKey := { ecdsaNistP256 := { compressed_y_0 := '5BE8B782049A72E3F51B3DE989F950662B8BED4645F1A09B0285C30732421DA4'O } } }, flags := omit, appExtensions := omit, certIssueExtensions := omit, certRequestExtension := omit }, signature_ := { ecdsaNistP256Signature := { rSig := { x_only := '7EF2BE34648CD26A11A83CE11F4C5C4C3D6F9A77E7FE4FECD4640CF4A1BDD840'O }, sSig := '06C63EBBAF9CAD69168BED4F98C3C18AD4B69FEF6DB569CF82A9868B75F6649D'O } } } } }, signature_ := { ecdsaNistP256Signature := { rSig := { x_only := 'E5AC8960019BE781292C769049D653E02A41DB0CDF8DABCD53D9E3F6FE17C49E'O }, sSig := 'C6195910B93688B6E723992D3FFA8345E171CE0FEFFC9CBDCA00D6F335B814D7'O } } } } } } }, macDestinationAddress := 'FFFFFFFFFFFF'O, ssp := '000000011111111111111100'B, its_aid := 36 } id 3
14:26:11.493058 Message with id 3 was extracted from the queue of geoNetworkingPort.
14:26:11.493068 *** a_default: WARNING: Received an unexpected message ***
14:26:11.493076 Default with id 4 (altstep a_neighbourDefault) has reached a break statement. Skipping current alt statement or receiving operation.
14:26:11.794511 Timeout t: 0.5 s
14:26:11.794603 Creating new alive PTC with component type LibItsDenm_TestSystem.ItsDenm, component name: DENM Trigger.
14:26:11.796404 PTC was created. Component reference: 5, alive: yes, type: LibItsDenm_TestSystem.ItsDenm, component name: DENM Trigger.
14:26:11.796444 Starting function fb_secTriggerDenmEvent() on component DENM Trigger(5).
14:26:11.796611 Function was started.
14:26:11.798405 PTC with component reference 5 is done.
14:26:11.798427 **** f_selfSync: Successfully passed PREAMBLE synchronization point. ****
14:26:11.798435 Start timer tc_ac: 30 s
14:26:11.891552 security_services_its::process_ieee_1609_dot2_signed_data: generation time check 716387176890109 / 716387171891551, delta = 4998558.000000, comp = 0
14:26:11.892276 Message enqueued on geoNetworkingPort from system @LibItsGeoNetworking_TypesAndValues.GeoNetworkingInd : { msgIn := { basicHeader := { version := 1, nextHeader := e_securedPacket (2), reserved := 0, lifeTime := { multiplier := 6, ltBase := e_10s (2) }, routerHopLimit := 10 }, gnPacket := { packet := { commonHeader := { nextHeader := e_btpB (2), reserved := 0, headerTST := { geoBroadcastHdr := { headerType := e_geoBroadcast (4), headerSubType := e_geoBroadcastCircle (0) } }, trafficClass := { scf := e_scfDisabled (0), channelOffload := e_choffDisabled (0), tcId := 0 }, flags := '10000000'B, plLength := 44, maxHopLimit := 10, reserved2 := 0 }, extendedHeader := { geoBroadcastHeader := { seqNumber := 0, reserved := 0, srcPosVector := { gnAddr := { typeOfAddress := e_initial (0), stationType := e_unknown (0), reserved := 0, mid := '020000000001'O }, timestamp_ := 3422605754, latitude := 520000000, longitude := 130000000, pai := '0'B, speed := 0, heading := 0 }, geoAreaPosLatitude := 520000000, geoAreaPosLongitude := 130000000, distanceA := 500, distanceB := 0, angle := 0, reserved2 := 0 } }, payload := '07D2000002010000002A0000000015000094D9801A37453660068DD54A37B0073097680FFFFFFE11DBBA1F00'O }, securedMsg := { protocolVersion := 3, content := { signedData := { hashId := sha256 (0), tbsData := { payload := { data := { protocolVersion := 3, content := { unsecuredData := '20400080002C0A00000000000000020000000001CC00D1BA1EFE920007BFA480000000001EFE920007BFA48001F400000000000007D2000002010000002A0000000015000094D9801A37453660068DD54A37B0073097680FFFFFFE11DBBA1F00'O } }, extDataHash := omit, omitted := omit }, headerInfo := { psid := 37, generationTime := 716387176890109, expiryTime := omit, generationLocation := { latitude := 520000000, longitude := 130000000, elevation := 4096 }, p2pcdLearningRequest := omit, missingCrlIdentifier := omit, encryptionKey := omit, inlineP2pcdRequest := omit, requestedCertificate := omit, pduFunctionalType := omit, contributedExtensions := omit } }, signer := { certificate := { { version := 3, type_ := explicit (0), issuer := { sha256AndDigest := '827C527E1D518974'O }, toBeSigned := { id := { none_ := NULL }, cracaId := '000000'O, crlSeries := 0, validityPeriod := { start_ := 716384398, duration := { hours := 24 } }, region := omit, assuranceLevel := omit, appPermissions := { { psid := 36, ssp := { bitmapSsp := '01FFFC'O } }, { psid := 37, ssp := { bitmapSsp := '01FFFFFF'O } }, { psid := 141, ssp := omit }, { psid := 638, ssp := { bitmapSsp := '01'O } } }, certIssuePermissions := omit, certRequestPermissions := omit, canRequestRollover := omit, encryptionKey := omit, verifyKeyIndicator := { verificationKey := { ecdsaNistP256 := { compressed_y_0 := '5BE8B782049A72E3F51B3DE989F950662B8BED4645F1A09B0285C30732421DA4'O } } }, flags := omit, appExtensions := omit, certIssueExtensions := omit, certRequestExtension := omit }, signature_ := { ecdsaNistP256Signature := { rSig := { x_only := '7EF2BE34648CD26A11A83CE11F4C5C4C3D6F9A77E7FE4FECD4640CF4A1BDD840'O }, sSig := '06C63EBBAF9CAD69168BED4F98C3C18AD4B69FEF6DB569CF82A9868B75F6649D'O } } } } }, signature_ := { ecdsaNistP256Signature := { rSig := { x_only := '2AD8B1BC1249617D0652F98B8AF2F440D40E4EA2A1CC5767EC4F45F0585AED42'O }, sSig := '7CF4FF25AF5D37037964E1D1A235017E0E059ED4A99F89D10D2EC0A202B0B95B'O } } } } } } }, macDestinationAddress := 'FFFFFFFFFFFF'O, ssp := '00000001111111111111111111111111'B, its_aid := 37 } id 4
14:26:11.892504 Receive operation on port geoNetworkingPort succeeded, message from system(): @LibItsGeoNetworking_TypesAndValues.GeoNetworkingInd : { msgIn := { basicHeader := { version := 1, nextHeader := e_securedPacket (2), reserved := 0, lifeTime := { multiplier := 6, ltBase := e_10s (2) }, routerHopLimit := 10 }, gnPacket := { packet := { commonHeader := { nextHeader := e_btpB (2), reserved := 0, headerTST := { geoBroadcastHdr := { headerType := e_geoBroadcast (4), headerSubType := e_geoBroadcastCircle (0) } }, trafficClass := { scf := e_scfDisabled (0), channelOffload := e_choffDisabled (0), tcId := 0 }, flags := '10000000'B, plLength := 44, maxHopLimit := 10, reserved2 := 0 }, extendedHeader := { geoBroadcastHeader := { seqNumber := 0, reserved := 0, srcPosVector := { gnAddr := { typeOfAddress := e_initial (0), stationType := e_unknown (0), reserved := 0, mid := '020000000001'O }, timestamp_ := 3422605754, latitude := 520000000, longitude := 130000000, pai := '0'B, speed := 0, heading := 0 }, geoAreaPosLatitude := 520000000, geoAreaPosLongitude := 130000000, distanceA := 500, distanceB := 0, angle := 0, reserved2 := 0 } }, payload := '07D2000002010000002A0000000015000094D9801A37453660068DD54A37B0073097680FFFFFFE11DBBA1F00'O }, securedMsg := { protocolVersion := 3, content := { signedData := { hashId := sha256 (0), tbsData := { payload := { data := { protocolVersion := 3, content := { unsecuredData := '20400080002C0A00000000000000020000000001CC00D1BA1EFE920007BFA480000000001EFE920007BFA48001F400000000000007D2000002010000002A0000000015000094D9801A37453660068DD54A37B0073097680FFFFFFE11DBBA1F00'O } }, extDataHash := omit, omitted := omit }, headerInfo := { psid := 37, generationTime := 716387176890109, expiryTime := omit, generationLocation := { latitude := 520000000, longitude := 130000000, elevation := 4096 }, p2pcdLearningRequest := omit, missingCrlIdentifier := omit, encryptionKey := omit, inlineP2pcdRequest := omit, requestedCertificate := omit, pduFunctionalType := omit, contributedExtensions := omit } }, signer := { certificate := { { version := 3, type_ := explicit (0), issuer := { sha256AndDigest := '827C527E1D518974'O }, toBeSigned := { id := { none_ := NULL }, cracaId := '000000'O, crlSeries := 0, validityPeriod := { start_ := 716384398, duration := { hours := 24 } }, region := omit, assuranceLevel := omit, appPermissions := { { psid := 36, ssp := { bitmapSsp := '01FFFC'O } }, { psid := 37, ssp := { bitmapSsp := '01FFFFFF'O } }, { psid := 141, ssp := omit }, { psid := 638, ssp := { bitmapSsp := '01'O } } }, certIssuePermissions := omit, certRequestPermissions := omit, canRequestRollover := omit, encryptionKey := omit, verifyKeyIndicator := { verificationKey := { ecdsaNistP256 := { compressed_y_0 := '5BE8B782049A72E3F51B3DE989F950662B8BED4645F1A09B0285C30732421DA4'O } } }, flags := omit, appExtensions := omit, certIssueExtensions := omit, certRequestExtension := omit }, signature_ := { ecdsaNistP256Signature := { rSig := { x_only := '7EF2BE34648CD26A11A83CE11F4C5C4C3D6F9A77E7FE4FECD4640CF4A1BDD840'O }, sSig := '06C63EBBAF9CAD69168BED4F98C3C18AD4B69FEF6DB569CF82A9868B75F6649D'O } } } } }, signature_ := { ecdsaNistP256Signature := { rSig := { x_only := '2AD8B1BC1249617D0652F98B8AF2F440D40E4EA2A1CC5767EC4F45F0585AED42'O }, sSig := '7CF4FF25AF5D37037964E1D1A235017E0E059ED4A99F89D10D2EC0A202B0B95B'O } } } } } } }, macDestinationAddress := 'FFFFFFFFFFFF'O, ssp := '00000001111111111111111111111111'B, its_aid := 37 } id 4
14:26:11.892527 Message with id 4 was extracted from the queue of geoNetworkingPort.
14:26:11.892554 Stop timer tc_ac: 30 s
14:26:11.892566 *** TC_SEC_ITSS_SND_DENM_03_BV: PASS: Correct secured packet received
14:26:11.892573 setverdict(pass): none -> pass
14:26:11.892643 **** f_selfSync: Successfully passed TEST BODY synchronization point. ****
14:26:11.892652 Starting function fb_secCancelDenmEvent() on component DENM Trigger(5).
14:26:11.892944 Function was started.
14:26:11.894118 PTC with component reference 5 is done.
14:26:11.894145 Killing PTC with component reference 5.
14:26:11.894746 PTC with component reference 5 is killed.
14:26:11.894802 Sent on acPort to system @LibItsGeoNetworking_TypesAndValues.AcGnPrimitive : { stopBeaconing := { } }
14:26:11.894817 Default with id 4 (altstep a_neighbourDefault) was deactivated.
14:26:11.894836 Sent on acPort to system @LibItsCommon_TypesAndValues.AcSecPrimitive : { acDisableSecurity := { disable := true } }
14:26:11.894845 Message enqueued on acPort from system @LibItsCommon_TypesAndValues.AdapterControlResults : { acSecResponse := true } id 2
14:26:11.894854 Start timer tc_ac: 30 s
14:26:11.894875 Receive operation on port acPort succeeded, message from system(): @LibItsCommon_TypesAndValues.AdapterControlResults : { acSecResponse := true } id 2
14:26:11.894887 Message with id 2 was extracted from the queue of acPort.
14:26:11.894895 Stop timer tc_ac: 30 s
14:26:11.894906 Unmapping port mtc:acPort from system:acPort.
14:26:11.895104 Port acPort was unmapped from system:acPort.
14:26:11.895343 Unmap operation of mtc:acPort from system:acPort finished.
14:26:11.895385 Unmapping port mtc:utPort from system:utPort.
14:26:11.895594 Port utPort was unmapped from system:utPort.
14:26:11.895798 Unmap operation of mtc:utPort from system:utPort finished.
14:26:11.895816 Unmapping port mtc:geoNetworkingPort from system:geoNetworkingPort.
14:26:11.895929 Port geoNetworkingPort was unmapped from system:geoNetworkingPort.
14:26:11.896023 Unmap operation of mtc:geoNetworkingPort from system:geoNetworkingPort finished.
14:26:11.896034 Disconnecting ports mtc:syncSendPort and mtc:syncPort.
14:26:11.896237 Port syncSendPort has terminated the connection with local port syncPort.
14:26:11.896278 Port syncPort has terminated the connection with local port syncSendPort.
14:26:11.896387 Disconnect operation on mtc:syncSendPort and mtc:syncPort finished.
14:26:11.896402 Terminating component type LibItsGeoNetworking_TestSystem.ItsGeoNetworking.
14:26:11.896412 Default with id 1 (altstep a_cf01Down) was deactivated.
14:26:11.896419 Default with id 2 (altstep a_default) was deactivated.
14:26:11.896424 Default with id 3 (altstep a_utDefault) was deactivated.
14:26:11.896430 Port syncSendPort was stopped.
14:26:11.896437 Port syncPort was stopped.
14:26:11.896443 Port utPort was stopped.
14:26:11.896448 Port acPort was stopped.
14:26:11.896452 Port geoNetworkingPort was stopped.
14:26:11.896457 Component type LibItsGeoNetworking_TestSystem.ItsGeoNetworking was shut down inside testcase TC_SEC_ITSS_SND_DENM_03_BV.
14:26:11.896465 Waiting for PTCs to finish.
14:26:11.896616 Setting final verdict of the test case.
14:26:11.896653 Local verdict of MTC: pass
14:26:11.896670 Local verdict of PTC DENM Trigger(5): none (pass -> pass)
14:26:11.896686 Test case TC_SEC_ITSS_SND_DENM_03_BV finished. Verdict: pass
14:26:11.897480 Verdict statistics: 0 none (0.00 %), 7 pass (100.00 %), 0 inconc (0.00 %), 0 fail (0.00 %), 0 error (0.00 %).
14:26:11.897532 Test execution summary: 7 test cases were executed. Overall verdict: pass
14:26:11.897540 Exit was requested from MC. Terminating MTC.
